{
    "macro_roc": 0.7304920850592842,
    "macro_pr": 0.21771590434415442,
    "macro_fl": 0.28488287000743584,
    "avg_macro_f1": 0.5436639945539041,
    "avg_fscore_weighted": 0.894926169552966,
    "tag_wise": {
        "guitar": {
            "roc_auc": 0.7200505806025044,
            "pr_auc": 0.4988486424193286
        },
        "classical": {
            "roc_auc": 0.868622431399975,
            "pr_auc": 0.45624932458907835
        },
        "slow": {
            "roc_auc": 0.4910190375924187,
            "pr_auc": 0.1727287765931695
        },
        "techno": {
            "roc_auc": 0.9215573962843473,
            "pr_auc": 0.6944616614176294
        },
        "strings": {
            "roc_auc": 0.7429613321199404,
            "pr_auc": 0.19483486986700038
        },
        "drums": {
            "roc_auc": 0.6291319292087172,
            "pr_auc": 0.21485263212555775
        },
        "electronic": {
            "roc_auc": 0.8757505297857312,
            "pr_auc": 0.4301123485803428
        },
        "rock": {
            "roc_auc": 0.9011934205176853,
            "pr_auc": 0.7014509392003022
        },
        "fast": {
            "roc_auc": 0.47863203312773284,
            "pr_auc": 0.1133622606592093
        },
        "piano": {
            "roc_auc": 0.883988243474214,
            "pr_auc": 0.72109386683963
        },
        "ambient": {
            "roc_auc": 0.9264848202813559,
            "pr_auc": 0.6406318633396874
        },
        "beat": {
            "roc_auc": 0.8724203132653775,
            "pr_auc": 0.33475839735651336
        },
        "violin": {
            "roc_auc": 0.7333888577487698,
            "pr_auc": 0.09967899513840858
        },
        "vocal": {
            "roc_auc": 0.6448567863874067,
            "pr_auc": 0.18488831487238527
        },
        "synth": {
            "roc_auc": 0.6939545378825738,
            "pr_auc": 0.12982973733784567
        },
        "female": {
            "roc_auc": 0.8826603584195104,
            "pr_auc": 0.5024253613324541
        },
        "indian": {
            "roc_auc": 0.6295038507682186,
            "pr_auc": 0.07550453119960752
        },
        "opera": {
            "roc_auc": 0.8982675642493738,
            "pr_auc": 0.36871056589457796
        },
        "male": {
            "roc_auc": 0.47100754968564706,
            "pr_auc": 0.06476257205850833
        },
        "singing": {
            "roc_auc": 0.69237603019527,
            "pr_auc": 0.1606765864721075
        },
        "vocals": {
            "roc_auc": 0.5306207862709045,
            "pr_auc": 0.08682838820107178
        },
        "no vocals": {
            "roc_auc": 0.5856618546611206,
            "pr_auc": 0.07182791931114686
        },
        "harpsichord": {
            "roc_auc": 0.8724948181863461,
            "pr_auc": 0.16110214730799355
        },
        "loud": {
            "roc_auc": 0.8068931971370996,
            "pr_auc": 0.2622900363595301
        },
        "quiet": {
            "roc_auc": 0.6526946226027613,
            "pr_auc": 0.08875877700595575
        },
        "flute": {
            "roc_auc": 0.7095938064363324,
            "pr_auc": 0.05940943556630211
        },
        "woman": {
            "roc_auc": 0.8083646789953639,
            "pr_auc": 0.2849447758315496
        },
        "male vocal": {
            "roc_auc": 0.37516990670314476,
            "pr_auc": 0.03537246404446332
        },
        "no vocal": {
            "roc_auc": 0.5440858997584541,
            "pr_auc": 0.045418579672223194
        },
        "pop": {
            "roc_auc": 0.8877119271306202,
            "pr_auc": 0.3108004734154239
        },
        "soft": {
            "roc_auc": 0.633197497312296,
            "pr_auc": 0.07771873000708833
        },
        "sitar": {
            "roc_auc": 0.603432531404997,
            "pr_auc": 0.02788890538875946
        },
        "solo": {
            "roc_auc": 0.7793678137532838,
            "pr_auc": 0.10742541748562938
        },
        "man": {
            "roc_auc": 0.5557902911250541,
            "pr_auc": 0.04849421006808834
        },
        "classic": {
            "roc_auc": 0.7926402825029069,
            "pr_auc": 0.07445957094945593
        },
        "choir": {
            "roc_auc": 0.8208496775651031,
            "pr_auc": 0.12971059526710887
        },
        "voice": {
            "roc_auc": 0.6177384113751723,
            "pr_auc": 0.06852178434617825
        },
        "new age": {
            "roc_auc": 0.7375159875458632,
            "pr_auc": 0.08538947172253099
        },
        "dance": {
            "roc_auc": 0.950042775345761,
            "pr_auc": 0.4676692167084215
        },
        "male voice": {
            "roc_auc": 0.4457127837701024,
            "pr_auc": 0.032735683239773786
        },
        "female vocal": {
            "roc_auc": 0.8394939477468839,
            "pr_auc": 0.20099114806217822
        },
        "beats": {
            "roc_auc": 0.8565262697905811,
            "pr_auc": 0.16414248951007024
        },
        "harp": {
            "roc_auc": 0.7820743877034714,
            "pr_auc": 0.07684286979884129
        },
        "cello": {
            "roc_auc": 0.7089285714285715,
            "pr_auc": 0.00780539710606583
        },
        "no voice": {
            "roc_auc": 0.5093506674082313,
            "pr_auc": 0.02575698194842359
        },
        "weird": {
            "roc_auc": 0.7430110242744821,
            "pr_auc": 0.1040603322115898
        },
        "country": {
            "roc_auc": 0.8417315532536613,
            "pr_auc": 0.23752324506551412
        },
        "metal": {
            "roc_auc": 0.941357418679233,
            "pr_auc": 0.5626266175203845
        },
        "female voice": {
            "roc_auc": 0.8461923577881189,
            "pr_auc": 0.15003172750068305
        },
        "choral": {
            "roc_auc": 0.7885309023115179,
            "pr_auc": 0.06938557929193036
        }
    }
}