{
    "roc_auc": 0.8843513609979681,
    "pr_auc": 0.34675772049894965,
    "tag_wise": {
        "rock": {
            "roc_auc": 0.8270017224648092,
            "pr_auc": 0.5067889308596147
        },
        "pop": {
            "roc_auc": 0.8419232021732771,
            "pr_auc": 0.4856229352933205
        },
        "indie": {
            "roc_auc": 0.8767503307201298,
            "pr_auc": 0.43498189128258813
        },
        "alternative": {
            "roc_auc": 0.8132222943757974,
            "pr_auc": 0.22546202550101058
        },
        "electronic": {
            "roc_auc": 0.9018916103902518,
            "pr_auc": 0.5410709948861064
        },
        "hip hop": {
            "roc_auc": 0.9740415294324991,
            "pr_auc": 0.8498767791130861
        },
        "metal": {
            "roc_auc": 0.9306058121079003,
            "pr_auc": 0.31365633021680517
        },
        "jazz": {
            "roc_auc": 0.9333060266058181,
            "pr_auc": 0.6555500178792304
        },
        "punk": {
            "roc_auc": 0.9374764983440099,
            "pr_auc": 0.5135390181154251
        },
        "folk": {
            "roc_auc": 0.8895689557020484,
            "pr_auc": 0.3804999905188332
        },
        "alternative rock": {
            "roc_auc": 0.8709592621847098,
            "pr_auc": 0.2315880663052844
        },
        "indie rock": {
            "roc_auc": 0.8992445333253769,
            "pr_auc": 0.38218529714184846
        },
        "dance": {
            "roc_auc": 0.917888650804572,
            "pr_auc": 0.4117292956457129
        },
        "hard rock": {
            "roc_auc": 0.8983412842119637,
            "pr_auc": 0.43069928842573174
        },
        "00s": {
            "roc_auc": 0.6630666941249154,
            "pr_auc": 0.02982788511670599
        },
        "soul": {
            "roc_auc": 0.9253151141767221,
            "pr_auc": 0.5799118966434246
        },
        "hardcore": {
            "roc_auc": 0.945084146468113,
            "pr_auc": 0.24023678355955017
        },
        "80s": {
            "roc_auc": 0.8965619072455498,
            "pr_auc": 0.39945976303054215
        },
        "country": {
            "roc_auc": 0.9292688930171232,
            "pr_auc": 0.6641066717646587
        },
        "classic rock": {
            "roc_auc": 0.896657242533994,
            "pr_auc": 0.3233519523439959
        },
        "punk rock": {
            "roc_auc": 0.9506740841420638,
            "pr_auc": 0.3246707884936726
        },
        "blues": {
            "roc_auc": 0.9402236570552192,
            "pr_auc": 0.6875467388801487
        },
        "chillout": {
            "roc_auc": 0.8760701706598266,
            "pr_auc": 0.23865254647810874
        },
        "experimental": {
            "roc_auc": 0.8626114177200951,
            "pr_auc": 0.16672798018761165
        },
        "heavy metal": {
            "roc_auc": 0.9259464633275983,
            "pr_auc": 0.5462196740292253
        },
        "death metal": {
            "roc_auc": 0.982764976919668,
            "pr_auc": 0.7745702461640729
        },
        "90s": {
            "roc_auc": 0.7202559864755748,
            "pr_auc": 0.061826404479873656
        },
        "reggae": {
            "roc_auc": 0.9646380513869353,
            "pr_auc": 0.8526909661288874
        },
        "progressive rock": {
            "roc_auc": 0.8476451917028538,
            "pr_auc": 0.1432247785371144
        },
        "ambient": {
            "roc_auc": 0.9358650789889288,
            "pr_auc": 0.3727231620996348
        },
        "acoustic": {
            "roc_auc": 0.8865645831384938,
            "pr_auc": 0.19540954160405247
        },
        "beautiful": {
            "roc_auc": 0.7917535464830765,
            "pr_auc": 0.06599647097671388
        },
        "british": {
            "roc_auc": 0.6365795308392624,
            "pr_auc": 0.023622579320115605
        },
        "rnb": {
            "roc_auc": 0.8953660298072423,
            "pr_auc": 0.425618415662012
        },
        "funk": {
            "roc_auc": 0.9212013605139814,
            "pr_auc": 0.3952534779632204
        },
        "metalcore": {
            "roc_auc": 0.9598761194918424,
            "pr_auc": 0.27374737217121325
        },
        "mellow": {
            "roc_auc": 0.8087772068411763,
            "pr_auc": 0.07550375382921617
        },
        "world": {
            "roc_auc": 0.8820870268300038,
            "pr_auc": 0.14025262561693452
        },
        "guitar": {
            "roc_auc": 0.7912379458071226,
            "pr_auc": 0.06694075335585092
        },
        "trance": {
            "roc_auc": 0.972827480977427,
            "pr_auc": 0.6813130359826911
        },
        "indie pop": {
            "roc_auc": 0.8851479864375286,
            "pr_auc": 0.23512726469649897
        },
        "christian": {
            "roc_auc": 0.8175140861733996,
            "pr_auc": 0.12773385747260538
        },
        "house": {
            "roc_auc": 0.9314495615543971,
            "pr_auc": 0.27336306175771835
        },
        "spanish": {
            "roc_auc": 0.9282789922630651,
            "pr_auc": 0.2741807176234634
        },
        "latin": {
            "roc_auc": 0.9042896074596046,
            "pr_auc": 0.4600696369194577
        },
        "psychedelic": {
            "roc_auc": 0.8360250554891282,
            "pr_auc": 0.10688130452028455
        },
        "electro": {
            "roc_auc": 0.935088368762085,
            "pr_auc": 0.22471462779348822
        },
        "piano": {
            "roc_auc": 0.868389926825471,
            "pr_auc": 0.24046164611838813
        },
        "70s": {
            "roc_auc": 0.8709886560242293,
            "pr_auc": 0.10430143661582514
        },
        "progressive metal": {
            "roc_auc": 0.9192541893915173,
            "pr_auc": 0.17839534582590674
        }
    }
}