{
    "R@1": 0.06600000000002773,
    "R@5": 0.251,
    "R@10": 0.394,
    "mAP@10": 0.14641904761907537,
    "medRank": 16.0,
    "tag_stat": {
        "mean": 0.03399413451552391,
        "std": 0.29588133096694946
    },
    "caption_stat": {
        "mean": 0.10585913807153702,
        "std": 0.2889101505279541
    },
    "audio_stat": {
        "mean": 0.11159873008728027,
        "std": 0.2734769284725189
    }
}