{
    "macro_roc": 0.8118672911503668,
    "macro_pr": 0.15570194770929824,
    "macro_fl": 0.20447297835214104,
    "avg_macro_f1": 0.5108890377088322,
    "avg_fscore_weighted": 0.960278679156674,
    "tag_wise": {
        "dubstep": {
            "roc_auc": 0.8867286864159454,
            "pr_auc": 0.0442001532692555
        },
        "dub": {
            "roc_auc": 0.8735928430083878,
            "pr_auc": 0.18027006264836265
        },
        "acidjazz": {
            "roc_auc": 0.6322088353413655,
            "pr_auc": 0.0030581997092546456
        },
        "soul": {
            "roc_auc": 0.8454435072794683,
            "pr_auc": 0.06047899671021317
        },
        "reggae": {
            "roc_auc": 0.9279810274684508,
            "pr_auc": 0.4612415363417207
        },
        "deephouse": {
            "roc_auc": 0.9597191910373928,
            "pr_auc": 0.040329768442164286
        },
        "grunge": {
            "roc_auc": 0.9170041717530109,
            "pr_auc": 0.06647521676610871
        },
        "trance": {
            "roc_auc": 0.9448218006946301,
            "pr_auc": 0.39021919215133843
        },
        "orchestral": {
            "roc_auc": 0.8733031627935243,
            "pr_auc": 0.3141631652504487
        },
        "latin": {
            "roc_auc": 0.8549064128861091,
            "pr_auc": 0.2344917438995927
        },
        "folk": {
            "roc_auc": 0.8831588399886627,
            "pr_auc": 0.3900565927240852
        },
        "electronic": {
            "roc_auc": 0.8318904623571349,
            "pr_auc": 0.6403655638722029
        },
        "groove": {
            "roc_auc": 0.764828621987782,
            "pr_auc": 0.0430866203756771
        },
        "industrial": {
            "roc_auc": 0.8911369885792851,
            "pr_auc": 0.23782392892420473
        },
        "80s": {
            "roc_auc": 0.824692604394363,
            "pr_auc": 0.04536151089749572
        },
        "breakbeat": {
            "roc_auc": 0.8928055190538765,
            "pr_auc": 0.04964430815224334
        },
        "90s": {
            "roc_auc": 0.8151746307957812,
            "pr_auc": 0.02601401834786892
        },
        "easylistening": {
            "roc_auc": 0.66527191325444,
            "pr_auc": 0.12128125273755216
        },
        "improvisation": {
            "roc_auc": 0.7515735126109501,
            "pr_auc": 0.020282332722191355
        },
        "choir": {
            "roc_auc": 0.6449705489434054,
            "pr_auc": 0.004158172786192347
        },
        "hard": {
            "roc_auc": 0.8222406856743046,
            "pr_auc": 0.015714924135706295
        },
        "rap": {
            "roc_auc": 0.9752043909085883,
            "pr_auc": 0.59363008799813
        },
        "psychedelic": {
            "roc_auc": 0.7959058786968874,
            "pr_auc": 0.03513139744176992
        },
        "swing": {
            "roc_auc": 0.8476735781402798,
            "pr_auc": 0.026985777670415677
        },
        "chanson": {
            "roc_auc": 0.899446393078452,
            "pr_auc": 0.09599655442571159
        },
        "ambient": {
            "roc_auc": 0.8520295059330009,
            "pr_auc": 0.4855562903186533
        },
        "country": {
            "roc_auc": 0.9123764973942745,
            "pr_auc": 0.14095894393540256
        },
        "darkwave": {
            "roc_auc": 0.8251425557034842,
            "pr_auc": 0.10658804945763183
        },
        "postrock": {
            "roc_auc": 0.812971078001753,
            "pr_auc": 0.04020018421968931
        },
        "popfolk": {
            "roc_auc": 0.9214056156813025,
            "pr_auc": 0.390948439764574
        },
        "rnb": {
            "roc_auc": 0.8650981345592785,
            "pr_auc": 0.14816844039181126
        },
        "indie": {
            "roc_auc": 0.8713051904280419,
            "pr_auc": 0.2883523894128185
        },
        "dance": {
            "roc_auc": 0.879751012515179,
            "pr_auc": 0.32243917834674013
        },
        "symphonic": {
            "roc_auc": 0.9134519827290912,
            "pr_auc": 0.06325752194740153
        },
        "bossanova": {
            "roc_auc": 0.705400762803156,
            "pr_auc": 0.00524266446475505
        },
        "electronica": {
            "roc_auc": 0.7886482079948758,
            "pr_auc": 0.010300373238510659
        },
        "techno": {
            "roc_auc": 0.9086380168490517,
            "pr_auc": 0.2693733949823303
        },
        "poprock": {
            "roc_auc": 0.712052732351576,
            "pr_auc": 0.08393268745405937
        },
        "atmospheric": {
            "roc_auc": 0.7147378942261038,
            "pr_auc": 0.04390379454722142
        },
        "synthpop": {
            "roc_auc": 0.884333717671235,
            "pr_auc": 0.12987334643719667
        },
        "alternativerock": {
            "roc_auc": 0.5788356087385553,
            "pr_auc": 0.004049861704044086
        },
        "classical": {
            "roc_auc": 0.9141691971358836,
            "pr_auc": 0.55804662239382
        },
        "celtic": {
            "roc_auc": 0.7864206182356147,
            "pr_auc": 0.04178981150007668
        },
        "chillout": {
            "roc_auc": 0.8074266023837872,
            "pr_auc": 0.18538509551086135
        },
        "progressive": {
            "roc_auc": 0.7120731985339249,
            "pr_auc": 0.08051279324687995
        },
        "contemporary": {
            "roc_auc": 0.6236012163710449,
            "pr_auc": 0.006955584664903288
        },
        "fusion": {
            "roc_auc": 0.7569425414536036,
            "pr_auc": 0.03254647874074222
        },
        "soundtrack": {
            "roc_auc": 0.7585036147336821,
            "pr_auc": 0.3871637308146285
        },
        "60s": {
            "roc_auc": 0.7542445165665156,
            "pr_auc": 0.009122098534419438
        },
        "edm": {
            "roc_auc": 0.27810986708218877,
            "pr_auc": 0.001481020650400585
        },
        "hardrock": {
            "roc_auc": 0.8437162832064854,
            "pr_auc": 0.050375039982312526
        },
        "darkambient": {
            "roc_auc": 0.6259888462270736,
            "pr_auc": 0.023424848915529865
        },
        "disco": {
            "roc_auc": 0.8664469457507774,
            "pr_auc": 0.030735267420338247
        },
        "experimental": {
            "roc_auc": 0.850275317106159,
            "pr_auc": 0.3979946818463967
        },
        "lounge": {
            "roc_auc": 0.8236359213050459,
            "pr_auc": 0.12589280307484135
        },
        "singersongwriter": {
            "roc_auc": 0.93278206491606,
            "pr_auc": 0.2195956854393237
        },
        "classicrock": {
            "roc_auc": 0.5297709560190091,
            "pr_auc": 0.005845148151127933
        },
        "triphop": {
            "roc_auc": 0.8201989562387932,
            "pr_auc": 0.08456833206836922
        },
        "metal": {
            "roc_auc": 0.9187121627575763,
            "pr_auc": 0.4939234604200545
        },
        "bluesrock": {
            "roc_auc": 0.9106492438951799,
            "pr_auc": 0.04834310934511254
        },
        "blues": {
            "roc_auc": 0.8757605666639944,
            "pr_auc": 0.25296361098282005
        },
        "hiphop": {
            "roc_auc": 0.9670694455707836,
            "pr_auc": 0.7228199433082576
        },
        "jazz": {
            "roc_auc": 0.8823358927572793,
            "pr_auc": 0.36045838006336056
        },
        "world": {
            "roc_auc": 0.783223214424728,
            "pr_auc": 0.12597512306152697
        },
        "downtempo": {
            "roc_auc": 0.8337888472891348,
            "pr_auc": 0.0641969667496829
        },
        "eurodance": {
            "roc_auc": 0.9317072709836213,
            "pr_auc": 0.09822126929464188
        },