{
    "macro_roc": 0.6139914735442564,
    "macro_pr": 0.10197392945942878,
    "macro_fl": 0.15156942597850404,
    "avg_macro_f1": 0.5003974248150698,
    "avg_fscore_weighted": 0.9009031320283022,
    "tag_wise": {
        "electricpiano": {
            "roc_auc": 0.5343281506134816,
            "pr_auc": 0.0434762382719829
        },
        "bongo": {
            "roc_auc": 0.6341727896498214,
            "pr_auc": 0.007813614694407153
        },
        "accordion": {
            "roc_auc": 0.6574376929828438,
            "pr_auc": 0.06231072520216465
        },
        "cello": {
            "roc_auc": 0.5993821620604787,
            "pr_auc": 0.05510751758411743
        },
        "acousticguitar": {
            "roc_auc": 0.7819810813320227,
            "pr_auc": 0.30245105476529976
        },
        "voice": {
            "roc_auc": 0.5086820256543946,
            "pr_auc": 0.06863217314312467
        },
        "organ": {
            "roc_auc": 0.4801420917773119,
            "pr_auc": 0.0051104113736947804
        },
        "classicalguitar": {
            "roc_auc": 0.4811378514576367,
            "pr_auc": 0.020298408468074323
        },
        "orchestra": {
            "roc_auc": 0.6136284748141291,
            "pr_auc": 0.05522107046978848
        },
        "harp": {
            "roc_auc": 0.630519893348557,
            "pr_auc": 0.018299482800681492
        },
        "guitar": {
            "roc_auc": 0.6490198539959356,
            "pr_auc": 0.26833109518402837
        },
        "strings": {
            "roc_auc": 0.6855839390792662,
            "pr_auc": 0.10100349226314195
        },
        "horn": {
            "roc_auc": 0.6951581027667983,
            "pr_auc": 0.036143700546206844
        },
        "trombone": {
            "roc_auc": 0.6501978993919293,
            "pr_auc": 0.03792678216330922
        },
        "trumpet": {
            "roc_auc": 0.6104550757564129,
            "pr_auc": 0.029591299644328203
        },
        "harmonica": {
            "roc_auc": 0.7978857578065499,
            "pr_auc": 0.04327037588597901
        },
        "flute": {
            "roc_auc": 0.5978028201021159,
            "pr_auc": 0.02691873593879664
        },
        "keyboard": {
            "roc_auc": 0.34156415236229976,
            "pr_auc": 0.04879512930535746
        },
        "viola": {
            "roc_auc": 0.6602303317781683,
            "pr_auc": 0.025148728286021174
        },
        "pipeorgan": {
            "roc_auc": 0.6228311036688934,
            "pr_auc": 0.023192066773388822
        },
        "bell": {
            "roc_auc": 0.4361391706922128,
            "pr_auc": 0.011996281107850688
        },
        "clarinet": {
            "roc_auc": 0.6022969970923001,
            "pr_auc": 0.015262988368773787
        },
        "sampler": {
            "roc_auc": 0.7716906153713249,
            "pr_auc": 0.08825961212976949
        },
        "beat": {
            "roc_auc": 0.8391237797518578,
            "pr_auc": 0.06255613916275445
        },
        "saxophone": {
            "roc_auc": 0.7399793989878632,
            "pr_auc": 0.12693901823807477
        },
        "brass": {
            "roc_auc": 0.5727682135943523,
            "pr_auc": 0.02095299856673785
        },
        "drummachine": {
            "roc_auc": 0.7630087225913533,
            "pr_auc": 0.14216268569965285
        },
        "acousticbassguitar": {
            "roc_auc": 0.5555418706829812,
            "pr_auc": 0.021940128626986008
        },
        "rhodes": {
            "roc_auc": 0.550402443406396,
            "pr_auc": 0.013706493618071561
        },
        "doublebass": {
            "roc_auc": 0.6702283688294592,
            "pr_auc": 0.03807023718508759
        },
        "percussion": {
            "roc_auc": 0.4883920816262371,
            "pr_auc": 0.03734885222804376
        },
        "synthesizer": {
            "roc_auc": 0.5199507579668725,
            "pr_auc": 0.27290164136805795
        },
        "piano": {
            "roc_auc": 0.7828240154672019,
            "pr_auc": 0.7215015972341643
        },
        "violin": {
            "roc_auc": 0.5595243826928955,
            "pr_auc": 0.0842752216627948
        },
        "computer": {
            "roc_auc": 0.7625385553238975,
            "pr_auc": 0.2745348193879645
        },
        "bass": {
            "roc_auc": 0.6292493112947657,
            "pr_auc": 0.33555365239020074
        },
        "oboe": {
            "roc_auc": 0.5788442021868657,
            "pr_auc": 0.008500156562167311
        },
        "drums": {
            "roc_auc": 0.43434820304275124,
            "pr_auc": 0.2214386083965655
        },
        "electricguitar": {
            "roc_auc": 0.6507752893049433,
            "pr_auc": 0.2981302577000312
        },
        "pad": {
            "roc_auc": 0.41989131146467623,
            "pr_auc": 0.0038836859795083854
        }
    }
}