{
    "macro_roc": 0.7978977656444808,
    "macro_pr": 0.15141195641137375,
    "macro_fl": 0.2052112821873855,
    "avg_macro_f1": 0.5537286256908832,
    "avg_fscore_weighted": 0.9555466155052785,
    "tag_wise": {
        "dubstep": {
            "roc_auc": 0.839230253723707,
            "pr_auc": 0.03177175900781761
        },
        "dub": {
            "roc_auc": 0.8540200803557877,
            "pr_auc": 0.11809070269391765
        },
        "acidjazz": {
            "roc_auc": 0.88875851231011,
            "pr_auc": 0.017887558318561293
        },
        "soul": {
            "roc_auc": 0.8908199090496026,
            "pr_auc": 0.0638377776187702
        },
        "reggae": {
            "roc_auc": 0.9310929422536333,
            "pr_auc": 0.4560586493533667
        },
        "deephouse": {
            "roc_auc": 0.9633202386148697,
            "pr_auc": 0.07099568928766531
        },
        "grunge": {
            "roc_auc": 0.8555021885541092,
            "pr_auc": 0.044036046562858935
        },
        "trance": {
            "roc_auc": 0.9434891798022977,
            "pr_auc": 0.34662364010189983
        },
        "orchestral": {
            "roc_auc": 0.8485915739870693,
            "pr_auc": 0.19095265687186405
        },
        "latin": {
            "roc_auc": 0.8278674089930815,
            "pr_auc": 0.19488060128362725
        },
        "folk": {
            "roc_auc": 0.9100196657626326,
            "pr_auc": 0.47537079507107843
        },
        "electronic": {
            "roc_auc": 0.8379762178626392,
            "pr_auc": 0.6594191095318065
        },
        "groove": {
            "roc_auc": 0.6553490115191273,
            "pr_auc": 0.005735675707528842
        },
        "industrial": {
            "roc_auc": 0.8567469133897684,
            "pr_auc": 0.2224587352961089
        },
        "80s": {
            "roc_auc": 0.8166017834952274,
            "pr_auc": 0.052895124657106295
        },
        "breakbeat": {
            "roc_auc": 0.817468791064389,
            "pr_auc": 0.03942228211166683
        },
        "90s": {
            "roc_auc": 0.8355709564133709,
            "pr_auc": 0.03905583778914514
        },
        "easylistening": {
            "roc_auc": 0.546453164467269,
            "pr_auc": 0.09599856931685682
        },
        "improvisation": {
            "roc_auc": 0.7445100623956411,
            "pr_auc": 0.019561519736272286
        },
        "choir": {
            "roc_auc": 0.75800415958222,
            "pr_auc": 0.005495797187701023
        },
        "hard": {
            "roc_auc": 0.826071366101102,
            "pr_auc": 0.020017846967525767
        },
        "rap": {
            "roc_auc": 0.974289482784226,
            "pr_auc": 0.5499993974184072
        },
        "psychedelic": {
            "roc_auc": 0.7355090888544491,
            "pr_auc": 0.03400807550778525
        },
        "swing": {
            "roc_auc": 0.7032459832669585,
            "pr_auc": 0.0070301401882006745
        },
        "chanson": {
            "roc_auc": 0.9132842277563428,
            "pr_auc": 0.08467625838733037
        },
        "ambient": {
            "roc_auc": 0.844248351192128,
            "pr_auc": 0.48300976159480175
        },
        "country": {
            "roc_auc": 0.879588451009968,
            "pr_auc": 0.16694147660200864
        },
        "darkwave": {
            "roc_auc": 0.8363008364942601,
            "pr_auc": 0.04810352601026722
        },
        "postrock": {
            "roc_auc": 0.836486555144864,
            "pr_auc": 0.04091677363154654
        },
        "popfolk": {
            "roc_auc": 0.9074867458201192,
            "pr_auc": 0.35730162725746983
        },
        "rnb": {
            "roc_auc": 0.8579390690057298,
            "pr_auc": 0.23541149433331032
        },
        "indie": {
            "roc_auc": 0.8094456445138952,
            "pr_auc": 0.21324519929689437
        },
        "dance": {
            "roc_auc": 0.8860058820639166,
            "pr_auc": 0.3466531162039222
        },
        "symphonic": {
            "roc_auc": 0.8375280694557804,
            "pr_auc": 0.031205246632604905
        },
        "bossanova": {
            "roc_auc": 0.5146300986985763,
            "pr_auc": 0.0028620119079568896
        },
        "electronica": {
            "roc_auc": 0.7238332314321484,
            "pr_auc": 0.006121780553436767
        },
        "techno": {
            "roc_auc": 0.8851993075881401,
            "pr_auc": 0.2138203233015405
        },
        "poprock": {
            "roc_auc": 0.7664674476549135,
            "pr_auc": 0.10401899217301666
        },
        "atmospheric": {
            "roc_auc": 0.6893284813197478,
            "pr_auc": 0.04217238470416585
        },
        "synthpop": {
            "roc_auc": 0.8169487635138406,
            "pr_auc": 0.07661410685965142
        },
        "alternativerock": {
            "roc_auc": 0.9275596747398793,
            "pr_auc": 0.05616271464216856
        },
        "classical": {
            "roc_auc": 0.9194935411376358,
            "pr_auc": 0.5447993951304035
        },
        "celtic": {
            "roc_auc": 0.759769079320586,
            "pr_auc": 0.03523737114963338
        },
        "chillout": {
            "roc_auc": 0.8007966944905996,
            "pr_auc": 0.17378559862457033
        },
        "progressive": {
            "roc_auc": 0.617942935306806,
            "pr_auc": 0.04227898913621353
        },
        "contemporary": {
            "roc_auc": 0.7085016755252708,
            "pr_auc": 0.010304023332202067
        },
        "fusion": {
            "roc_auc": 0.6503109989710923,
            "pr_auc": 0.02694661511763247
        },
        "soundtrack": {
            "roc_auc": 0.6158551053776968,
            "pr_auc": 0.21547270436072455
        },
        "60s": {
            "roc_auc": 0.7028113391817603,
            "pr_auc": 0.009331989111778146
        },
        "edm": {
            "roc_auc": 0.9091705901712015,
            "pr_auc": 0.019429936534372225
        },
        "hardrock": {
            "roc_auc": 0.8537565975563526,
            "pr_auc": 0.025231904185138695
        },
        "darkambient": {
            "roc_auc": 0.8567499762010535,
            "pr_auc": 0.09957649361283262
        },
        "disco": {
            "roc_auc": 0.8236617582812941,
            "pr_auc": 0.02098038052108347
        },
        "experimental": {
            "roc_auc": 0.8513959409938743,
            "pr_auc": 0.489990816757458
        },
        "lounge": {
            "roc_auc": 0.828938762915153,
            "pr_auc": 0.15671119900538538
        },
        "singersongwriter": {
            "roc_auc": 0.9024832074459868,
            "pr_auc": 0.1583042596103717
        },
        "classicrock": {
            "roc_auc": 0.180726944308767,
            "pr_auc": 0.0028671249193142198
        },
        "triphop": {
            "roc_auc": 0.8846442954448179,
            "pr_auc": 0.20411403661883987
        },
        "metal": {
            "roc_auc": 0.9283030994705985,
            "pr_auc": 0.6367784577344937
        },
        "bluesrock": {
            "roc_auc": 0.8587021735946749,
            "pr_auc": 0.048495956564476986
        },
        "blues": {
            "roc_auc": 0.8462785646885254,
            "pr_auc": 0.267622446854288
        },
        "hiphop": {
            "roc_auc": 0.9611772212950672,
            "pr_auc": 0.755426398886397
        },
        "jazz": {
            "roc_auc": 0.8662345852875984,
            "pr_auc": 0.3972471235627973
        },
        "world": {
            "roc_auc": 0.786594249566059,
            "pr_auc": 0.15185209571233715
        },
        "downtempo": {
            "roc_auc": 0.849989292866737,
            "pr_auc": 0.08081660689363905
        },
        "eurodance": {
            "roc_auc": 0.9416138739683575,
            "pr_auc": 0.17856173268964892
        },