{
    "macro_roc": 0.5874408756568611,
    "macro_pr": 0.6173004175122573,
    "macro_fl": 0.6995416388390424,
    "avg_macro_f1": 0.30178815836377926,
    "avg_fscore_weighted": 0.31551272489437804,
    "tag_wise": {
        "low-range": {
            "roc_auc": 0.38001983471074385,
            "pr_auc": 0.16300425146139585
        },
        "mid-range": {
            "roc_auc": 0.2752788060813485,
            "pr_auc": 0.8306623498017494
        },
        "high-range": {
            "roc_auc": 0.6487811838212103,
            "pr_auc": 0.4520830753922012
        },
        "husky/throaty": {
            "roc_auc": 0.5193854200719189,
            "pr_auc": 0.44071991030424296
        },
        "thick": {
            "roc_auc": 0.42088071938640575,
            "pr_auc": 0.23989131086684515
        },
        "thin": {
            "roc_auc": 0.6031601858085934,
            "pr_auc": 0.5875156374640662
        },
        "warm": {
            "roc_auc": 0.6776030395557268,
            "pr_auc": 0.8163119750777884
        },
        "lonely": {
            "roc_auc": 0.763953341923483,
            "pr_auc": 0.8430206765725823
        },
        "passion": {
            "roc_auc": 0.5315132275132275,
            "pr_auc": 0.5498164521421085
        },
        "pretty": {
            "roc_auc": 0.647898320763098,
            "pr_auc": 0.4769053247954488
        },
        "sad": {
            "roc_auc": 0.7626974411035801,
            "pr_auc": 0.7208975283475194
        },
        "bright": {
            "roc_auc": 0.7521804288539787,
            "pr_auc": 0.7059497778824011
        },
        "clear": {
            "roc_auc": 0.5875759817322227,
            "pr_auc": 0.7549286829994253
        },
        "relaxed": {
            "roc_auc": 0.6531295219687789,
            "pr_auc": 0.8198548445328213
        },
        "cute": {
            "roc_auc": 0.7279551141102434,
            "pr_auc": 0.2355051468432406
        },
        "dark": {
            "roc_auc": 0.4553217841518581,
            "pr_auc": 0.25841462879983285
        },
        "delicate": {
            "roc_auc": 0.6671862205685883,
            "pr_auc": 0.7933124339150694
        },
        "emotional": {
            "roc_auc": 0.8242546705624914,
            "pr_auc": 0.9353551145748964
        },
        "energetic": {
            "roc_auc": 0.6732287012836524,
            "pr_auc": 0.7450178273451625
        },
        "male": {
            "roc_auc": 0.7295165897604923,
            "pr_auc": 0.6696320777012746
        },
        "female": {
            "roc_auc": 0.9402097334217099,
            "pr_auc": 0.9499069057354794
        },
        "mild/soft": {
            "roc_auc": 0.718679060665362,
            "pr_auc": 0.9057729952739006
        },
        "charismatic": {
            "roc_auc": 0.5360235085384786,
            "pr_auc": 0.4461480481768657
        },
        "whisper/quiet": {
            "roc_auc": 0.6651648000000001,
            "pr_auc": 0.6026677446771721
        },
        "sharp": {
            "roc_auc": 0.524217082824156,
            "pr_auc": 0.3870879325769677
        },
        "pure": {
            "roc_auc": 0.6361340548959217,
            "pr_auc": 0.5290467588883864
        },
        "rich": {
            "roc_auc": 0.3964501862197393,
            "pr_auc": 0.5713643462534335
        },
        "robotic/artificial": {
            "roc_auc": 0.5,
            "pr_auc": 0.15939857821091508
        },
        "rounded": {
            "roc_auc": 0.5216301884119563,
            "pr_auc": 0.6106393977092154
        },
        "embellishing": {
            "roc_auc": 0.4497306506020002,
            "pr_auc": 0.4978278520623909
        },
        "stable": {
            "roc_auc": 0.37355118565644885,
            "pr_auc": 0.8421578162094804
        },
        "sweet": {
            "roc_auc": 0.6562776014201888,
            "pr_auc": 0.5226028293278493
        },
        "young": {
            "roc_auc": 0.5066374276921966,
            "pr_auc": 0.6573241238973964
        },
        "soulful/r&b": {
            "roc_auc": 0.510342278888273,
            "pr_auc": 0.7503184011592461
        },
        "ballad": {
            "roc_auc": 0.7647560332549762,
            "pr_auc": 0.8626505499746391
        },
        "shouty": {
            "roc_auc": 0.57614335602606,
            "pr_auc": 0.5102984761417535
        },
        "vibrato": {
            "roc_auc": 0.4956077808463144,
            "pr_auc": 0.7731791702955795
        },
        "falsetto": {
            "roc_auc": 0.4692126857396319,
            "pr_auc": 0.5741544429509284
        },
        "breathy": {
            "roc_auc": 0.5866528925619835,
            "pr_auc": 0.9677951104313143
        },
        "compressed": {
            "roc_auc": 0.47116711212931145,
            "pr_auc": 0.6798088695277638
        },
        "dynamic": {
            "roc_auc": 0.5675388587730479,
            "pr_auc": 0.7075636822638564
        },
        "speech-like": {
            "roc_auc": 0.5048697652887714,
            "pr_auc": 0.38010447695019717
        }
    }
}