{
    "macro_roc": 0.7865214305270145,
    "macro_pr": 0.25208375044264175,
    "macro_fl": 0.3201725052360023,
    "avg_macro_f1": 0.505480155406204,
    "avg_fscore_weighted": 0.9084737991925205,
    "tag_wise": {
        "guitar": {
            "roc_auc": 0.7752692260010744,
            "pr_auc": 0.5868727827576364
        },
        "classical": {
            "roc_auc": 0.8776936262609438,
            "pr_auc": 0.4933951466705658
        },
        "slow": {
            "roc_auc": 0.7653758538133595,
            "pr_auc": 0.36481221021881344
        },
        "techno": {
            "roc_auc": 0.9444694240576963,
            "pr_auc": 0.7684306658577927
        },
        "strings": {
            "roc_auc": 0.7485833722186274,
            "pr_auc": 0.21764273699324593
        },
        "drums": {
            "roc_auc": 0.5438093177644516,
            "pr_auc": 0.12950728489843966
        },
        "electronic": {
            "roc_auc": 0.8800760620942514,
            "pr_auc": 0.4397873279386287
        },
        "rock": {
            "roc_auc": 0.8842943940009936,
            "pr_auc": 0.6049363585131545
        },
        "fast": {
            "roc_auc": 0.7688993136999391,
            "pr_auc": 0.277167419387884
        },
        "piano": {
            "roc_auc": 0.9338936427777977,
            "pr_auc": 0.8166500952576183
        },
        "ambient": {
            "roc_auc": 0.9383004768886107,
            "pr_auc": 0.6817182673749546
        },
        "beat": {
            "roc_auc": 0.6555327319166803,
            "pr_auc": 0.10684515339608423
        },
        "violin": {
            "roc_auc": 0.7758660911550452,
            "pr_auc": 0.25511297413566175
        },
        "vocal": {
            "roc_auc": 0.7164821746170795,
            "pr_auc": 0.23183434170038242
        },
        "synth": {
            "roc_auc": 0.7988104432632169,
            "pr_auc": 0.18597949793236115
        },
        "female": {
            "roc_auc": 0.9326281063766042,
            "pr_auc": 0.566132018145264
        },
        "indian": {
            "roc_auc": 0.7952942119608787,
            "pr_auc": 0.13867364700923454
        },
        "opera": {
            "roc_auc": 0.9450297181499105,
            "pr_auc": 0.6947966194851583
        },
        "male": {
            "roc_auc": 0.7257735913709367,
            "pr_auc": 0.2237967453334683
        },
        "singing": {
            "roc_auc": 0.7597805049058917,
            "pr_auc": 0.20512911005725712
        },
        "vocals": {
            "roc_auc": 0.6770746869801244,
            "pr_auc": 0.1318282780649386
        },
        "no vocals": {
            "roc_auc": 0.45804467125729664,
            "pr_auc": 0.04979085225910477
        },
        "harpsichord": {
            "roc_auc": 0.9102010530926775,
            "pr_auc": 0.20459711341071954
        },
        "loud": {
            "roc_auc": 0.6378120524461988,
            "pr_auc": 0.13233986637631912
        },
        "quiet": {
            "roc_auc": 0.8368367113203374,
            "pr_auc": 0.19455770783220896
        },
        "flute": {
            "roc_auc": 0.8620807058057257,
            "pr_auc": 0.1519608331872647
        },
        "woman": {
            "roc_auc": 0.932202579049155,
            "pr_auc": 0.43285655883064933
        },
        "male vocal": {
            "roc_auc": 0.6871403038944063,
            "pr_auc": 0.09145777264120639
        },
        "no vocal": {
            "roc_auc": 0.48301630434782605,
            "pr_auc": 0.04014420028518166
        },
        "pop": {
            "roc_auc": 0.8713288990644614,
            "pr_auc": 0.27697240618438995
        },
        "soft": {
            "roc_auc": 0.7634574546041132,
            "pr_auc": 0.14150084698746773
        },
        "sitar": {
            "roc_auc": 0.7497056505817457,
            "pr_auc": 0.06975529141126521
        },
        "solo": {
            "roc_auc": 0.7256954335071071,
            "pr_auc": 0.08826854933818545
        },
        "man": {
            "roc_auc": 0.7364890265533581,
            "pr_auc": 0.09720280683324686
        },
        "classic": {
            "roc_auc": 0.8465828345032512,
            "pr_auc": 0.11870827709832446
        },
        "choir": {
            "roc_auc": 0.8128902078370163,
            "pr_auc": 0.12435434241072581
        },
        "voice": {
            "roc_auc": 0.6680375810951629,
            "pr_auc": 0.0845091313821539
        },
        "new age": {
            "roc_auc": 0.7624719006769676,
            "pr_auc": 0.09553083485154026
        },
        "dance": {
            "roc_auc": 0.9378498468063942,
            "pr_auc": 0.42008482357186644
        },
        "male voice": {
            "roc_auc": 0.675962774035279,
            "pr_auc": 0.07708318442070244
        },
        "female vocal": {
            "roc_auc": 0.8491281160115052,
            "pr_auc": 0.1758803904172988
        },
        "beats": {
            "roc_auc": 0.8471293152711016,
            "pr_auc": 0.14111525397768
        },
        "harp": {
            "roc_auc": 0.7651807063768866,
            "pr_auc": 0.0753630535191737
        },
        "cello": {
            "roc_auc": 0.8320269016697588,
            "pr_auc": 0.02736830170208756
        },
        "no voice": {
            "roc_auc": 0.5038502748151541,
            "pr_auc": 0.026517730991513742
        },
        "weird": {
            "roc_auc": 0.6819077973074386,
            "pr_auc": 0.052043345829625956
        },
        "country": {
            "roc_auc": 0.9224195552133821,
            "pr_auc": 0.270040701081478
        },
        "metal": {
            "roc_auc": 0.9672477110922035,
            "pr_auc": 0.5508576789440346
        },
        "female voice": {
            "roc_auc": 0.9112849982148095,
            "pr_auc": 0.1777833987251701
        },
        "choral": {
            "roc_auc": 0.8451531896258796,
            "pr_auc": 0.09449358650296029
        }
    }
}