{
    "macro_roc": 0.6587741371064738,
    "macro_pr": 0.07699644011195697,
    "macro_fl": 0.12880784163486853,
    "avg_macro_f1": 0.5042241655873345,
    "avg_fscore_weighted": 0.9130827601710898,
    "tag_wise": {
        "movie": {
            "roc_auc": 0.4353799300477609,
            "pr_auc": 0.02078647407752754
        },
        "hopeful": {
            "roc_auc": 0.6045734212922858,
            "pr_auc": 0.017033353851917978
        },
        "calm": {
            "roc_auc": 0.7122927595590092,
            "pr_auc": 0.036287300064433384
        },
        "soundscape": {
            "roc_auc": 0.7819675359845065,
            "pr_auc": 0.024332051433862297
        },
        "dream": {
            "roc_auc": 0.5940115881710888,
            "pr_auc": 0.07413867437266465
        },
        "game": {
            "roc_auc": 0.6037214885954382,
            "pr_auc": 0.025650737520599466
        },
        "action": {
            "roc_auc": 0.6519375534644996,
            "pr_auc": 0.039106496714248803
        },
        "uplifting": {
            "roc_auc": 0.5682639706391523,
            "pr_auc": 0.07132914212647307
        },
        "deep": {
            "roc_auc": 0.8527219823205758,
            "pr_auc": 0.17735475064123296
        },
        "groovy": {
            "roc_auc": 0.6318362150302947,
            "pr_auc": 0.017523482302181044
        },
        "melodic": {
            "roc_auc": 0.5307850836544559,
            "pr_auc": 0.08855936774353507
        },
        "meditative": {
            "roc_auc": 0.784978534589564,
            "pr_auc": 0.11400947096012254
        },
        "party": {
            "roc_auc": 0.8893460466736329,
            "pr_auc": 0.08904926883411161
        },
        "cool": {
            "roc_auc": 0.6416642935600667,
            "pr_auc": 0.0172415101466681
        },
        "fun": {
            "roc_auc": 0.8576913953626283,
            "pr_auc": 0.08420624801281452
        },
        "commercial": {
            "roc_auc": 0.4730509453533877,
            "pr_auc": 0.03980128610140439
        },
        "documentary": {
            "roc_auc": 0.5509948542024015,
            "pr_auc": 0.03781634279674055
        },
        "slow": {
            "roc_auc": 0.7132362914295325,
            "pr_auc": 0.03660423391285968
        },
        "motivational": {
            "roc_auc": 0.43199041158608786,
            "pr_auc": 0.03945494521331977
        },
        "relaxing": {
            "roc_auc": 0.7289681144782811,
            "pr_auc": 0.18313656984866486
        },
        "powerful": {
            "roc_auc": 0.48889078062484037,
            "pr_auc": 0.019967633299965502
        },
        "love": {
            "roc_auc": 0.6856171820603086,
            "pr_auc": 0.1047945034824219
        },
        "romantic": {
            "roc_auc": 0.7951945809091061,
            "pr_auc": 0.10881127005256579
        },
        "sad": {
            "roc_auc": 0.6738305747116319,
            "pr_auc": 0.08924037111856453
        },
        "dark": {
            "roc_auc": 0.8220320439392603,
            "pr_auc": 0.32639357594174795
        },
        "heavy": {
            "roc_auc": 0.8892914883499762,
            "pr_auc": 0.27398478886768524
        },
        "sport": {
            "roc_auc": 0.864339307700571,
            "pr_auc": 0.11163269906828524
        },
        "melancholic": {
            "roc_auc": 0.4215187649290765,
            "pr_auc": 0.01899649590251648
        },
        "energetic": {
            "roc_auc": 0.5892130296261862,
            "pr_auc": 0.11477149426030864
        },
        "summer": {
            "roc_auc": 0.5074847660169184,
            "pr_auc": 0.03475267866930357
        },
        "trailer": {
            "roc_auc": 0.7493676926747794,
            "pr_auc": 0.027330556170635168
        },
        "christmas": {
            "roc_auc": 0.65227610667758,
            "pr_auc": 0.061198245184467925
        },
        "soft": {
            "roc_auc": 0.7457375679853653,
            "pr_auc": 0.0673937499044254
        },
        "travel": {
            "roc_auc": 0.5912483578038604,
            "pr_auc": 0.009928114303001744
        },
        "film": {
            "roc_auc": 0.7477042998006409,
            "pr_auc": 0.3179322693186221
        },
        "dramatic": {
            "roc_auc": 0.5926590305663441,
            "pr_auc": 0.02682277586061474
        },
        "sexy": {
            "roc_auc": 0.7476630385072716,
            "pr_auc": 0.022971058924226802
        },
        "epic": {
            "roc_auc": 0.797102966597568,
            "pr_auc": 0.17449625024404716
        },
        "upbeat": {
            "roc_auc": 0.7695989520354696,
            "pr_auc": 0.07125370593705341
        },
        "ballad": {
            "roc_auc": 0.6879494835658932,
            "pr_auc": 0.04276953579171624
        },
        "inspiring": {
            "roc_auc": 0.5336268136811212,
            "pr_auc": 0.06297890403701126
        },
        "funny": {
            "roc_auc": 0.7756195828819068,
            "pr_auc": 0.045499206879528124
        },
        "advertising": {
            "roc_auc": 0.40300173130402783,
            "pr_auc": 0.03142087391002084
        },
        "corporate": {
            "roc_auc": 0.3661506825250844,
            "pr_auc": 0.024258209854046996
        },
        "happy": {
            "roc_auc": 0.7252955159997385,
            "pr_auc": 0.21380577708349613
        },
        "background": {
            "roc_auc": 0.44902501398545513,
            "pr_auc": 0.01188109083932165
        },
        "positive": {
            "roc_auc": 0.64713323946141,
            "pr_auc": 0.042012380672278346
        },
        "fast": {
            "roc_auc": 0.8129646697388633,
            "pr_auc": 0.02991282027594674
        },
        "adventure": {
            "roc_auc": 0.508568324757004,
            "pr_auc": 0.02381336842584603
        },
        "retro": {
            "roc_auc": 0.6161375546797176,
            "pr_auc": 0.012386576663237024
        },
        "emotional": {
            "roc_auc": 0.5992043646283246,
            "pr_auc": 0.13088574623067323
        },
        "holiday": {
            "roc_auc": 0.6634792652317808,
            "pr_auc": 0.01588535040120126
        },
        "drama": {
            "roc_auc": 0.6371649561207794,
            "pr_auc": 0.027328819236638307
        },
        "children": {
            "roc_auc": 0.8997488343509105,
            "pr_auc": 0.31872598388825224
        },
        "space": {
            "roc_auc": 0.6349709140170532,
            "pr_auc": 0.01878465719464538
        },
        "nature": {
            "roc_auc": 0.7611277835220538,
            "pr_auc": 0.04335740169988944
        }
    }
}