{
    "macro_roc": 0.7987472625746659,
    "macro_pr": 0.1302938662806712,
    "macro_fl": 0.18352414414516102,
    "avg_macro_f1": 0.5338291668754245,
    "avg_fscore_weighted": 0.9364722723272735,
    "tag_wise": {
        "dubstep": {
            "roc_auc": 0.8189705490261073,
            "pr_auc": 0.020614943541511305
        },
        "dub": {
            "roc_auc": 0.8107930480502411,
            "pr_auc": 0.09220818384535569
        },
        "acidjazz": {
            "roc_auc": 0.8799057097957045,
            "pr_auc": 0.021641542651806137
        },
        "soul": {
            "roc_auc": 0.9107997869423942,
            "pr_auc": 0.06922137592661726
        },
        "reggae": {
            "roc_auc": 0.9107056299431917,
            "pr_auc": 0.37785700018447377
        },
        "deephouse": {
            "roc_auc": 0.9521388040157137,
            "pr_auc": 0.028284371760653876
        },
        "grunge": {
            "roc_auc": 0.903416502192357,
            "pr_auc": 0.033495675129067315
        },
        "trance": {
            "roc_auc": 0.9384461661768635,
            "pr_auc": 0.2784723140025622
        },
        "orchestral": {
            "roc_auc": 0.7844727489259452,
            "pr_auc": 0.1171687536336615
        },
        "latin": {
            "roc_auc": 0.7998237528093456,
            "pr_auc": 0.18985937661320199
        },
        "folk": {
            "roc_auc": 0.9000008731383683,
            "pr_auc": 0.4662896868202373
        },
        "electronic": {
            "roc_auc": 0.8342549089890986,
            "pr_auc": 0.6271212465667726
        },
        "groove": {
            "roc_auc": 0.8412330087238791,
            "pr_auc": 0.015781409574792106
        },
        "industrial": {
            "roc_auc": 0.8330926874509279,
            "pr_auc": 0.1740454005380595
        },
        "80s": {
            "roc_auc": 0.7939808380957163,
            "pr_auc": 0.03790782833911042
        },
        "breakbeat": {
            "roc_auc": 0.8522599102058694,
            "pr_auc": 0.024193723944244936
        },
        "90s": {
            "roc_auc": 0.836356314016695,
            "pr_auc": 0.0533658711120173
        },
        "easylistening": {
            "roc_auc": 0.6764216369508451,
            "pr_auc": 0.12745708191254745
        },
        "improvisation": {
            "roc_auc": 0.7783179541260216,
            "pr_auc": 0.025888798142136578
        },
        "choir": {
            "roc_auc": 0.6766683871751276,
            "pr_auc": 0.0036071751399554897
        },
        "hard": {
            "roc_auc": 0.788510874001516,
            "pr_auc": 0.035977025416123916
        },
        "rap": {
            "roc_auc": 0.9713921833892143,
            "pr_auc": 0.47743055959642394
        },
        "psychedelic": {
            "roc_auc": 0.6812695741314736,
            "pr_auc": 0.01962632851814185
        },
        "swing": {
            "roc_auc": 0.7354152789391384,
            "pr_auc": 0.0112941488022501
        },
        "chanson": {
            "roc_auc": 0.8498421606453876,
            "pr_auc": 0.054745122773525536
        },
        "ambient": {
            "roc_auc": 0.8148786436792502,
            "pr_auc": 0.3908023399872222
        },
        "country": {
            "roc_auc": 0.8867761430475416,
            "pr_auc": 0.10752990073240894
        },
        "darkwave": {
            "roc_auc": 0.7839609133613001,
            "pr_auc": 0.046367577516894354
        },
        "postrock": {
            "roc_auc": 0.7699342046768027,
            "pr_auc": 0.022781719266000783
        },
        "popfolk": {
            "roc_auc": 0.9007436530122968,
            "pr_auc": 0.24121847133979174
        },
        "rnb": {
            "roc_auc": 0.8229962615405988,
            "pr_auc": 0.12284603583564446
        },
        "indie": {
            "roc_auc": 0.8561820939424578,
            "pr_auc": 0.22830476129927035
        },
        "dance": {
            "roc_auc": 0.8862222479591766,
            "pr_auc": 0.36013393675574656
        },
        "symphonic": {
            "roc_auc": 0.8713160821594557,
            "pr_auc": 0.03566236192482431
        },
        "bossanova": {
            "roc_auc": 0.875220543278889,
            "pr_auc": 0.01626384623148394
        },
        "electronica": {
            "roc_auc": 0.8081375374850788,
            "pr_auc": 0.01110568251417343
        },
        "techno": {
            "roc_auc": 0.8762524783164326,
            "pr_auc": 0.17027721913848223
        },
        "poprock": {
            "roc_auc": 0.801468757112541,
            "pr_auc": 0.09890252710709545
        },
        "atmospheric": {
            "roc_auc": 0.6291654536632703,
            "pr_auc": 0.02698048909429227
        },
        "synthpop": {
            "roc_auc": 0.8007653285371787,
            "pr_auc": 0.03888840425122065
        },
        "alternativerock": {
            "roc_auc": 0.8979086257218635,
            "pr_auc": 0.019559447663372264
        },
        "classical": {
            "roc_auc": 0.9085847031409388,
            "pr_auc": 0.5470835819433398
        },
        "celtic": {
            "roc_auc": 0.7925301164614409,
            "pr_auc": 0.01902963980012273
        },
        "chillout": {
            "roc_auc": 0.7615458146350399,
            "pr_auc": 0.11758075187720987
        },
        "progressive": {
            "roc_auc": 0.6849758869228206,
            "pr_auc": 0.07589758414373764
        },
        "contemporary": {
            "roc_auc": 0.662139733351711,
            "pr_auc": 0.0082621925612582
        },
        "fusion": {
            "roc_auc": 0.5959365903344725,
            "pr_auc": 0.017172450948573996
        },
        "soundtrack": {
            "roc_auc": 0.7629800276135126,
            "pr_auc": 0.3215374482245952
        },
        "60s": {
            "roc_auc": 0.7878274813522745,
            "pr_auc": 0.012991485568879595
        },
        "edm": {
            "roc_auc": 0.18680695014406706,
            "pr_auc": 0.0013380165397006948
        },
        "hardrock": {
            "roc_auc": 0.9192911089726766,
            "pr_auc": 0.04948354990937054
        },
        "darkambient": {
            "roc_auc": 0.6047457082566479,
            "pr_auc": 0.0226196095608021
        },
        "disco": {
            "roc_auc": 0.8523565389458535,
            "pr_auc": 0.03709098729599367
        },
        "experimental": {
            "roc_auc": 0.7914765955125388,
            "pr_auc": 0.3729864515798595
        },
        "lounge": {
            "roc_auc": 0.784914553700865,
            "pr_auc": 0.10047465434071087
        },
        "singersongwriter": {
            "roc_auc": 0.8853875239731319,
            "pr_auc": 0.1651521956567218
        },
        "classicrock": {
            "roc_auc": 0.8817072009387854,
            "pr_auc": 0.027335781615641822
        },
        "triphop": {
            "roc_auc": 0.7730169232695571,
            "pr_auc": 0.051289325157981194
        },
        "metal": {
            "roc_auc": 0.9194799676798817,
            "pr_auc": 0.6192838858560498
        },
        "bluesrock": {
            "roc_auc": 0.8933906376224152,
            "pr_auc": 0.07699243780264103
        },
        "blues": {
            "roc_auc": 0.8443450172357112,
            "pr_auc": 0.19824487605225125
        },
        "hiphop": {
            "roc_auc": 0.9632521515450292,
            "pr_auc": 0.7189341299087708
        },
        "jazz": {
            "roc_auc": 0.8397218922592734,
            "pr_auc": 0.30038038313062215
        },
        "world": {
            "roc_auc": 0.7434053682732042,
            "pr_auc": 0.09256579499413146
        },
        "downtempo": {
            "roc_auc": 0.7669280782254109,
            "pr_auc": 0.03979351439051479
        },
        "eurodance": {
            "roc_auc": 0.8884881210523581,
            "pr_auc": 0.05341477963419795
        },