{
    "macro_roc": 0.7554444312185666,
    "macro_pr": 0.23554385767184766,
    "macro_fl": 0.2943257531688332,
    "avg_macro_f1": 0.5587410032885975,
    "avg_fscore_weighted": 0.892525126400613,
    "tag_wise": {
        "guitar": {
            "roc_auc": 0.7370926071325262,
            "pr_auc": 0.4660737221555859
        },
        "classical": {
            "roc_auc": 0.8766674266686671,
            "pr_auc": 0.5010005588621025
        },
        "slow": {
            "roc_auc": 0.6152449228629858,
            "pr_auc": 0.25915127645109065
        },
        "techno": {
            "roc_auc": 0.9314999292410159,
            "pr_auc": 0.6902903415890398
        },
        "strings": {
            "roc_auc": 0.7408167329650187,
            "pr_auc": 0.19091050733937898
        },
        "drums": {
            "roc_auc": 0.66100456259243,
            "pr_auc": 0.2295468099831438
        },
        "electronic": {
            "roc_auc": 0.8892879217262605,
            "pr_auc": 0.5001472675680143
        },
        "rock": {
            "roc_auc": 0.9462984294770446,
            "pr_auc": 0.8266955767949993
        },
        "fast": {
            "roc_auc": 0.3804977057518105,
            "pr_auc": 0.10616750233002106
        },
        "piano": {
            "roc_auc": 0.8986323758764069,
            "pr_auc": 0.7138065625907886
        },
        "ambient": {
            "roc_auc": 0.9222147522485421,
            "pr_auc": 0.6272156764283756
        },
        "beat": {
            "roc_auc": 0.8992121713979145,
            "pr_auc": 0.40942869075068083
        },
        "violin": {
            "roc_auc": 0.7204810145556305,
            "pr_auc": 0.08811458781916577
        },
        "vocal": {
            "roc_auc": 0.6395972144797502,
            "pr_auc": 0.17091651593593638
        },
        "synth": {
            "roc_auc": 0.7743295019157088,
            "pr_auc": 0.1669573522240686
        },
        "female": {
            "roc_auc": 0.8504289089907802,
            "pr_auc": 0.4261385487213286
        },
        "indian": {
            "roc_auc": 0.7083948405787486,
            "pr_auc": 0.14265315811418805
        },
        "opera": {
            "roc_auc": 0.9184113707052245,
            "pr_auc": 0.4899975659829165
        },
        "male": {
            "roc_auc": 0.6353263460564346,
            "pr_auc": 0.11369093483428944
        },
        "singing": {
            "roc_auc": 0.7330304849632425,
            "pr_auc": 0.17425972328903738
        },
        "vocals": {
            "roc_auc": 0.6374686980124333,
            "pr_auc": 0.10549572988690364
        },
        "no vocals": {
            "roc_auc": 0.5806853987007086,
            "pr_auc": 0.07218428615101263
        },
        "harpsichord": {
            "roc_auc": 0.8609690342734031,
            "pr_auc": 0.15126472979249603
        },
        "loud": {
            "roc_auc": 0.8499774841238255,
            "pr_auc": 0.33041487213498777
        },
        "quiet": {
            "roc_auc": 0.6886611007551104,
            "pr_auc": 0.08724602383145509
        },
        "flute": {
            "roc_auc": 0.7824155490422476,
            "pr_auc": 0.10109412959659955
        },
        "woman": {
            "roc_auc": 0.7753851050100016,
            "pr_auc": 0.27689434450219386
        },
        "male vocal": {
            "roc_auc": 0.5214255967701821,
            "pr_auc": 0.04599994625222167
        },
        "no vocal": {
            "roc_auc": 0.5343158715780998,
            "pr_auc": 0.049934958221546664
        },
        "pop": {
            "roc_auc": 0.8818746792720957,
            "pr_auc": 0.3280093623319758
        },
        "soft": {
            "roc_auc": 0.6918381338235627,
            "pr_auc": 0.09723137813929987
        },
        "sitar": {
            "roc_auc": 0.6490335141148658,
            "pr_auc": 0.03186490387224319
        },
        "solo": {
            "roc_auc": 0.8251231712702353,
            "pr_auc": 0.12325307421973038
        },
        "man": {
            "roc_auc": 0.5636177516568271,
            "pr_auc": 0.04562791980358516
        },
        "classic": {
            "roc_auc": 0.7793721200637354,
            "pr_auc": 0.05966061871592195
        },
        "choir": {
            "roc_auc": 0.8241998172184344,
            "pr_auc": 0.1529391610779789
        },
        "voice": {
            "roc_auc": 0.6534152408484319,
            "pr_auc": 0.07792002282407338
        },
        "new age": {
            "roc_auc": 0.6978047000155031,
            "pr_auc": 0.06737782840214729
        },
        "dance": {
            "roc_auc": 0.951683409265437,
            "pr_auc": 0.4231004175446073
        },
        "male voice": {
            "roc_auc": 0.5427962306763756,
            "pr_auc": 0.04399213467284334
        },
        "female vocal": {
            "roc_auc": 0.8301788710450624,
            "pr_auc": 0.23888600711015323
        },
        "beats": {
            "roc_auc": 0.8854616961914685,
            "pr_auc": 0.2132767289518429
        },
        "harp": {
            "roc_auc": 0.8881223019269594,
            "pr_auc": 0.2084567126186619
        },
        "cello": {
            "roc_auc": 0.7285366419294991,
            "pr_auc": 0.0083476251532528
        },
        "no voice": {
            "roc_auc": 0.4931827847935615,
            "pr_auc": 0.025988790571767992
        },
        "weird": {
            "roc_auc": 0.7486530833262164,
            "pr_auc": 0.07654757078642717
        },
        "country": {
            "roc_auc": 0.8503543245087575,
            "pr_auc": 0.18805315115727864
        },
        "metal": {
            "roc_auc": 0.9781893812131394,
            "pr_auc": 0.6371537545894319
        },
        "female voice": {
            "roc_auc": 0.8377251683963404,
            "pr_auc": 0.15334507522170227
        },
        "choral": {
            "roc_auc": 0.7612854809196646,
            "pr_auc": 0.062468745693888376
        }
    }
}