{
    "macro_roc": 0.6335943422577791,
    "macro_pr": 0.06794289717310599,
    "macro_fl": 0.11687972851122444,
    "avg_macro_f1": 0.5014731441828784,
    "avg_fscore_weighted": 0.9370474006042403,
    "tag_wise": {
        "movie": {
            "roc_auc": 0.46889048264966193,
            "pr_auc": 0.019545637662235743
        },
        "hopeful": {
            "roc_auc": 0.5202516603362876,
            "pr_auc": 0.011815097271051005
        },
        "calm": {
            "roc_auc": 0.6014138637192471,
            "pr_auc": 0.024322681601120572
        },
        "soundscape": {
            "roc_auc": 0.7779464622757637,
            "pr_auc": 0.026620940791745085
        },
        "dream": {
            "roc_auc": 0.5958079587069397,
            "pr_auc": 0.08688875699039096
        },
        "game": {
            "roc_auc": 0.5650260104041617,
            "pr_auc": 0.02198420034720274
        },
        "action": {
            "roc_auc": 0.4954875962360992,
            "pr_auc": 0.01676713853910608
        },
        "uplifting": {
            "roc_auc": 0.6358100777877802,
            "pr_auc": 0.038581835545703755
        },
        "deep": {
            "roc_auc": 0.7994465819661316,
            "pr_auc": 0.13223671408952026
        },
        "groovy": {
            "roc_auc": 0.5788061703554661,
            "pr_auc": 0.02220435937409325
        },
        "melodic": {
            "roc_auc": 0.4705644440108613,
            "pr_auc": 0.051458556006376194
        },
        "meditative": {
            "roc_auc": 0.7776121051468965,
            "pr_auc": 0.1630358325800198
        },
        "party": {
            "roc_auc": 0.8820968303726924,
            "pr_auc": 0.07354402173589317
        },
        "cool": {
            "roc_auc": 0.5744935112485253,
            "pr_auc": 0.07113858400175099
        },
        "fun": {
            "roc_auc": 0.8302183610402789,
            "pr_auc": 0.07159391615949966
        },
        "commercial": {
            "roc_auc": 0.6256041067471356,
            "pr_auc": 0.07308952604030777
        },
        "documentary": {
            "roc_auc": 0.5038250428816468,
            "pr_auc": 0.03619041014264925
        },
        "slow": {
            "roc_auc": 0.6472637112831559,
            "pr_auc": 0.03444656516824137
        },
        "motivational": {
            "roc_auc": 0.5194754790260024,
            "pr_auc": 0.050785820296999275
        },
        "relaxing": {
            "roc_auc": 0.7494945944295642,
            "pr_auc": 0.17302745938753822
        },
        "powerful": {
            "roc_auc": 0.6297295763457336,
            "pr_auc": 0.0475247350148432
        },
        "love": {
            "roc_auc": 0.5529647915784144,
            "pr_auc": 0.06319470235144632
        },
        "romantic": {
            "roc_auc": 0.7885615600006707,
            "pr_auc": 0.12206528242500976
        },
        "sad": {
            "roc_auc": 0.6939195166067413,
            "pr_auc": 0.12465594222047321
        },
        "dark": {
            "roc_auc": 0.7512504772814051,
            "pr_auc": 0.2465570652106433
        },
        "heavy": {
            "roc_auc": 0.8519923918212077,
            "pr_auc": 0.13760727763543423
        },
        "sport": {
            "roc_auc": 0.3275965360238644,
            "pr_auc": 0.009451903227904328
        },
        "melancholic": {
            "roc_auc": 0.7096505349536278,
            "pr_auc": 0.08519849571523169
        },
        "energetic": {
            "roc_auc": 0.7177027706285408,
            "pr_auc": 0.13835112200312114
        },
        "summer": {
            "roc_auc": 0.38441085114771756,
            "pr_auc": 0.02696403764168493
        },
        "trailer": {
            "roc_auc": 0.8434502505368646,
            "pr_auc": 0.03706418843124585
        },
        "christmas": {
            "roc_auc": 0.6673705749948844,
            "pr_auc": 0.06583094830645589
        },
        "soft": {
            "roc_auc": 0.6382725008409587,
            "pr_auc": 0.041629635740581275
        },
        "travel": {
            "roc_auc": 0.618613481167078,
            "pr_auc": 0.015580958260761732
        },
        "film": {
            "roc_auc": 0.6420041868273314,
            "pr_auc": 0.17587444715517056
        },
        "dramatic": {
            "roc_auc": 0.6450859061286287,
            "pr_auc": 0.03682954801709297
        },
        "sexy": {
            "roc_auc": 0.615924265983719,
            "pr_auc": 0.012960034815434365
        },
        "epic": {
            "roc_auc": 0.7609598458886182,
            "pr_auc": 0.303363991234118
        },
        "upbeat": {
            "roc_auc": 0.7180925030229746,
            "pr_auc": 0.04409116544971078
        },
        "ballad": {
            "roc_auc": 0.647819823169244,
            "pr_auc": 0.0452401746801882
        },
        "inspiring": {
            "roc_auc": 0.5486052826462602,
            "pr_auc": 0.07174574853491111
        },
        "funny": {
            "roc_auc": 0.7192172264355362,
            "pr_auc": 0.029962480339905766
        },
        "advertising": {
            "roc_auc": 0.5953106997001888,
            "pr_auc": 0.052407507253837915
        },
        "corporate": {
            "roc_auc": 0.41038650587801695,
            "pr_auc": 0.02630546157949067
        },
        "happy": {
            "roc_auc": 0.6863270746917924,
            "pr_auc": 0.22608557136668647
        },
        "background": {
            "roc_auc": 0.5342244066171182,
            "pr_auc": 0.015210030622020063
        },
        "positive": {
            "roc_auc": 0.5213521957229605,
            "pr_auc": 0.03177858109848741
        },
        "fast": {
            "roc_auc": 0.7198310291858678,
            "pr_auc": 0.024215634999739832
        },
        "adventure": {
            "roc_auc": 0.5113447684391081,
            "pr_auc": 0.025626003746806437
        },
        "retro": {
            "roc_auc": 0.7289329695237271,
            "pr_auc": 0.07239419171870791
        },
        "emotional": {
            "roc_auc": 0.5481258366800535,
            "pr_auc": 0.11622178094156976
        },
        "holiday": {
            "roc_auc": 0.7074698474045444,
            "pr_auc": 0.021104558650439698
        },
        "drama": {
            "roc_auc": 0.4883147404432545,
            "pr_auc": 0.01757181181916388
        },
        "children": {
            "roc_auc": 0.5614100012023888,
            "pr_auc": 0.04539102953225138
        },
        "space": {
            "roc_auc": 0.6462467128854888,
            "pr_auc": 0.016947827984339886
        },
        "nature": {
            "roc_auc": 0.729276473406804,
            "pr_auc": 0.03252031223757972
        }
    }
}