{
    "macro_roc": 0.7569208997171635,
    "macro_pr": 0.22832933944200406,
    "macro_fl": 0.2876442908079746,
    "avg_macro_f1": 0.5646387853925945,
    "avg_fscore_weighted": 0.9041983568152494,
    "tag_wise": {
        "downtempo": {
            "roc_auc": 0.8523916490486257,
            "pr_auc": 0.09213386379089637
        },
        "electricpiano": {
            "roc_auc": 0.6131767685715598,
            "pr_auc": 0.02365032387126647
        },
        "classical": {
            "roc_auc": 0.9006611473396389,
            "pr_auc": 0.5178228707388312
        },
        "acousticguitar": {
            "roc_auc": 0.824027069323874,
            "pr_auc": 0.20740124970697452
        },
        "chillout": {
            "roc_auc": 0.7839677724554066,
            "pr_auc": 0.15963912373326206
        },
        "easylistening": {
            "roc_auc": 0.6940370136481042,
            "pr_auc": 0.1514613789598055
        },
        "voice": {
            "roc_auc": 0.5561968474155816,
            "pr_auc": 0.03203195748744003
        },
        "soundtrack": {
            "roc_auc": 0.7328624781921862,
            "pr_auc": 0.3054485352305401
        },
        "guitar": {
            "roc_auc": 0.6426390342572884,
            "pr_auc": 0.13752195351683713
        },
        "strings": {
            "roc_auc": 0.7386120658465991,
            "pr_auc": 0.06077942755382333
        },
        "instrumentalpop": {
            "roc_auc": 0.6452847198899093,
            "pr_auc": 0.044555366349312994
        },
        "rock": {
            "roc_auc": 0.8891926876456187,
            "pr_auc": 0.5267908988051969
        },
        "relaxing": {
            "roc_auc": 0.7679816424263144,
            "pr_auc": 0.08281536753037452
        },
        "keyboard": {
            "roc_auc": 0.29689421500875274,
            "pr_auc": 0.020284987687133535
        },
        "pop": {
            "roc_auc": 0.7270057649334194,
            "pr_auc": 0.3462248929210474
        },
        "ambient": {
            "roc_auc": 0.8422144100568612,
            "pr_auc": 0.47173324828088914
        },
        "happy": {
            "roc_auc": 0.6946799535134008,
            "pr_auc": 0.07623784616964303
        },
        "energetic": {
            "roc_auc": 0.6023970848055046,
            "pr_auc": 0.03736414533351991
        },
        "reggae": {
            "roc_auc": 0.9321197886083381,
            "pr_auc": 0.4262947195880156
        },
        "funk": {
            "roc_auc": 0.863513898895293,
            "pr_auc": 0.14728401840962232
        },
        "popfolk": {
            "roc_auc": 0.9113653102559383,
            "pr_auc": 0.34359895500351156
        },
        "film": {
            "roc_auc": 0.7936657465220047,
            "pr_auc": 0.13803569128487536
        },
        "trance": {
            "roc_auc": 0.9412126778318026,
            "pr_auc": 0.35627158914714246
        },
        "drummachine": {
            "roc_auc": 0.7638093977641349,
            "pr_auc": 0.06856779944883509
        },
        "orchestral": {
            "roc_auc": 0.871804919855633,
            "pr_auc": 0.26558121513766025
        },
        "experimental": {
            "roc_auc": 0.8406351009259307,
            "pr_auc": 0.45469894811131883
        },
        "lounge": {
            "roc_auc": 0.8471657550421113,
            "pr_auc": 0.17458141427055543
        },
        "hiphop": {
            "roc_auc": 0.96972006706728,
            "pr_auc": 0.7818963440420874
        },
        "folk": {
            "roc_auc": 0.9025341937131942,
            "pr_auc": 0.43062188143665076
        },
        "synthesizer": {
            "roc_auc": 0.4846479952201626,
            "pr_auc": 0.1248473877449369
        },
        "electronic": {
            "roc_auc": 0.8432288114793814,
            "pr_auc": 0.6746020803971908
        },
        "piano": {
            "roc_auc": 0.7873895790425762,
            "pr_auc": 0.5298855634711773
        },
        "violin": {
            "roc_auc": 0.5935034402547618,
            "pr_auc": 0.04206610354559733
        },
        "dance": {
            "roc_auc": 0.8905270359485477,
            "pr_auc": 0.36275735473471526
        },
        "newage": {
            "roc_auc": 0.5393117965683297,
            "pr_auc": 0.02898810909488915
        },
        "alternative": {
            "roc_auc": 0.7209378045601867,
            "pr_auc": 0.14484016615572637
        },
        "triphop": {
            "roc_auc": 0.8829919620646188,
            "pr_auc": 0.13453611557290773
        },
        "bass": {
            "roc_auc": 0.5026154807842877,
            "pr_auc": 0.11422333029440872
        },
        "computer": {
            "roc_auc": 0.6683125921908555,
            "pr_auc": 0.08866947440881891
        },
        "indie": {
            "roc_auc": 0.8459916170819388,
            "pr_auc": 0.266644166495557
        },
        "techno": {
            "roc_auc": 0.9117266250855676,
            "pr_auc": 0.2677280401858885
        },
        "emotional": {
            "roc_auc": 0.6869581974731942,
            "pr_auc": 0.07405661230274785
        },
        "metal": {
            "roc_auc": 0.909401776946925,
            "pr_auc": 0.5310082390250942
        },
        "drums": {
            "roc_auc": 0.4712655959667912,
            "pr_auc": 0.10013590025715532
        },
        "poprock": {
            "roc_auc": 0.8048066511954103,
            "pr_auc": 0.10522127510225067
        },
        "house": {
            "roc_auc": 0.9424212998227749,
            "pr_auc": 0.32097976668499534
        },
        "electricguitar": {
            "roc_auc": 0.5492542694086411,
            "pr_auc": 0.08176790653288585
        },
        "jazz": {
            "roc_auc": 0.8571220253427915,
            "pr_auc": 0.353151685288318
        },
        "atmospheric": {
            "roc_auc": 0.7362540780657458,
            "pr_auc": 0.07394913893105753
        },
        "world": {
            "roc_auc": 0.7756071704943718,
            "pr_auc": 0.11507854232681547
        }
    }
}