{
    "macro_roc": 0.745090430602643,
    "macro_pr": 0.2273551481359045,
    "macro_fl": 0.28962505411525746,
    "avg_macro_f1": 0.5694232346598507,
    "avg_fscore_weighted": 0.9069101682077749,
    "tag_wise": {
        "downtempo": {
            "roc_auc": 0.8412036001788908,
            "pr_auc": 0.08052638213309657
        },
        "electricpiano": {
            "roc_auc": 0.49909928235682677,
            "pr_auc": 0.017234904698952544
        },
        "classical": {
            "roc_auc": 0.9100919774707004,
            "pr_auc": 0.4972930017255188
        },
        "acousticguitar": {
            "roc_auc": 0.7857334339333648,
            "pr_auc": 0.19770421442369346
        },
        "chillout": {
            "roc_auc": 0.8100611006722067,
            "pr_auc": 0.19031108221397375
        },
        "easylistening": {
            "roc_auc": 0.5046964399973562,
            "pr_auc": 0.08157676648291891
        },
        "voice": {
            "roc_auc": 0.5089834472631808,
            "pr_auc": 0.02854401534656982
        },
        "soundtrack": {
            "roc_auc": 0.6434768518605274,
            "pr_auc": 0.23579096946833566
        },
        "guitar": {
            "roc_auc": 0.679522949913563,
            "pr_auc": 0.148639717693693
        },
        "strings": {
            "roc_auc": 0.5940275265315967,
            "pr_auc": 0.030829574385049737
        },
        "instrumentalpop": {
            "roc_auc": 0.6472857025807808,
            "pr_auc": 0.047902252204810175
        },
        "rock": {
            "roc_auc": 0.8838015593777245,
            "pr_auc": 0.5666081088069129
        },
        "relaxing": {
            "roc_auc": 0.8050612226722949,
            "pr_auc": 0.09421786399795437
        },
        "keyboard": {
            "roc_auc": 0.274560952683221,
            "pr_auc": 0.020818290524285063
        },
        "pop": {
            "roc_auc": 0.6941133220665581,
            "pr_auc": 0.30801587639704914
        },
        "ambient": {
            "roc_auc": 0.8479040654361507,
            "pr_auc": 0.4763991210463573
        },
        "happy": {
            "roc_auc": 0.7067457393549662,
            "pr_auc": 0.112837219132158
        },
        "energetic": {
            "roc_auc": 0.6569434973349775,
            "pr_auc": 0.0434248509704411
        },
        "reggae": {
            "roc_auc": 0.933355954381338,
            "pr_auc": 0.46744666027585674
        },
        "funk": {
            "roc_auc": 0.8698179334774254,
            "pr_auc": 0.15504088289453283
        },
        "popfolk": {
            "roc_auc": 0.9251836808783284,
            "pr_auc": 0.3856736293030381
        },
        "film": {
            "roc_auc": 0.6679781022623241,
            "pr_auc": 0.07284259209303924
        },
        "trance": {
            "roc_auc": 0.9460234107689538,
            "pr_auc": 0.3650691448370141
        },
        "drummachine": {
            "roc_auc": 0.5830352295575922,
            "pr_auc": 0.026071029819093414
        },
        "orchestral": {
            "roc_auc": 0.829690911307393,
            "pr_auc": 0.16956411221809467
        },
        "experimental": {
            "roc_auc": 0.8532333646136201,
            "pr_auc": 0.47715393604266676
        },
        "lounge": {
            "roc_auc": 0.8386955670952566,
            "pr_auc": 0.16482918363036614
        },
        "hiphop": {
            "roc_auc": 0.9665772417077203,
            "pr_auc": 0.7074031853824032
        },
        "folk": {
            "roc_auc": 0.9081492185652907,
            "pr_auc": 0.4645704963413559
        },
        "synthesizer": {
            "roc_auc": 0.4948634101958296,
            "pr_auc": 0.11655965453043024
        },
        "electronic": {
            "roc_auc": 0.8429944456067041,
            "pr_auc": 0.6639532282396678
        },
        "piano": {
            "roc_auc": 0.8044567711218648,
            "pr_auc": 0.5534444706563528
        },
        "violin": {
            "roc_auc": 0.6556652765842096,
            "pr_auc": 0.055798730341789865
        },
        "dance": {
            "roc_auc": 0.8914191832069739,
            "pr_auc": 0.36162705148296675
        },
        "newage": {
            "roc_auc": 0.6915028453142207,
            "pr_auc": 0.042933558074460906
        },
        "alternative": {
            "roc_auc": 0.7224339741846286,
            "pr_auc": 0.1464195389805829
        },
        "triphop": {
            "roc_auc": 0.8830771859407082,
            "pr_auc": 0.16703731329102223
        },
        "bass": {
            "roc_auc": 0.5032467744652824,
            "pr_auc": 0.1190537273946598
        },
        "computer": {
            "roc_auc": 0.6777470306737965,
            "pr_auc": 0.10641705534173507
        },
        "indie": {
            "roc_auc": 0.8116252169331847,
            "pr_auc": 0.22267656409829323
        },
        "techno": {
            "roc_auc": 0.8748351822743932,
            "pr_auc": 0.19978822413757985
        },
        "emotional": {
            "roc_auc": 0.5907279240350488,
            "pr_auc": 0.048613019408031324
        },
        "metal": {
            "roc_auc": 0.9269768557250265,
            "pr_auc": 0.6024880580451096
        },
        "drums": {
            "roc_auc": 0.43061355212749636,
            "pr_auc": 0.10708920464657329
        },
        "poprock": {
            "roc_auc": 0.8268561173156995,
            "pr_auc": 0.1324797350439767
        },
        "house": {
            "roc_auc": 0.9479552890344245,
            "pr_auc": 0.37329176133358677
        },
        "electricguitar": {
            "roc_auc": 0.703319944110013,
            "pr_auc": 0.14752091152459917
        },
        "jazz": {
            "roc_auc": 0.8645337969934745,
            "pr_auc": 0.3816019771511293
        },
        "atmospheric": {
            "roc_auc": 0.7196553251993754,
            "pr_auc": 0.05081381844399423
        },
        "world": {
            "roc_auc": 0.7749621427896687,
            "pr_auc": 0.1338107401394509
        }
    }
}