{
    "macro_roc": 0.7438649968993234,
    "macro_pr": 0.20946312154721203,
    "macro_fl": 0.28337956511477613,
    "avg_macro_f1": 0.5285902654111865,
    "avg_fscore_weighted": 0.8743552990202784,
    "tag_wise": {
        "guitar": {
            "roc_auc": 0.7826247365593619,
            "pr_auc": 0.49582569147833155
        },
        "classical": {
            "roc_auc": 0.8559989163080284,
            "pr_auc": 0.41649817276092777
        },
        "slow": {
            "roc_auc": 0.6955417325250637,
            "pr_auc": 0.2859764404070406
        },
        "techno": {
            "roc_auc": 0.9392650559891659,
            "pr_auc": 0.7274710010809655
        },
        "strings": {
            "roc_auc": 0.6561822461348877,
            "pr_auc": 0.12773697164941572
        },
        "drums": {
            "roc_auc": 0.7244948848585313,
            "pr_auc": 0.22435999035276716
        },
        "electronic": {
            "roc_auc": 0.8724745828988529,
            "pr_auc": 0.41393625351252633
        },
        "rock": {
            "roc_auc": 0.9326227018114468,
            "pr_auc": 0.6170648448284879
        },
        "fast": {
            "roc_auc": 0.6290873288527705,
            "pr_auc": 0.14056158466554633
        },
        "piano": {
            "roc_auc": 0.8678199733511363,
            "pr_auc": 0.5090955690961854
        },
        "ambient": {
            "roc_auc": 0.8902353144664448,
            "pr_auc": 0.49335831750301384
        },
        "beat": {
            "roc_auc": 0.7421741970096336,
            "pr_auc": 0.167593352017455
        },
        "violin": {
            "roc_auc": 0.7420162540864808,
            "pr_auc": 0.10435875523207772
        },
        "vocal": {
            "roc_auc": 0.5983099289462275,
            "pr_auc": 0.15412562297281457
        },
        "synth": {
            "roc_auc": 0.797374040252601,
            "pr_auc": 0.17817343535650126
        },
        "female": {
            "roc_auc": 0.8470847939755443,
            "pr_auc": 0.4274264914578468
        },
        "indian": {
            "roc_auc": 0.6686404272611168,
            "pr_auc": 0.06584949881824435
        },
        "opera": {
            "roc_auc": 0.9224470392569414,
            "pr_auc": 0.5534672868165319
        },
        "male": {
            "roc_auc": 0.7327031375703942,
            "pr_auc": 0.19545603507590473
        },
        "singing": {
            "roc_auc": 0.6023771637774316,
            "pr_auc": 0.11918023378229385
        },
        "vocals": {
            "roc_auc": 0.5288757551878118,
            "pr_auc": 0.07976868740600278
        },
        "no vocals": {
            "roc_auc": 0.4636153458202464,
            "pr_auc": 0.04902270044003047
        },
        "harpsichord": {
            "roc_auc": 0.7905781026707891,
            "pr_auc": 0.09214545602608736
        },
        "loud": {
            "roc_auc": 0.8588385417653709,
            "pr_auc": 0.23830859454996842
        },
        "quiet": {
            "roc_auc": 0.6493534959400967,
            "pr_auc": 0.0764748194729381
        },
        "flute": {
            "roc_auc": 0.7820854427569057,
            "pr_auc": 0.08833159128342093
        },
        "woman": {
            "roc_auc": 0.8522606462168967,
            "pr_auc": 0.3437712765635874
        },
        "male vocal": {
            "roc_auc": 0.5279905025767978,
            "pr_auc": 0.059670606024857215
        },
        "no vocal": {
            "roc_auc": 0.4896009460547504,
            "pr_auc": 0.04011816925013613
        },
        "pop": {
            "roc_auc": 0.8644246141396598,
            "pr_auc": 0.2870617652400243
        },
        "soft": {
            "roc_auc": 0.6654981424596255,
            "pr_auc": 0.08427299190280162
        },
        "sitar": {
            "roc_auc": 0.7469939275946785,
            "pr_auc": 0.049518701606559384
        },
        "solo": {
            "roc_auc": 0.7672338046169823,
            "pr_auc": 0.11724857955354344
        },
        "man": {
            "roc_auc": 0.8221622146330271,
            "pr_auc": 0.16348734809928434
        },
        "classic": {
            "roc_auc": 0.8180461651091684,
            "pr_auc": 0.0760152811913896
        },
        "choir": {
            "roc_auc": 0.7051325166351763,
            "pr_auc": 0.0650801351561766
        },
        "voice": {
            "roc_auc": 0.6047984806211973,
            "pr_auc": 0.06702672240065782
        },
        "new age": {
            "roc_auc": 0.5404759443956384,
            "pr_auc": 0.03336228580331966
        },
        "dance": {
            "roc_auc": 0.9535430029074724,
            "pr_auc": 0.414241586839777
        },
        "male voice": {
            "roc_auc": 0.5598827927261399,
            "pr_auc": 0.061509737784084056
        },
        "female vocal": {
            "roc_auc": 0.8294208413231063,
            "pr_auc": 0.21307563516200892
        },
        "beats": {
            "roc_auc": 0.8506773336918889,
            "pr_auc": 0.12070041803043648
        },
        "harp": {
            "roc_auc": 0.7869598988714418,
            "pr_auc": 0.08723741649904235
        },
        "cello": {
            "roc_auc": 0.6950487012987012,
            "pr_auc": 0.007232486712881227
        },
        "no voice": {
            "roc_auc": 0.47718257213897786,
            "pr_auc": 0.023892120078250544
        },
        "weird": {
            "roc_auc": 0.633727702055672,
            "pr_auc": 0.03852784725701111
        },
        "country": {
            "roc_auc": 0.8903186295952827,
            "pr_auc": 0.24579231436354576
        },
        "metal": {
            "roc_auc": 0.9817760033742754,
            "pr_auc": 0.6206512522108598
        },
        "female voice": {
            "roc_auc": 0.8312466216014057,
            "pr_auc": 0.16236573376928545
        },
        "choral": {
            "roc_auc": 0.7260267002949133,
            "pr_auc": 0.04972826781775624
        }
    }
}