{
    "macro_roc": 0.7421065947847193,
    "macro_pr": 0.22342775176442106,
    "macro_fl": 0.28350245725147016,
    "avg_macro_f1": 0.5630615800876566,
    "avg_fscore_weighted": 0.9042959609887221,
    "tag_wise": {
        "downtempo": {
            "roc_auc": 0.8429757379248658,
            "pr_auc": 0.06771514818933225
        },
        "electricpiano": {
            "roc_auc": 0.5028618236142006,
            "pr_auc": 0.01901880816313789
        },
        "classical": {
            "roc_auc": 0.9151358549826071,
            "pr_auc": 0.5248424537663564
        },
        "acousticguitar": {
            "roc_auc": 0.7817170436377161,
            "pr_auc": 0.18939307884736825
        },
        "chillout": {
            "roc_auc": 0.7934912236013338,
            "pr_auc": 0.16799341480869423
        },
        "easylistening": {
            "roc_auc": 0.5010123266465087,
            "pr_auc": 0.07831057513984618
        },
        "voice": {
            "roc_auc": 0.5428164403828932,
            "pr_auc": 0.030867792893313536
        },
        "soundtrack": {
            "roc_auc": 0.5793304907437425,
            "pr_auc": 0.20542452805804573
        },
        "guitar": {
            "roc_auc": 0.6738295132477978,
            "pr_auc": 0.13778947842092204
        },
        "strings": {
            "roc_auc": 0.6037540701881331,
            "pr_auc": 0.03227232759993124
        },
        "instrumentalpop": {
            "roc_auc": 0.6514510134883091,
            "pr_auc": 0.04615631471681918
        },
        "rock": {
            "roc_auc": 0.8924131273496679,
            "pr_auc": 0.6100949871987769
        },
        "relaxing": {
            "roc_auc": 0.7959536232801127,
            "pr_auc": 0.09196929148857386
        },
        "keyboard": {
            "roc_auc": 0.29347697510817716,
            "pr_auc": 0.021657077138388735
        },
        "pop": {
            "roc_auc": 0.7225285723911015,
            "pr_auc": 0.3369453546484701
        },
        "ambient": {
            "roc_auc": 0.8437978791050935,
            "pr_auc": 0.4633276697127065
        },
        "happy": {
            "roc_auc": 0.6884274092635935,
            "pr_auc": 0.09053323204308922
        },
        "energetic": {
            "roc_auc": 0.6129693595873766,
            "pr_auc": 0.040077761550109565
        },
        "reggae": {
            "roc_auc": 0.9372042416496841,
            "pr_auc": 0.48668457944418714
        },
        "funk": {
            "roc_auc": 0.8516398709459769,
            "pr_auc": 0.14995943461207709
        },
        "popfolk": {
            "roc_auc": 0.919593117781636,
            "pr_auc": 0.365726898533037
        },
        "film": {
            "roc_auc": 0.7074165625713306,
            "pr_auc": 0.08517131833923687
        },
        "trance": {
            "roc_auc": 0.9407783180262921,
            "pr_auc": 0.33872883554808214
        },
        "drummachine": {
            "roc_auc": 0.6193347581606995,
            "pr_auc": 0.029092161850665932
        },
        "orchestral": {
            "roc_auc": 0.831586522299676,
            "pr_auc": 0.17557383452829275
        },
        "experimental": {
            "roc_auc": 0.8392173176555853,
            "pr_auc": 0.43380252621723847
        },
        "lounge": {
            "roc_auc": 0.841075685914835,
            "pr_auc": 0.1584433353855445
        },
        "hiphop": {
            "roc_auc": 0.9631785464141298,
            "pr_auc": 0.671650807388601
        },
        "folk": {
            "roc_auc": 0.913139272291475,
            "pr_auc": 0.4366301844714477
        },
        "synthesizer": {
            "roc_auc": 0.46685230918634746,
            "pr_auc": 0.11000141210064371
        },
        "electronic": {
            "roc_auc": 0.846415491803353,
            "pr_auc": 0.6678450125163079
        },
        "piano": {
            "roc_auc": 0.7976903020850923,
            "pr_auc": 0.5432082881041647
        },
        "violin": {
            "roc_auc": 0.6458222751271236,
            "pr_auc": 0.05433939820862384
        },
        "dance": {
            "roc_auc": 0.8979426661839452,
            "pr_auc": 0.35328314625106416
        },
        "newage": {
            "roc_auc": 0.6336959735096999,
            "pr_auc": 0.035291686857841786
        },
        "alternative": {
            "roc_auc": 0.7284156779084789,
            "pr_auc": 0.1469798262214842
        },
        "triphop": {
            "roc_auc": 0.8394438025073195,
            "pr_auc": 0.09354591228009738
        },
        "bass": {
            "roc_auc": 0.4809732175480631,
            "pr_auc": 0.1202982675472195
        },
        "computer": {
            "roc_auc": 0.6742696810681125,
            "pr_auc": 0.09190061715985115
        },
        "indie": {
            "roc_auc": 0.8577154611379696,
            "pr_auc": 0.24318013207711991
        },
        "techno": {
            "roc_auc": 0.86368922687434,
            "pr_auc": 0.1544024086279875
        },
        "emotional": {
            "roc_auc": 0.5795316170082028,
            "pr_auc": 0.0434732145385517
        },
        "metal": {
            "roc_auc": 0.9286546090071824,
            "pr_auc": 0.6461212602912185
        },
        "drums": {
            "roc_auc": 0.4691353189361157,
            "pr_auc": 0.12898203386060825
        },
        "poprock": {
            "roc_auc": 0.7980627192712502,
            "pr_auc": 0.13698657382308826
        },
        "house": {
            "roc_auc": 0.9454882962367599,
            "pr_auc": 0.3826989170125732
        },
        "electricguitar": {
            "roc_auc": 0.7201190127160033,
            "pr_auc": 0.16390225304677372
        },
        "jazz": {
            "roc_auc": 0.8595306266677234,
            "pr_auc": 0.3775088749608062
        },
        "atmospheric": {
            "roc_auc": 0.6959480911728542,
            "pr_auc": 0.045067781066375656
        },
        "world": {
            "roc_auc": 0.7738266650254719,
            "pr_auc": 0.14651736096636084
        }
    }
}