{
    "macro_roc": 0.7441156640693251,
    "macro_pr": 0.1759608979617996,
    "macro_fl": 0.2512708942573569,
    "avg_macro_f1": 0.5255497958353766,
    "avg_fscore_weighted": 0.8880822756830808,
    "tag_wise": {
        "choir": {
            "roc_auc": 0.7175160474615834,
            "pr_auc": 0.05562093774521229
        },
        "male": {
            "roc_auc": 0.7377456699273086,
            "pr_auc": 0.16983308458561555
        },
        "electronic": {
            "roc_auc": 0.8600031370350346,
            "pr_auc": 0.3414834942889983
        },
        "vocal": {
            "roc_auc": 0.6009361686136907,
            "pr_auc": 0.13132874161884123
        },
        "soft": {
            "roc_auc": 0.6727769345096923,
            "pr_auc": 0.07127266891761565
        },
        "metal": {
            "roc_auc": 0.9804356500715912,
            "pr_auc": 0.529067647067326
        },
        "vocals": {
            "roc_auc": 0.5323280313984714,
            "pr_auc": 0.06744626489945696
        },
        "strings": {
            "roc_auc": 0.6523490657738417,
            "pr_auc": 0.1040163354203965
        },
        "solo": {
            "roc_auc": 0.7728781188034499,
            "pr_auc": 0.10173164318800591
        },
        "harpsichord": {
            "roc_auc": 0.7999773536738517,
            "pr_auc": 0.0794992820363127
        },
        "beats": {
            "roc_auc": 0.8429361594669229,
            "pr_auc": 0.09504415492230209
        },
        "harp": {
            "roc_auc": 0.7944807165471874,
            "pr_auc": 0.07502283475091251
        },
        "piano": {
            "roc_auc": 0.8676781085144858,
            "pr_auc": 0.4542066057023628
        },
        "sitar": {
            "roc_auc": 0.7508543497751119,
            "pr_auc": 0.041402144007310855
        },
        "synth": {
            "roc_auc": 0.7865767092812501,
            "pr_auc": 0.14252801325880768
        },
        "violin": {
            "roc_auc": 0.7471047979090348,
            "pr_auc": 0.0881193455492593
        },
        "rock": {
            "roc_auc": 0.9244963645970545,
            "pr_auc": 0.5213387738929359
        },
        "female": {
            "roc_auc": 0.8459723910824809,
            "pr_auc": 0.3580389934547973
        },
        "male voice": {
            "roc_auc": 0.5652557874488,
            "pr_auc": 0.051638759920673606
        },
        "indian": {
            "roc_auc": 0.6657112278002609,
            "pr_auc": 0.05181108434097328
        },
        "choral": {
            "roc_auc": 0.7388367222860232,
            "pr_auc": 0.04267763093018589
        },
        "male vocal": {
            "roc_auc": 0.53250655148193,
            "pr_auc": 0.050558407868095664
        },
        "slow": {
            "roc_auc": 0.6974984213578354,
            "pr_auc": 0.2411216994302468
        },
        "cello": {
            "roc_auc": 0.7079581842154832,
            "pr_auc": 0.006153641239365419
        },
        "flute": {
            "roc_auc": 0.7864008773627509,
            "pr_auc": 0.07361632264200632
        },
        "female voice": {
            "roc_auc": 0.8344586203003275,
            "pr_auc": 0.1377581759485098
        },
        "new age": {
            "roc_auc": 0.5442221318017496,
            "pr_auc": 0.027392635095723962
        },
        "ambient": {
            "roc_auc": 0.8748046195532342,
            "pr_auc": 0.3894040390722881
        },
        "classic": {
            "roc_auc": 0.8234301241965546,
            "pr_auc": 0.06558676262335676
        },
        "fast": {
            "roc_auc": 0.6240949001809574,
            "pr_auc": 0.11459016294004401
        },
        "loud": {
            "roc_auc": 0.8562930344971486,
            "pr_auc": 0.20066617418515098
        },
        "man": {
            "roc_auc": 0.8255052125672072,
            "pr_auc": 0.13432927295779534
        },
        "singing": {
            "roc_auc": 0.6054248062328706,
            "pr_auc": 0.10205548851982202
        },
        "beat": {
            "roc_auc": 0.7271844603578177,
            "pr_auc": 0.13171564106200986
        },
        "dance": {
            "roc_auc": 0.951571354971664,
            "pr_auc": 0.34925148588468014
        },
        "opera": {
            "roc_auc": 0.9222660755127697,
            "pr_auc": 0.4896086946734602
        },
        "no voice": {
            "roc_auc": 0.48089987233507747,
            "pr_auc": 0.01969377333932782
        },
        "guitar": {
            "roc_auc": 0.7741918019116044,
            "pr_auc": 0.40753770480219276
        },
        "classical": {
            "roc_auc": 0.8539409894418746,
            "pr_auc": 0.3571057858636188
        },
        "voice": {
            "roc_auc": 0.6073919902681949,
            "pr_auc": 0.058058521525786416
        },
        "drums": {
            "roc_auc": 0.7131472900429554,
            "pr_auc": 0.18362809341898817
        },
        "weird": {
            "roc_auc": 0.6285462112556504,
            "pr_auc": 0.031010494292858473
        },
        "no vocals": {
            "roc_auc": 0.4668933348319658,
            "pr_auc": 0.04035890574803408
        },
        "female vocal": {
            "roc_auc": 0.8319609692396983,
            "pr_auc": 0.17970378849876603
        },
        "techno": {
            "roc_auc": 0.9241019702821143,
            "pr_auc": 0.5833171372264252
        },
        "country": {
            "roc_auc": 0.8928419476165353,
            "pr_auc": 0.21458374913306086
        },
        "no vocal": {
            "roc_auc": 0.4937990720913633,
            "pr_auc": 0.03308728894248901
        },
        "pop": {
            "roc_auc": 0.864441568561966,
            "pr_auc": 0.24944545836877993
        },
        "quiet": {
            "roc_auc": 0.6503260089771508,
            "pr_auc": 0.06308162445071352
        },
        "woman": {
            "roc_auc": 0.8528312900426651,
            "pr_auc": 0.2904955278380819
        }
    }
}