{
    "roc_auc": 0.8768532873410819,
    "pr_auc": 0.34794388393803943,
    "tag_wise": {
        "rock": {
            "roc_auc": 0.8150939435728579,
            "pr_auc": 0.4901008195917111
        },
        "pop": {
            "roc_auc": 0.8370504284263884,
            "pr_auc": 0.4455823529797882
        },
        "indie": {
            "roc_auc": 0.8777711094735097,
            "pr_auc": 0.4416216162893218
        },
        "alternative": {
            "roc_auc": 0.8037283011850139,
            "pr_auc": 0.21014108021483627
        },
        "electronic": {
            "roc_auc": 0.9002588141792885,
            "pr_auc": 0.5534178177435143
        },
        "hip hop": {
            "roc_auc": 0.9732973684685147,
            "pr_auc": 0.8352761785498123
        },
        "metal": {
            "roc_auc": 0.9267903485571523,
            "pr_auc": 0.3132668767905336
        },
        "jazz": {
            "roc_auc": 0.9279307118673914,
            "pr_auc": 0.6636831775802482
        },
        "punk": {
            "roc_auc": 0.9291418601089502,
            "pr_auc": 0.48348442133640646
        },
        "folk": {
            "roc_auc": 0.8930762856485686,
            "pr_auc": 0.3904737261206913
        },
        "alternative rock": {
            "roc_auc": 0.8596981897636005,
            "pr_auc": 0.17510030808527063
        },
        "indie rock": {
            "roc_auc": 0.903284276260911,
            "pr_auc": 0.4014494415993989
        },
        "dance": {
            "roc_auc": 0.9102321054020517,
            "pr_auc": 0.39428840039435364
        },
        "hard rock": {
            "roc_auc": 0.8884386669767999,
            "pr_auc": 0.4185235403497265
        },
        "00s": {
            "roc_auc": 0.6211126658527256,
            "pr_auc": 0.027459347961223228
        },
        "soul": {
            "roc_auc": 0.9223212563722036,
            "pr_auc": 0.5756942949193007
        },
        "hardcore": {
            "roc_auc": 0.945449094538203,
            "pr_auc": 0.2663754275795243
        },
        "80s": {
            "roc_auc": 0.8951635232408471,
            "pr_auc": 0.4162551241407787
        },
        "country": {
            "roc_auc": 0.9231717394426305,
            "pr_auc": 0.6613399427594989
        },
        "classic rock": {
            "roc_auc": 0.9003612334446031,
            "pr_auc": 0.33683087780338905
        },
        "punk rock": {
            "roc_auc": 0.9470791061751079,
            "pr_auc": 0.3168648528279576
        },
        "blues": {
            "roc_auc": 0.9400811434807178,
            "pr_auc": 0.6891966981784673
        },
        "chillout": {
            "roc_auc": 0.8771581997092445,
            "pr_auc": 0.23124591723025367
        },
        "experimental": {
            "roc_auc": 0.8526441756895445,
            "pr_auc": 0.1585367293180756
        },
        "heavy metal": {
            "roc_auc": 0.8866801925814419,
            "pr_auc": 0.41615564686602147
        },
        "death metal": {
            "roc_auc": 0.9877122121523452,
            "pr_auc": 0.8021724314415118
        },
        "90s": {
            "roc_auc": 0.7143510802133839,
            "pr_auc": 0.06151731384075812
        },
        "reggae": {
            "roc_auc": 0.9652295334968835,
            "pr_auc": 0.8594345978170053
        },
        "progressive rock": {
            "roc_auc": 0.8576877958907344,
            "pr_auc": 0.17648376329059462
        },
        "ambient": {
            "roc_auc": 0.9273158028458193,
            "pr_auc": 0.38518082863548997
        },
        "acoustic": {
            "roc_auc": 0.8736774834434767,
            "pr_auc": 0.18552400335789254
        },
        "beautiful": {
            "roc_auc": 0.7764395423278073,
            "pr_auc": 0.05391495195810567
        },
        "british": {
            "roc_auc": 0.5062135953975059,
            "pr_auc": 0.017476983260210945
        },
        "rnb": {
            "roc_auc": 0.8889712407939623,
            "pr_auc": 0.42293541599865847
        },
        "funk": {
            "roc_auc": 0.9190177571128458,
            "pr_auc": 0.3955302807627562
        },
        "metalcore": {
            "roc_auc": 0.9699377176450308,
            "pr_auc": 0.38792545896130903
        },
        "mellow": {
            "roc_auc": 0.8035408726315216,
            "pr_auc": 0.06849339781057766
        },
        "world": {
            "roc_auc": 0.8668641773840515,
            "pr_auc": 0.1483763338936582
        },
        "guitar": {
            "roc_auc": 0.7910956948710167,
            "pr_auc": 0.10035933768648636
        },
        "trance": {
            "roc_auc": 0.9697756806556511,
            "pr_auc": 0.6896915318920382
        },
        "indie pop": {
            "roc_auc": 0.8787054122031666,
            "pr_auc": 0.2439087864051197
        },
        "christian": {
            "roc_auc": 0.8122328582473413,
            "pr_auc": 0.12915151218172727
        },
        "house": {
            "roc_auc": 0.9251569380197187,
            "pr_auc": 0.2826963632689588
        },
        "spanish": {
            "roc_auc": 0.897027408921471,
            "pr_auc": 0.23931149839771207
        },
        "latin": {
            "roc_auc": 0.9023789811136136,
            "pr_auc": 0.45216254548857315
        },
        "psychedelic": {
            "roc_auc": 0.8510091672656428,
            "pr_auc": 0.11190754280604207
        },
        "electro": {
            "roc_auc": 0.9281344995352285,
            "pr_auc": 0.22901878981346
        },
        "piano": {
            "roc_auc": 0.8580186828584774,
            "pr_auc": 0.24913801215737685
        },
        "70s": {
            "roc_auc": 0.8813621542358265,
            "pr_auc": 0.165431795227263
        },
        "progressive metal": {
            "roc_auc": 0.9337933373733066,
            "pr_auc": 0.2270861033385797
        }
    }
}