{
    "R@1": 0.067,
    "R@5": 0.236,
    "R@10": 0.366,
    "mAP@10": 0.1406400793651071,
    "medRank": 16.0,
    "tag_stat": {
        "mean": 0.14101408421993256,
        "std": 0.23856842517852783
    },
    "caption_stat": {
        "mean": 0.07512153685092926,
        "std": 0.2808637320995331
    },
    "audio_stat": {
        "mean": 0.06362969428300858,
        "std": 0.26537445187568665
    }
}