{
    "macro_roc": 0.7734235030696885,
    "macro_pr": 0.21959036068145404,
    "macro_fl": 0.2836116814114645,
    "avg_macro_f1": 0.5144146181571482,
    "avg_fscore_weighted": 0.9251584141694046,
    "tag_wise": {
        "choir": {
            "roc_auc": 0.8890976587881321,
            "pr_auc": 0.24814752394103934
        },
        "male": {
            "roc_auc": 0.7020767896138083,
            "pr_auc": 0.17530133682953597
        },
        "electronic": {
            "roc_auc": 0.8687442849228757,
            "pr_auc": 0.3194833026171996
        },
        "vocal": {
            "roc_auc": 0.6833387352094283,
            "pr_auc": 0.15815310313929523
        },
        "soft": {
            "roc_auc": 0.7619327704518863,
            "pr_auc": 0.11346332254314123
        },
        "metal": {
            "roc_auc": 0.9718247541252963,
            "pr_auc": 0.5652613789733885
        },
        "vocals": {
            "roc_auc": 0.6290837756296486,
            "pr_auc": 0.08027921172528232
        },
        "strings": {
            "roc_auc": 0.7500635160641642,
            "pr_auc": 0.18732461163733827
        },
        "solo": {
            "roc_auc": 0.6613761054949333,
            "pr_auc": 0.04148920339254127
        },
        "harpsichord": {
            "roc_auc": 0.7803532826879129,
            "pr_auc": 0.07442990833804254
        },
        "beats": {
            "roc_auc": 0.7584264018659869,
            "pr_auc": 0.06749843152501704
        },
        "harp": {
            "roc_auc": 0.6059017809784719,
            "pr_auc": 0.035651566066350796
        },
        "piano": {
            "roc_auc": 0.9320993907213835,
            "pr_auc": 0.7208965351246828
        },
        "sitar": {
            "roc_auc": 0.46976108216387763,
            "pr_auc": 0.017070122540422422
        },
        "synth": {
            "roc_auc": 0.8141240369285978,
            "pr_auc": 0.17653905237440307
        },
        "violin": {
            "roc_auc": 0.8353704618906658,
            "pr_auc": 0.35826068528723454
        },
        "rock": {
            "roc_auc": 0.8821111756081951,
            "pr_auc": 0.5819655999381923
        },
        "female": {
            "roc_auc": 0.9124633723533144,
            "pr_auc": 0.48532390074117465
        },
        "male voice": {
            "roc_auc": 0.6455921568380523,
            "pr_auc": 0.05967231033765728
        },
        "indian": {
            "roc_auc": 0.7165367849537889,
            "pr_auc": 0.07406017043129358
        },
        "choral": {
            "roc_auc": 0.8859837459504389,
            "pr_auc": 0.10928491143977177
        },
        "male vocal": {
            "roc_auc": 0.6749508201311929,
            "pr_auc": 0.06755252821224098
        },
        "slow": {
            "roc_auc": 0.7401726439280019,
            "pr_auc": 0.27531914507341426
        },
        "cello": {
            "roc_auc": 0.8779996232812206,
            "pr_auc": 0.01659509738084944
        },
        "flute": {
            "roc_auc": 0.8830852011937103,
            "pr_auc": 0.17261870313380928
        },
        "female voice": {
            "roc_auc": 0.9111469539831287,
            "pr_auc": 0.18235901887038103
        },
        "new age": {
            "roc_auc": 0.7381818703474755,
            "pr_auc": 0.05567218488119886
        },
        "ambient": {
            "roc_auc": 0.9271016566301956,
            "pr_auc": 0.5274696764244818
        },
        "classic": {
            "roc_auc": 0.828067027817938,
            "pr_auc": 0.09952736086702056
        },
        "fast": {
            "roc_auc": 0.7748243711421204,
            "pr_auc": 0.21543818150164232
        },
        "loud": {
            "roc_auc": 0.8341780845736542,
            "pr_auc": 0.26282973842779167
        },
        "man": {
            "roc_auc": 0.47267645003494063,
            "pr_auc": 0.022309206530868417
        },
        "singing": {
            "roc_auc": 0.6991555726146945,
            "pr_auc": 0.12572187729693918
        },
        "beat": {
            "roc_auc": 0.7411356161507777,
            "pr_auc": 0.13275030704900415
        },
        "dance": {
            "roc_auc": 0.9434443535270883,
            "pr_auc": 0.3771953196504824
        },
        "opera": {
            "roc_auc": 0.9503577865917122,
            "pr_auc": 0.6475429387352499
        },
        "no voice": {
            "roc_auc": 0.5212135443883659,
            "pr_auc": 0.026644500030562297
        },
        "guitar": {
            "roc_auc": 0.7798904355635383,
            "pr_auc": 0.5477174790107991
        },
        "classical": {
            "roc_auc": 0.8618013391546702,
            "pr_auc": 0.4168334628439766
        },
        "voice": {
            "roc_auc": 0.6087931095343994,
            "pr_auc": 0.037276556918845544
        },
        "drums": {
            "roc_auc": 0.5796377543378157,
            "pr_auc": 0.12275595885431723
        },
        "weird": {
            "roc_auc": 0.7854180556820152,
            "pr_auc": 0.08454492119663513
        },
        "no vocals": {
            "roc_auc": 0.48600411053485126,
            "pr_auc": 0.046207867882865274
        },
        "female vocal": {
            "roc_auc": 0.9232262042948346,
            "pr_auc": 0.2731389513985309
        },
        "techno": {
            "roc_auc": 0.9103412417492536,
            "pr_auc": 0.582559823244626
        },
        "country": {
            "roc_auc": 0.9267970296748868,
            "pr_auc": 0.18956002320526058
        },
        "no vocal": {
            "roc_auc": 0.5045097657517358,
            "pr_auc": 0.040177366205897305
        },
        "pop": {
            "roc_auc": 0.9107893303434758,
            "pr_auc": 0.2775635387619908
        },
        "quiet": {
            "roc_auc": 0.8038581432407895,
            "pr_auc": 0.1299498051988539
        },
        "woman": {
            "roc_auc": 0.9161549940450878,
            "pr_auc": 0.3741303063411646
        }
    }
}