{
    "roc_auc": 0.8688894337973423,
    "pr_auc": 0.3021358814742585,
    "tag_wise": {
        "rock": {
            "roc_auc": 0.8134386758482228,
            "pr_auc": 0.48186823046140276
        },
        "pop": {
            "roc_auc": 0.8259145299974349,
            "pr_auc": 0.44570674048703973
        },
        "indie": {
            "roc_auc": 0.849998699329135,
            "pr_auc": 0.3841357000320874
        },
        "alternative": {
            "roc_auc": 0.7870584892390023,
            "pr_auc": 0.20478342044249853
        },
        "electronic": {
            "roc_auc": 0.901537083438821,
            "pr_auc": 0.5424590701484662
        },
        "hip hop": {
            "roc_auc": 0.9745721551274884,
            "pr_auc": 0.8430380144780244
        },
        "metal": {
            "roc_auc": 0.9241711361915947,
            "pr_auc": 0.3023792865975964
        },
        "jazz": {
            "roc_auc": 0.9253749574494452,
            "pr_auc": 0.6093849281852548
        },
        "punk": {
            "roc_auc": 0.9232283032432661,
            "pr_auc": 0.4099008398050568
        },
        "folk": {
            "roc_auc": 0.8684087573493874,
            "pr_auc": 0.3119262466239689
        },
        "alternative rock": {
            "roc_auc": 0.8195784969497825,
            "pr_auc": 0.13592575707333587
        },
        "indie rock": {
            "roc_auc": 0.8810209287564413,
            "pr_auc": 0.3412157515723837
        },
        "dance": {
            "roc_auc": 0.9147620119892034,
            "pr_auc": 0.38590607348890493
        },
        "hard rock": {
            "roc_auc": 0.8747885648197055,
            "pr_auc": 0.331467708312887
        },
        "00s": {
            "roc_auc": 0.6558795434820981,
            "pr_auc": 0.02877876108280661
        },
        "soul": {
            "roc_auc": 0.9076718157044195,
            "pr_auc": 0.4871361652729875
        },
        "hardcore": {
            "roc_auc": 0.9351475874823216,
            "pr_auc": 0.15185241317835066
        },
        "80s": {
            "roc_auc": 0.8591148531547694,
            "pr_auc": 0.3433471934979302
        },
        "country": {
            "roc_auc": 0.9190780269328735,
            "pr_auc": 0.5757726419608483
        },
        "classic rock": {
            "roc_auc": 0.8596999886615709,
            "pr_auc": 0.24310755693305677
        },
        "punk rock": {
            "roc_auc": 0.9336267842312188,
            "pr_auc": 0.21382168190812
        },
        "blues": {
            "roc_auc": 0.9334216443740959,
            "pr_auc": 0.6327900778680278
        },
        "chillout": {
            "roc_auc": 0.8670666189296521,
            "pr_auc": 0.19194958746417726
        },
        "experimental": {
            "roc_auc": 0.858609098765005,
            "pr_auc": 0.13782789116144367
        },
        "heavy metal": {
            "roc_auc": 0.9170396666936307,
            "pr_auc": 0.5465113506536106
        },
        "death metal": {
            "roc_auc": 0.9822123161677242,
            "pr_auc": 0.7699608835584396
        },
        "90s": {
            "roc_auc": 0.679803100640451,
            "pr_auc": 0.05795450431176094
        },
        "reggae": {
            "roc_auc": 0.9641140770409504,
            "pr_auc": 0.8244396846992087
        },
        "progressive rock": {
            "roc_auc": 0.8139832217075305,
            "pr_auc": 0.11399367195741403
        },
        "ambient": {
            "roc_auc": 0.9221742892034358,
            "pr_auc": 0.29516695996525244
        },
        "acoustic": {
            "roc_auc": 0.8785871182945073,
            "pr_auc": 0.18781309140968822
        },
        "beautiful": {
            "roc_auc": 0.772890795282164,
            "pr_auc": 0.055196875353790247
        },
        "british": {
            "roc_auc": 0.6657639668562421,
            "pr_auc": 0.02725090032067536
        },
        "rnb": {
            "roc_auc": 0.8877913419386713,
            "pr_auc": 0.3721316552763005
        },
        "funk": {
            "roc_auc": 0.9106279976710555,
            "pr_auc": 0.3712811142753676
        },
        "metalcore": {
            "roc_auc": 0.9538344011768272,
            "pr_auc": 0.19606312157668251
        },
        "mellow": {
            "roc_auc": 0.7806072770307383,
            "pr_auc": 0.04693368104991502
        },
        "world": {
            "roc_auc": 0.872701798596425,
            "pr_auc": 0.13833670894780178
        },
        "guitar": {
            "roc_auc": 0.7762706115890848,
            "pr_auc": 0.05601065536232427
        },
        "trance": {
            "roc_auc": 0.9730854378783423,
            "pr_auc": 0.619975160253917
        },
        "indie pop": {
            "roc_auc": 0.8554372772349403,
            "pr_auc": 0.18437780823723476
        },
        "christian": {
            "roc_auc": 0.8332498772235037,
            "pr_auc": 0.12939463345922314
        },
        "house": {
            "roc_auc": 0.9326491888569628,
            "pr_auc": 0.24793621544467714
        },
        "spanish": {
            "roc_auc": 0.8859448831906949,
            "pr_auc": 0.15789436618516267
        },
        "latin": {
            "roc_auc": 0.8457227960202802,
            "pr_auc": 0.29247618743630105
        },
        "psychedelic": {
            "roc_auc": 0.7827378090869033,
            "pr_auc": 0.054002606108611365
        },
        "electro": {
            "roc_auc": 0.9192573687704098,
            "pr_auc": 0.1992729303736242
        },
        "piano": {
            "roc_auc": 0.8539689397477814,
            "pr_auc": 0.15047971781373248
        },
        "70s": {
            "roc_auc": 0.8591153749386662,
            "pr_auc": 0.1293773236406351
        },
        "progressive metal": {
            "roc_auc": 0.9117320055822387,
            "pr_auc": 0.14608052800492008
        }
    }
}