{
    "R@1": 0.016,
    "R@5": 0.061999999999986136,
    "R@10": 0.12000000000001386,
    "mAP@10": 0.03884166666666667,
    "medRank": 68.0,
    "tag_stat": {
        "mean": 0.07525571435689926,
        "std": 0.3242139518260956
    },
    "caption_stat": {
        "mean": 0.3067207336425781,
        "std": 0.37497472763061523
    },
    "audio_stat": {
        "mean": 0.23028671741485596,
        "std": 0.30415278673171997
    }
}