{
    "macro_roc": 0.7566563400268279,
    "macro_pr": 0.23100515197194355,
    "macro_fl": 0.2921846589690416,
    "avg_macro_f1": 0.5584028488187318,
    "avg_fscore_weighted": 0.8923718018009947,
    "tag_wise": {
        "downtempo": {
            "roc_auc": 0.8348921064400715,
            "pr_auc": 0.07301604474592259
        },
        "electricpiano": {
            "roc_auc": 0.5309638641180601,
            "pr_auc": 0.019220250585147064
        },
        "classical": {
            "roc_auc": 0.9021938057203275,
            "pr_auc": 0.5282534644137219
        },
        "acousticguitar": {
            "roc_auc": 0.7900978989849172,
            "pr_auc": 0.2097957301317444
        },
        "chillout": {
            "roc_auc": 0.8009899499814745,
            "pr_auc": 0.16513728371051556
        },
        "easylistening": {
            "roc_auc": 0.583711485530924,
            "pr_auc": 0.09698236171463052
        },
        "voice": {
            "roc_auc": 0.5364169943656174,
            "pr_auc": 0.030817586895760214
        },
        "soundtrack": {
            "roc_auc": 0.7393154302346717,
            "pr_auc": 0.3315790018052268
        },
        "guitar": {
            "roc_auc": 0.6464818952641915,
            "pr_auc": 0.13735257579601934
        },
        "strings": {
            "roc_auc": 0.7018790701881331,
            "pr_auc": 0.04377995501681329
        },
        "instrumentalpop": {
            "roc_auc": 0.6978738642708624,
            "pr_auc": 0.05264369930421324
        },
        "rock": {
            "roc_auc": 0.8865881973945602,
            "pr_auc": 0.5462274238544554
        },
        "relaxing": {
            "roc_auc": 0.7965245876474246,
            "pr_auc": 0.11133629450555296
        },
        "keyboard": {
            "roc_auc": 0.3465686894095959,
            "pr_auc": 0.021767174485138915
        },
        "pop": {
            "roc_auc": 0.7315962876151272,
            "pr_auc": 0.3434473655933121
        },
        "ambient": {
            "roc_auc": 0.8420705674051236,
            "pr_auc": 0.4677917842366545
        },
        "happy": {
            "roc_auc": 0.7091071254031863,
            "pr_auc": 0.08631600813800229
        },
        "energetic": {
            "roc_auc": 0.5751970015837133,
            "pr_auc": 0.03497961572669922
        },
        "reggae": {
            "roc_auc": 0.9341772203337485,
            "pr_auc": 0.42063020584564087
        },
        "funk": {
            "roc_auc": 0.8617785025273318,
            "pr_auc": 0.1414310116678476
        },
        "popfolk": {
            "roc_auc": 0.8919032626465103,
            "pr_auc": 0.31990313123868735
        },
        "film": {
            "roc_auc": 0.7840290735952262,
            "pr_auc": 0.1763241304013427
        },
        "trance": {
            "roc_auc": 0.945136322708446,
            "pr_auc": 0.37498427211175817
        },
        "drummachine": {
            "roc_auc": 0.7285536021521349,
            "pr_auc": 0.053808958544649385
        },
        "orchestral": {
            "roc_auc": 0.8715860790028778,
            "pr_auc": 0.28219042637926955
        },
        "experimental": {
            "roc_auc": 0.8549744202463793,
            "pr_auc": 0.45882837964093165
        },
        "lounge": {
            "roc_auc": 0.8494803806592716,
            "pr_auc": 0.1616157573515952
        },
        "hiphop": {
            "roc_auc": 0.9624227371376789,
            "pr_auc": 0.7672042760888338
        },
        "folk": {
            "roc_auc": 0.8708978414411771,
            "pr_auc": 0.38883156154787796
        },
        "synthesizer": {
            "roc_auc": 0.5208352532134455,
            "pr_auc": 0.13903152079801173
        },
        "electronic": {
            "roc_auc": 0.8445962989428268,
            "pr_auc": 0.6670834347520251
        },
        "piano": {
            "roc_auc": 0.7937110444111007,
            "pr_auc": 0.5222136794575424
        },
        "violin": {
            "roc_auc": 0.655176279383622,
            "pr_auc": 0.04997200500208033
        },
        "dance": {
            "roc_auc": 0.8973034152539966,
            "pr_auc": 0.3835862331691805
        },
        "newage": {
            "roc_auc": 0.43103153791281107,
            "pr_auc": 0.021201407297742343
        },
        "alternative": {
            "roc_auc": 0.7071063807483965,
            "pr_auc": 0.14055701063815113
        },
        "triphop": {
            "roc_auc": 0.8814930974865989,
            "pr_auc": 0.153976478261101
        },
        "bass": {
            "roc_auc": 0.5380318371299647,
            "pr_auc": 0.12712543896824666
        },
        "computer": {
            "roc_auc": 0.7179890151291989,
            "pr_auc": 0.10462587776924134
        },
        "indie": {
            "roc_auc": 0.8453107567869097,
            "pr_auc": 0.2820363769750688
        },
        "techno": {
            "roc_auc": 0.8794157630738679,
            "pr_auc": 0.20490444954701642
        },
        "emotional": {
            "roc_auc": 0.6849372813436361,
            "pr_auc": 0.06990080353895295
        },
        "metal": {
            "roc_auc": 0.9155362043171036,
            "pr_auc": 0.5906038245758698
        },
        "drums": {
            "roc_auc": 0.5037756902298736,
            "pr_auc": 0.1117886867038562
        },
        "poprock": {
            "roc_auc": 0.804454148414832,
            "pr_auc": 0.09699485534494157
        },
        "house": {
            "roc_auc": 0.9420718919443403,
            "pr_auc": 0.33435380840584583
        },
        "electricguitar": {
            "roc_auc": 0.7731685449847191,
            "pr_auc": 0.2075629862857064
        },
        "jazz": {
            "roc_auc": 0.8440269907003778,
            "pr_auc": 0.346531526906147
        },
        "atmospheric": {
            "roc_auc": 0.7084060841032258,
            "pr_auc": 0.040998156973391445
        },
        "world": {
            "roc_auc": 0.7370312218217834,
            "pr_auc": 0.10901330574909529
        }
    }
}