{
    "macro_roc": 0.8042482437832095,
    "macro_pr": 0.14522689812070666,
    "macro_fl": 0.19426010137603655,
    "avg_macro_f1": 0.5467023336612739,
    "avg_fscore_weighted": 0.9471323778307743,
    "tag_wise": {
        "dubstep": {
            "roc_auc": 0.8492826414360142,
            "pr_auc": 0.030821777316100883
        },
        "dub": {
            "roc_auc": 0.864196284618711,
            "pr_auc": 0.13339729274009163
        },
        "acidjazz": {
            "roc_auc": 0.8968325475816308,
            "pr_auc": 0.017246693078327907
        },
        "soul": {
            "roc_auc": 0.8689786407841129,
            "pr_auc": 0.05192083050412879
        },
        "reggae": {
            "roc_auc": 0.9365293980992099,
            "pr_auc": 0.48190344111719174
        },
        "deephouse": {
            "roc_auc": 0.9500836607012949,
            "pr_auc": 0.038760279314859085
        },
        "grunge": {
            "roc_auc": 0.9184967998813504,
            "pr_auc": 0.04709244039791644
        },
        "trance": {
            "roc_auc": 0.940754118799537,
            "pr_auc": 0.3362929853827604
        },
        "orchestral": {
            "roc_auc": 0.8349371111079944,
            "pr_auc": 0.17759075035041905
        },
        "latin": {
            "roc_auc": 0.8448800985021152,
            "pr_auc": 0.23363321755666772
        },
        "folk": {
            "roc_auc": 0.913735138177505,
            "pr_auc": 0.43731045913370464
        },
        "electronic": {
            "roc_auc": 0.8434677944278893,
            "pr_auc": 0.6573864462508174
        },
        "groove": {
            "roc_auc": 0.7755700389982192,
            "pr_auc": 0.015429369712241889
        },
        "industrial": {
            "roc_auc": 0.8693220000480006,
            "pr_auc": 0.17930125023625437
        },
        "80s": {
            "roc_auc": 0.7876849887657373,
            "pr_auc": 0.04218070985810599
        },
        "breakbeat": {
            "roc_auc": 0.8674646846254926,
            "pr_auc": 0.03309183509809736
        },
        "90s": {
            "roc_auc": 0.8498983485954015,
            "pr_auc": 0.03611125405589671
        },
        "easylistening": {
            "roc_auc": 0.5018215585245879,
            "pr_auc": 0.07757188995169435
        },
        "improvisation": {
            "roc_auc": 0.7731892081905265,
            "pr_auc": 0.032980310513703946
        },
        "choir": {
            "roc_auc": 0.6796818071411221,
            "pr_auc": 0.003634490143920451
        },
        "hard": {
            "roc_auc": 0.785101937690708,
            "pr_auc": 0.015827784048967543
        },
        "rap": {
            "roc_auc": 0.9699463792294176,
            "pr_auc": 0.513628843994102
        },
        "psychedelic": {
            "roc_auc": 0.710911266627922,
            "pr_auc": 0.025129938189602106
        },
        "swing": {
            "roc_auc": 0.8518804593791484,
            "pr_auc": 0.02473573669380593
        },
        "chanson": {
            "roc_auc": 0.8734069916988192,
            "pr_auc": 0.0591165053910028
        },
        "ambient": {
            "roc_auc": 0.8470163515711904,
            "pr_auc": 0.46740257451640904
        },
        "country": {
            "roc_auc": 0.8999234842499263,
            "pr_auc": 0.18501568381240405
        },
        "darkwave": {
            "roc_auc": 0.8470823180687784,
            "pr_auc": 0.10671890494226609
        },
        "postrock": {
            "roc_auc": 0.831940580980325,
            "pr_auc": 0.04867009496689495
        },
        "popfolk": {
            "roc_auc": 0.9203616820139351,
            "pr_auc": 0.3673347384012381
        },
        "rnb": {
            "roc_auc": 0.8312678134643477,
            "pr_auc": 0.1271546382862564
        },
        "indie": {
            "roc_auc": 0.8582047216349542,
            "pr_auc": 0.2421263352461018
        },
        "dance": {
            "roc_auc": 0.89688559455874,
            "pr_auc": 0.34392384169257456
        },
        "symphonic": {
            "roc_auc": 0.8461836112438521,
            "pr_auc": 0.03247877979885947
        },
        "bossanova": {
            "roc_auc": 0.5170873729874516,
            "pr_auc": 0.005314668864300481
        },
        "electronica": {
            "roc_auc": 0.7120330742131772,
            "pr_auc": 0.0044812315922238884
        },
        "techno": {
            "roc_auc": 0.8622039534834882,
            "pr_auc": 0.15111952808114348
        },
        "poprock": {
            "roc_auc": 0.7989666429064045,
            "pr_auc": 0.13651654928244714
        },
        "atmospheric": {
            "roc_auc": 0.6986459000485201,
            "pr_auc": 0.04503652718228958
        },
        "synthpop": {
            "roc_auc": 0.8454880941920744,
            "pr_auc": 0.11778880190967024
        },
        "alternativerock": {
            "roc_auc": 0.922128263738826,
            "pr_auc": 0.05023590575964992
        },
        "classical": {
            "roc_auc": 0.9176770292587353,
            "pr_auc": 0.5334621259613179
        },
        "celtic": {
            "roc_auc": 0.7869962514321309,
            "pr_auc": 0.05209812155797994
        },
        "chillout": {
            "roc_auc": 0.7951570329569688,
            "pr_auc": 0.16773084510036443
        },
        "progressive": {
            "roc_auc": 0.5874412079336409,
            "pr_auc": 0.042047914257176355
        },
        "contemporary": {
            "roc_auc": 0.7233401962388981,
            "pr_auc": 0.013179100781462573
        },
        "fusion": {
            "roc_auc": 0.6159632350786848,
            "pr_auc": 0.02921732667262216
        },
        "soundtrack": {
            "roc_auc": 0.5796456439336999,
            "pr_auc": 0.2034805377767352
        },
        "60s": {
            "roc_auc": 0.7923033619215367,
            "pr_auc": 0.03864250198915443
        },
        "edm": {
            "roc_auc": 0.8436284749041232,
            "pr_auc": 0.008864033983298209
        },
        "hardrock": {
            "roc_auc": 0.7432511737089202,
            "pr_auc": 0.010073661878455603
        },
        "darkambient": {
            "roc_auc": 0.8938697880307165,
            "pr_auc": 0.1681539352305365
        },
        "disco": {
            "roc_auc": 0.7769498625138129,
            "pr_auc": 0.01727651753689677
        },
        "experimental": {
            "roc_auc": 0.8400093213613209,
            "pr_auc": 0.432185635953219
        },
        "lounge": {
            "roc_auc": 0.8426098284965633,
            "pr_auc": 0.15817336111825894
        },
        "singersongwriter": {
            "roc_auc": 0.8517178850925748,
            "pr_auc": 0.06452885384769415
        },
        "classicrock": {
            "roc_auc": 0.4194475419857646,
            "pr_auc": 0.004228136288659168
        },
        "triphop": {
            "roc_auc": 0.8394660646667109,
            "pr_auc": 0.0930451080172945
        },
        "metal": {
            "roc_auc": 0.9280578690011171,
            "pr_auc": 0.632091539713059
        },
        "bluesrock": {
            "roc_auc": 0.887120471284079,
            "pr_auc": 0.01837642993626857
        },
        "blues": {
            "roc_auc": 0.8625000643535192,
            "pr_auc": 0.2226473104319255
        },
        "hiphop": {
            "roc_auc": 0.9624948247677014,
            "pr_auc": 0.6602814973846647
        },
        "jazz": {
            "roc_auc": 0.8609124530057923,
            "pr_auc": 0.37743035018430565
        },
        "world": {
            "roc_auc": 0.7760006124007855,
            "pr_auc": 0.1441346255748205
        },
        "downtempo": {
            "roc_auc": 0.8438113272421641,
            "pr_auc": 0.0675100274565285
        },
        "eurodance": {
            "roc_auc": 0.93578896148377,
            "pr_auc": 0.15411185902101998
        },