{
    "macro_roc": 0.7556279712261604,
    "macro_pr": 0.2154949415393566,
    "macro_fl": 0.27680508767699497,
    "avg_macro_f1": 0.5567120513006723,
    "avg_fscore_weighted": 0.900700831910084,
    "tag_wise": {
        "downtempo": {
            "roc_auc": 0.8248775207350788,
            "pr_auc": 0.06384797676014439
        },
        "electricpiano": {
            "roc_auc": 0.5278959997025314,
            "pr_auc": 0.018723396652604418
        },
        "classical": {
            "roc_auc": 0.8983113506559465,
            "pr_auc": 0.5459247243168331
        },
        "acousticguitar": {
            "roc_auc": 0.7763367685842405,
            "pr_auc": 0.14803600926182953
        },
        "chillout": {
            "roc_auc": 0.7926649420420262,
            "pr_auc": 0.1770278067217314
        },
        "easylistening": {
            "roc_auc": 0.6219012676767631,
            "pr_auc": 0.10599486521251263
        },
        "voice": {
            "roc_auc": 0.555942938666993,
            "pr_auc": 0.03368680858858264
        },
        "soundtrack": {
            "roc_auc": 0.7574831721444648,
            "pr_auc": 0.3431427534651096
        },
        "guitar": {
            "roc_auc": 0.6729580868603954,
            "pr_auc": 0.14149619582958278
        },
        "strings": {
            "roc_auc": 0.7188719548962854,
            "pr_auc": 0.05015787393535524
        },
        "instrumentalpop": {
            "roc_auc": 0.7039162089807056,
            "pr_auc": 0.05099577051048419
        },
        "rock": {
            "roc_auc": 0.8864025067506438,
            "pr_auc": 0.5101497380297896
        },
        "relaxing": {
            "roc_auc": 0.7617558164980871,
            "pr_auc": 0.06510674129286617
        },
        "keyboard": {
            "roc_auc": 0.38733012269996153,
            "pr_auc": 0.02323037587506627
        },
        "pop": {
            "roc_auc": 0.7062389638955016,
            "pr_auc": 0.30900221761017477
        },
        "ambient": {
            "roc_auc": 0.8446440510021762,
            "pr_auc": 0.47942416070267163
        },
        "happy": {
            "roc_auc": 0.6361027302284267,
            "pr_auc": 0.046998980756708414
        },
        "energetic": {
            "roc_auc": 0.6465313164208009,
            "pr_auc": 0.03929766437841269
        },
        "reggae": {
            "roc_auc": 0.9384566620679565,
            "pr_auc": 0.4313053503355448
        },
        "funk": {
            "roc_auc": 0.8353544482754677,
            "pr_auc": 0.13733431047677794
        },
        "popfolk": {
            "roc_auc": 0.8757550558832673,
            "pr_auc": 0.23305702110878018
        },
        "film": {
            "roc_auc": 0.7928757244245211,
            "pr_auc": 0.1416725871480856
        },
        "trance": {
            "roc_auc": 0.9356473978029893,
            "pr_auc": 0.331793998410095
        },
        "drummachine": {
            "roc_auc": 0.7198757629765337,
            "pr_auc": 0.052927714948089205
        },
        "orchestral": {
            "roc_auc": 0.8494883246705751,
            "pr_auc": 0.22326217807932283
        },
        "experimental": {
            "roc_auc": 0.8467786859886536,
            "pr_auc": 0.405761353410151
        },
        "lounge": {
            "roc_auc": 0.8054165008259864,
            "pr_auc": 0.10722656920767656
        },
        "hiphop": {
            "roc_auc": 0.9596393960836357,
            "pr_auc": 0.7103304394375489
        },
        "folk": {
            "roc_auc": 0.8856124839324195,
            "pr_auc": 0.4056708668486658
        },
        "synthesizer": {
            "roc_auc": 0.5489834168400018,
            "pr_auc": 0.13382313082763966
        },
        "electronic": {
            "roc_auc": 0.8329245379565304,
            "pr_auc": 0.6466377370785272
        },
        "piano": {
            "roc_auc": 0.7858488391273203,
            "pr_auc": 0.5427940766404747
        },
        "violin": {
            "roc_auc": 0.5892848730020636,
            "pr_auc": 0.040283034347858244
        },
        "dance": {
            "roc_auc": 0.8791023333901241,
            "pr_auc": 0.32979958986314706
        },
        "newage": {
            "roc_auc": 0.7093722589246597,
            "pr_auc": 0.04373282185371096
        },
        "alternative": {
            "roc_auc": 0.7266297511389135,
            "pr_auc": 0.15178597687569834
        },
        "triphop": {
            "roc_auc": 0.8714623300124982,
            "pr_auc": 0.10975939053030923
        },
        "bass": {
            "roc_auc": 0.5618873202737529,
            "pr_auc": 0.13504238110057937
        },
        "computer": {
            "roc_auc": 0.7101052130582458,
            "pr_auc": 0.10174299459195274
        },
        "indie": {
            "roc_auc": 0.8636264255609273,
            "pr_auc": 0.27477429546021737
        },
        "techno": {
            "roc_auc": 0.914714336590587,
            "pr_auc": 0.2858169527633425
        },
        "emotional": {
            "roc_auc": 0.6458188113022422,
            "pr_auc": 0.05288160800749247
        },
        "metal": {
            "roc_auc": 0.9305644499794254,
            "pr_auc": 0.5637458655731076
        },
        "drums": {
            "roc_auc": 0.430835651552783,
            "pr_auc": 0.09679929935777601
        },
        "poprock": {
            "roc_auc": 0.7913543302035392,
            "pr_auc": 0.090143973201662
        },
        "house": {
            "roc_auc": 0.9417525351808148,
            "pr_auc": 0.3691383252213676
        },
        "electricguitar": {
            "roc_auc": 0.6130126681779645,
            "pr_auc": 0.12171311976908888
        },
        "jazz": {
            "roc_auc": 0.8388157677472192,
            "pr_auc": 0.22091973681908675
        },
        "atmospheric": {
            "roc_auc": 0.7035057335259488,
            "pr_auc": 0.03981343771623562
        },
        "world": {
            "roc_auc": 0.7267308163894288,
            "pr_auc": 0.0910128800573583
        }
    }
}