{
    "macro_roc": 0.5772889285818963,
    "macro_pr": 0.09441079124803155,
    "macro_fl": 0.1463458668506863,
    "avg_macro_f1": 0.5005738231248102,
    "avg_fscore_weighted": 0.9009332685281212,
    "tag_wise": {
        "electricpiano": {
            "roc_auc": 0.6303164274005266,
            "pr_auc": 0.05479867472691957
        },
        "bongo": {
            "roc_auc": 0.5758408585263709,
            "pr_auc": 0.00553684732706252
        },
        "accordion": {
            "roc_auc": 0.6390470988640453,
            "pr_auc": 0.046620434034831425
        },
        "cello": {
            "roc_auc": 0.6064217522848051,
            "pr_auc": 0.05765798299052044
        },
        "acousticguitar": {
            "roc_auc": 0.8151371755507673,
            "pr_auc": 0.35844545627120356
        },
        "voice": {
            "roc_auc": 0.4950791499435696,
            "pr_auc": 0.060511216490211676
        },
        "organ": {
            "roc_auc": 0.510227405078034,
            "pr_auc": 0.005369775168532286
        },
        "classicalguitar": {
            "roc_auc": 0.473466167892297,
            "pr_auc": 0.02043627118343196
        },
        "orchestra": {
            "roc_auc": 0.5725894643337016,
            "pr_auc": 0.024780667931173395
        },
        "harp": {
            "roc_auc": 0.6079407967719126,
            "pr_auc": 0.016584752739872075
        },
        "guitar": {
            "roc_auc": 0.5933357212413052,
            "pr_auc": 0.2384465648516087
        },
        "strings": {
            "roc_auc": 0.6969920387677397,
            "pr_auc": 0.107645399196174
        },
        "horn": {
            "roc_auc": 0.7065720445562343,
            "pr_auc": 0.01994326317955658
        },
        "trombone": {
            "roc_auc": 0.5701824212271974,
            "pr_auc": 0.02157249606571851
        },
        "trumpet": {
            "roc_auc": 0.5236901892759007,
            "pr_auc": 0.02044428274324033
        },
        "harmonica": {
            "roc_auc": 0.7888865194211729,
            "pr_auc": 0.03243922450775049
        },
        "flute": {
            "roc_auc": 0.5038348477240155,
            "pr_auc": 0.022129896373916824
        },
        "keyboard": {
            "roc_auc": 0.23724964917500485,
            "pr_auc": 0.042311906475439434
        },
        "viola": {
            "roc_auc": 0.6598170156410945,
            "pr_auc": 0.03672703310640243
        },
        "pipeorgan": {
            "roc_auc": 0.6655368299753327,
            "pr_auc": 0.022518928165633514
        },
        "bell": {
            "roc_auc": 0.33597235278455495,
            "pr_auc": 0.009854163677777496
        },
        "clarinet": {
            "roc_auc": 0.5305651573503049,
            "pr_auc": 0.010767044055887007
        },
        "sampler": {
            "roc_auc": 0.8202747665557583,
            "pr_auc": 0.1506169721863559
        },
        "beat": {
            "roc_auc": 0.7218920956128871,
            "pr_auc": 0.040675622973208925
        },
        "saxophone": {
            "roc_auc": 0.6752442747890504,
            "pr_auc": 0.0832104573973609
        },
        "brass": {
            "roc_auc": 0.37629173918787734,
            "pr_auc": 0.013604458803525826
        },
        "drummachine": {
            "roc_auc": 0.794244601786716,
            "pr_auc": 0.1779590039175767
        },
        "acousticbassguitar": {
            "roc_auc": 0.43684207880475767,
            "pr_auc": 0.013052364831447276
        },
        "rhodes": {
            "roc_auc": 0.38611570247933885,
            "pr_auc": 0.008085786358535655
        },
        "doublebass": {
            "roc_auc": 0.5904744296971477,
            "pr_auc": 0.030262774005625992
        },
        "percussion": {
            "roc_auc": 0.447108399014133,
            "pr_auc": 0.0467036041233639
        },
        "synthesizer": {
            "roc_auc": 0.4336195561434999,
            "pr_auc": 0.25138663136456
        },
        "piano": {
            "roc_auc": 0.7795503452349402,
            "pr_auc": 0.7129798637502501
        },
        "violin": {
            "roc_auc": 0.538348170948133,
            "pr_auc": 0.07863820513186832
        },
        "computer": {
            "roc_auc": 0.735613937171628,
            "pr_auc": 0.2542235301928828
        },
        "bass": {
            "roc_auc": 0.5687414185141458,
            "pr_auc": 0.28931297577930415
        },
        "oboe": {
            "roc_auc": 0.5297788581156289,
            "pr_auc": 0.006494188035513088
        },
        "drums": {
            "roc_auc": 0.4213660384369258,
            "pr_auc": 0.20659438203399932
        },
        "electricguitar": {
            "roc_auc": 0.521038509696273,
            "pr_auc": 0.17168030531056477
        },
        "pad": {
            "roc_auc": 0.5763111373011197,
            "pr_auc": 0.005408242462453931
        }
    }
}