{
    "macro_roc": 0.8155473846629772,
    "macro_pr": 0.1496774486499112,
    "macro_fl": 0.20160582826502088,
    "avg_macro_f1": 0.5552190427623366,
    "avg_fscore_weighted": 0.9544504833633146,
    "tag_wise": {
        "dubstep": {
            "roc_auc": 0.8058628119302745,
            "pr_auc": 0.019286110341321872
        },
        "dub": {
            "roc_auc": 0.8677057649407067,
            "pr_auc": 0.12558975302290165
        },
        "acidjazz": {
            "roc_auc": 0.6985612013270472,
            "pr_auc": 0.005359775883114275
        },
        "soul": {
            "roc_auc": 0.875312140847114,
            "pr_auc": 0.06385899951981847
        },
        "reggae": {
            "roc_auc": 0.9316467967675475,
            "pr_auc": 0.42057360742779987
        },
        "deephouse": {
            "roc_auc": 0.9551615015277172,
            "pr_auc": 0.029732983441446918
        },
        "grunge": {
            "roc_auc": 0.9085085507626665,
            "pr_auc": 0.0378177514965404
        },
        "trance": {
            "roc_auc": 0.941325852702823,
            "pr_auc": 0.35394933376629906
        },
        "orchestral": {
            "roc_auc": 0.8747596816870725,
            "pr_auc": 0.26898439057404583
        },
        "latin": {
            "roc_auc": 0.8108114155059998,
            "pr_auc": 0.20411877200084078
        },
        "folk": {
            "roc_auc": 0.902428869447008,
            "pr_auc": 0.42838580549095573
        },
        "electronic": {
            "roc_auc": 0.840839097862354,
            "pr_auc": 0.665081704697776
        },
        "groove": {
            "roc_auc": 0.8227173079957621,
            "pr_auc": 0.013084609178427936
        },
        "industrial": {
            "roc_auc": 0.8941391691781267,
            "pr_auc": 0.20561535679592
        },
        "80s": {
            "roc_auc": 0.8260760415228388,
            "pr_auc": 0.05583268594929457
        },
        "breakbeat": {
            "roc_auc": 0.862461673236969,
            "pr_auc": 0.03255437697587217
        },
        "90s": {
            "roc_auc": 0.8043433003396994,
            "pr_auc": 0.02366807507697935
        },
        "easylistening": {
            "roc_auc": 0.6987057855871219,
            "pr_auc": 0.15218078539523622
        },
        "improvisation": {
            "roc_auc": 0.6845003954653308,
            "pr_auc": 0.013954878536301242
        },
        "choir": {
            "roc_auc": 0.7130457554044207,
            "pr_auc": 0.04753102115735742
        },
        "hard": {
            "roc_auc": 0.8091471828659166,
            "pr_auc": 0.02493591827608234
        },
        "rap": {
            "roc_auc": 0.9767241790488207,
            "pr_auc": 0.5375615970064119
        },
        "psychedelic": {
            "roc_auc": 0.7470769969650006,
            "pr_auc": 0.025114926756787406
        },
        "swing": {
            "roc_auc": 0.7901330801173486,
            "pr_auc": 0.01177990363433096
        },
        "chanson": {
            "roc_auc": 0.8942534783117035,
            "pr_auc": 0.08798224290419487
        },
        "ambient": {
            "roc_auc": 0.8450835008652997,
            "pr_auc": 0.474764542190421
        },
        "country": {
            "roc_auc": 0.8976070621942364,
            "pr_auc": 0.11586539512131498
        },
        "darkwave": {
            "roc_auc": 0.8618444740301606,
            "pr_auc": 0.08937600945786138
        },
        "postrock": {
            "roc_auc": 0.7994925630961907,
            "pr_auc": 0.039003060146606094
        },
        "popfolk": {
            "roc_auc": 0.912090926346011,
            "pr_auc": 0.3434686970199908
        },
        "rnb": {
            "roc_auc": 0.8101063650639285,
            "pr_auc": 0.23262164343289235
        },
        "indie": {
            "roc_auc": 0.846086726721206,
            "pr_auc": 0.2652121389240834
        },
        "dance": {
            "roc_auc": 0.8897983392645316,
            "pr_auc": 0.35319782232526925
        },
        "symphonic": {
            "roc_auc": 0.8527373798458135,
            "pr_auc": 0.034280513466592284
        },
        "bossanova": {
            "roc_auc": 0.88739336768859,
            "pr_auc": 0.023859100817107737
        },
        "electronica": {
            "roc_auc": 0.7302792092468047,
            "pr_auc": 0.004763690369080227
        },
        "techno": {
            "roc_auc": 0.9109345187768687,
            "pr_auc": 0.2646401474448403
        },
        "poprock": {
            "roc_auc": 0.8042605164878074,
            "pr_auc": 0.1037508951185392
        },
        "atmospheric": {
            "roc_auc": 0.7387499272197963,
            "pr_auc": 0.07369610846532487
        },
        "synthpop": {
            "roc_auc": 0.8471405080791652,
            "pr_auc": 0.08452974830453605
        },
        "alternativerock": {
            "roc_auc": 0.8136207880021817,
            "pr_auc": 0.0458197196896386
        },
        "classical": {
            "roc_auc": 0.9027666956708752,
            "pr_auc": 0.5212662246951376
        },
        "celtic": {
            "roc_auc": 0.7503879267193913,
            "pr_auc": 0.03997538765956719
        },
        "chillout": {
            "roc_auc": 0.7852037895935002,
            "pr_auc": 0.15918793344244941
        },
        "progressive": {
            "roc_auc": 0.6440201322273469,
            "pr_auc": 0.08147327263452159
        },
        "contemporary": {
            "roc_auc": 0.5853771295825688,
            "pr_auc": 0.006294880984381499
        },
        "fusion": {
            "roc_auc": 0.7550157093689195,
            "pr_auc": 0.03547262519837268
        },
        "soundtrack": {
            "roc_auc": 0.7372606655457833,
            "pr_auc": 0.30834748995629935
        },
        "60s": {
            "roc_auc": 0.8407000200444389,
            "pr_auc": 0.018954280072779293
        },
        "edm": {
            "roc_auc": 0.7341207208054323,
            "pr_auc": 0.009414370093243134
        },
        "hardrock": {
            "roc_auc": 0.8680999037704488,
            "pr_auc": 0.04281811519008231
        },
        "darkambient": {
            "roc_auc": 0.7249053991876626,
            "pr_auc": 0.03376087352935348
        },
        "disco": {
            "roc_auc": 0.8074717960578726,
            "pr_auc": 0.02338076250052077
        },
        "experimental": {
            "roc_auc": 0.8411725070003103,
            "pr_auc": 0.45023078886190965
        },
        "lounge": {
            "roc_auc": 0.8479765185260467,
            "pr_auc": 0.17388023054683835
        },
        "singersongwriter": {
            "roc_auc": 0.7384138194311891,
            "pr_auc": 0.04947973532165963
        },
        "classicrock": {
            "roc_auc": 0.7483342395561658,
            "pr_auc": 0.034535495212042626
        },
        "triphop": {
            "roc_auc": 0.8837800866991236,
            "pr_auc": 0.13442208662044505
        },
        "metal": {
            "roc_auc": 0.9090331945939707,
            "pr_auc": 0.5242864010500348
        },
        "bluesrock": {
            "roc_auc": 0.9447790737775006,
            "pr_auc": 0.10340468521351259
        },
        "blues": {
            "roc_auc": 0.8529117577189288,
            "pr_auc": 0.2230009736526451
        },
        "hiphop": {
            "roc_auc": 0.9685555731027349,
            "pr_auc": 0.7511079878545518
        },
        "jazz": {
            "roc_auc": 0.8587152059172902,
            "pr_auc": 0.35344854682590116
        },
        "world": {
            "roc_auc": 0.7768095192936916,
            "pr_auc": 0.11365322370166052
        },
        "downtempo": {
            "roc_auc": 0.8529920656623743,
            "pr_auc": 0.09177451758259612
        },
        "eurodance": {
            "roc_auc": 0.92962863230299,
            "pr_auc": 0.09032677354349301
        },