{
    "macro_roc": 0.8156136298493889,
    "macro_pr": 0.14384602172605268,
    "macro_fl": 0.19046705681079532,
    "avg_macro_f1": 0.5458688734430431,
    "avg_fscore_weighted": 0.9465266356379444,
    "tag_wise": {
        "dubstep": {
            "roc_auc": 0.8741265712110186,
            "pr_auc": 0.046232341579390226
        },
        "dub": {
            "roc_auc": 0.8634968227103899,
            "pr_auc": 0.1466529663434259
        },
        "acidjazz": {
            "roc_auc": 0.6020185088178802,
            "pr_auc": 0.0028027769449267014
        },
        "soul": {
            "roc_auc": 0.8861053413312665,
            "pr_auc": 0.0651017650527566
        },
        "reggae": {
            "roc_auc": 0.9376379109797438,
            "pr_auc": 0.42499038126066624
        },
        "deephouse": {
            "roc_auc": 0.8898334060817693,
            "pr_auc": 0.009984288164652133
        },
        "grunge": {
            "roc_auc": 0.9220068527793307,
            "pr_auc": 0.04094936712143371
        },
        "trance": {
            "roc_auc": 0.9359540475554368,
            "pr_auc": 0.33016168350242864
        },
        "orchestral": {
            "roc_auc": 0.8529655133725089,
            "pr_auc": 0.2265382506053443
        },
        "latin": {
            "roc_auc": 0.8296248287688534,
            "pr_auc": 0.14619556764061392
        },
        "folk": {
            "roc_auc": 0.885631970834492,
            "pr_auc": 0.4036545091405857
        },
        "electronic": {
            "roc_auc": 0.8305342777709417,
            "pr_auc": 0.6361644601666362
        },
        "groove": {
            "roc_auc": 0.7347797051464122,
            "pr_auc": 0.012065211148010785
        },
        "industrial": {
            "roc_auc": 0.8778798219177613,
            "pr_auc": 0.21246858537602717
        },
        "80s": {
            "roc_auc": 0.7929479673426352,
            "pr_auc": 0.06406777771285495
        },
        "breakbeat": {
            "roc_auc": 0.8451160753394656,
            "pr_auc": 0.029115122326731753
        },
        "90s": {
            "roc_auc": 0.7784681363047705,
            "pr_auc": 0.01710558309386891
        },
        "easylistening": {
            "roc_auc": 0.626464050740339,
            "pr_auc": 0.10641217391339275
        },
        "improvisation": {
            "roc_auc": 0.7322023024870375,
            "pr_auc": 0.018566648209416385
        },
        "choir": {
            "roc_auc": 0.760459679378188,
            "pr_auc": 0.04798406608313909
        },
        "hard": {
            "roc_auc": 0.8088323324198784,
            "pr_auc": 0.015824557669033193
        },
        "rap": {
            "roc_auc": 0.9718745697817986,
            "pr_auc": 0.5688870891349479
        },
        "psychedelic": {
            "roc_auc": 0.7217587659821775,
            "pr_auc": 0.022500104403244695
        },
        "swing": {
            "roc_auc": 0.8157641123031789,
            "pr_auc": 0.017177965574098578
        },
        "chanson": {
            "roc_auc": 0.8672933473634982,
            "pr_auc": 0.04613470535741086
        },
        "ambient": {
            "roc_auc": 0.8481154910096818,
            "pr_auc": 0.4842306001266755
        },
        "country": {
            "roc_auc": 0.8789569716123574,
            "pr_auc": 0.0912618335439734
        },
        "darkwave": {
            "roc_auc": 0.8398477731166318,
            "pr_auc": 0.08490153940961162
        },
        "postrock": {
            "roc_auc": 0.8312407118088634,
            "pr_auc": 0.053896526639172875
        },
        "popfolk": {
            "roc_auc": 0.8761085691014062,
            "pr_auc": 0.23230786608805265
        },
        "rnb": {
            "roc_auc": 0.8940580387402064,
            "pr_auc": 0.2511015905954968
        },
        "indie": {
            "roc_auc": 0.8634702178509055,
            "pr_auc": 0.2724205660057936
        },
        "dance": {
            "roc_auc": 0.8784130710971663,
            "pr_auc": 0.32275269378556115
        },
        "symphonic": {
            "roc_auc": 0.7971852309201707,
            "pr_auc": 0.02247657666113818
        },
        "bossanova": {
            "roc_auc": 0.8041430110344426,
            "pr_auc": 0.007975923380212394
        },
        "electronica": {
            "roc_auc": 0.8197804757329608,
            "pr_auc": 0.007755872919831582
        },
        "techno": {
            "roc_auc": 0.91341925219208,
            "pr_auc": 0.2782388515718287
        },
        "poprock": {
            "roc_auc": 0.7897647562587146,
            "pr_auc": 0.08850877059641649
        },
        "atmospheric": {
            "roc_auc": 0.7064595827268316,
            "pr_auc": 0.03978157509479867
        },
        "synthpop": {
            "roc_auc": 0.8759389530348648,
            "pr_auc": 0.12513485473504818
        },
        "alternativerock": {
            "roc_auc": 0.8428367412366713,
            "pr_auc": 0.016691696278233747
        },
        "classical": {
            "roc_auc": 0.9004182426606527,
            "pr_auc": 0.5503712298485485
        },
        "celtic": {
            "roc_auc": 0.7457091689747611,
            "pr_auc": 0.04254193513498928
        },
        "chillout": {
            "roc_auc": 0.7937578500124292,
            "pr_auc": 0.1761853644581411
        },
        "progressive": {
            "roc_auc": 0.5302525296810059,
            "pr_auc": 0.028968264593852017
        },
        "contemporary": {
            "roc_auc": 0.5287768234797516,
            "pr_auc": 0.005258644171487105
        },
        "fusion": {
            "roc_auc": 0.7638975780168795,
            "pr_auc": 0.04390422560920537
        },
        "soundtrack": {
            "roc_auc": 0.7619581657597069,
            "pr_auc": 0.3473072304664371
        },
        "60s": {
            "roc_auc": 0.8157617526516233,
            "pr_auc": 0.0119666845793087
        },
        "edm": {
            "roc_auc": 0.7748591232394602,
            "pr_auc": 0.00490295420526494
        },
        "hardrock": {
            "roc_auc": 0.9242684367071997,
            "pr_auc": 0.07665121791462161
        },
        "darkambient": {
            "roc_auc": 0.8510675810750776,
            "pr_auc": 0.07026000750834745
        },
        "disco": {
            "roc_auc": 0.8397283684115846,
            "pr_auc": 0.023341671850610583
        },
        "experimental": {
            "roc_auc": 0.8471927147117903,
            "pr_auc": 0.4015762976248109
        },
        "lounge": {
            "roc_auc": 0.8065011118840207,
            "pr_auc": 0.1066580676440257
        },
        "singersongwriter": {
            "roc_auc": 0.8768430907388723,
            "pr_auc": 0.11088586319383101
        },
        "classicrock": {
            "roc_auc": 0.7181954185059918,
            "pr_auc": 0.018666922095729586
        },
        "triphop": {
            "roc_auc": 0.8717515448958898,
            "pr_auc": 0.10934629131286998
        },
        "metal": {
            "roc_auc": 0.9298499378165596,
            "pr_auc": 0.5475942264428307
        },
        "bluesrock": {
            "roc_auc": 0.9036810801362454,
            "pr_auc": 0.07457783689603306
        },
        "blues": {
            "roc_auc": 0.8509885068291954,
            "pr_auc": 0.15901324541156858
        },
        "hiphop": {
            "roc_auc": 0.9583727077811307,
            "pr_auc": 0.6891878795814271
        },
        "jazz": {
            "roc_auc": 0.8403005180078129,
            "pr_auc": 0.22065003383036233
        },
        "world": {
            "roc_auc": 0.7276336890259006,
            "pr_auc": 0.09036427823583515
        },
        "downtempo": {
            "roc_auc": 0.8258482261346545,
            "pr_auc": 0.06346943991844714
        },
        "eurodance": {
            "roc_auc": 0.8804995346683864,
            "pr_auc": 0.07055429050469017
        },