{
    "macro_roc": 0.7614175408554057,
    "macro_pr": 0.23595057730604288,
    "macro_fl": 0.2945846648319618,
    "avg_macro_f1": 0.5045140518172126,
    "avg_fscore_weighted": 0.9129847117018811,
    "tag_wise": {
        "downtempo": {
            "roc_auc": 0.8326376748251749,
            "pr_auc": 0.06448832548367699
        },
        "electricpiano": {
            "roc_auc": 0.4286556384530754,
            "pr_auc": 0.018944413061512278
        },
        "classical": {
            "roc_auc": 0.9124520557626518,
            "pr_auc": 0.5564541658056561
        },
        "acousticguitar": {
            "roc_auc": 0.8212070380106766,
            "pr_auc": 0.23381964153460963
        },
        "chillout": {
            "roc_auc": 0.8062219638225797,
            "pr_auc": 0.18607946036430434
        },
        "easylistening": {
            "roc_auc": 0.6619218533322457,
            "pr_auc": 0.12142543386719527
        },
        "voice": {
            "roc_auc": 0.6739993826096147,
            "pr_auc": 0.06684402765810173
        },
        "soundtrack": {
            "roc_auc": 0.7553138978316802,
            "pr_auc": 0.3854907513002571
        },
        "guitar": {
            "roc_auc": 0.6763170768995566,
            "pr_auc": 0.1578299106448452
        },
        "strings": {
            "roc_auc": 0.7697170465508923,
            "pr_auc": 0.07012952597978245
        },
        "instrumentalpop": {
            "roc_auc": 0.7214482360908274,
            "pr_auc": 0.05563782572263132
        },
        "rock": {
            "roc_auc": 0.9008429128010031,
            "pr_auc": 0.5440612307135085
        },
        "relaxing": {
            "roc_auc": 0.7640036408133181,
            "pr_auc": 0.06766679322285984
        },
        "keyboard": {
            "roc_auc": 0.3159148494030912,
            "pr_auc": 0.020817861884013803
        },
        "pop": {
            "roc_auc": 0.72839205645766,
            "pr_auc": 0.3176915437890597
        },
        "ambient": {
            "roc_auc": 0.8495483283598344,
            "pr_auc": 0.4843018035012692
        },
        "happy": {
            "roc_auc": 0.6714844509414932,
            "pr_auc": 0.06121677139820122
        },
        "energetic": {
            "roc_auc": 0.6252118119552292,
            "pr_auc": 0.03336504403475449
        },
        "reggae": {
            "roc_auc": 0.9285057714149874,
            "pr_auc": 0.47262006416463354
        },
        "funk": {
            "roc_auc": 0.8690197440647729,
            "pr_auc": 0.18092679977698362
        },
        "popfolk": {
            "roc_auc": 0.9213814717877651,
            "pr_auc": 0.393225831166668
        },
        "film": {
            "roc_auc": 0.7975198943335262,
            "pr_auc": 0.15923249347673357
        },
        "trance": {
            "roc_auc": 0.9446486583828562,
            "pr_auc": 0.3917551107061092
        },
        "drummachine": {
            "roc_auc": 0.6821825325013824,
            "pr_auc": 0.04012097251588849
        },
        "orchestral": {
            "roc_auc": 0.8709001510903254,
            "pr_auc": 0.3134485233904401
        },
        "experimental": {
            "roc_auc": 0.8500870463717433,
            "pr_auc": 0.40488592313736105
        },
        "lounge": {
            "roc_auc": 0.8226132586462342,
            "pr_auc": 0.12678334069933908
        },
        "hiphop": {
            "roc_auc": 0.9682453611342203,
            "pr_auc": 0.7504534941806175
        },
        "folk": {
            "roc_auc": 0.883191544580232,
            "pr_auc": 0.39193520991898345
        },
        "synthesizer": {
            "roc_auc": 0.5010244633750625,
            "pr_auc": 0.1273984749055426
        },
        "electronic": {
            "roc_auc": 0.8345841903111022,
            "pr_auc": 0.6507173112837857
        },
        "piano": {
            "roc_auc": 0.8204620570882091,
            "pr_auc": 0.5840527731459567
        },
        "violin": {
            "roc_auc": 0.6301303936161706,
            "pr_auc": 0.05184430920953496
        },
        "dance": {
            "roc_auc": 0.880458833801857,
            "pr_auc": 0.327672341399581
        },
        "newage": {
            "roc_auc": 0.5024420593188113,
            "pr_auc": 0.024451015242016476
        },
        "alternative": {
            "roc_auc": 0.7283801931053241,
            "pr_auc": 0.1677457639454548
        },
        "triphop": {
            "roc_auc": 0.8199312582560631,
            "pr_auc": 0.08506378138497278
        },
        "bass": {
            "roc_auc": 0.49154182745007174,
            "pr_auc": 0.11323801290349611
        },
        "computer": {
            "roc_auc": 0.7338213169953098,
            "pr_auc": 0.11981439352349577
        },
        "indie": {
            "roc_auc": 0.8712798283128796,
            "pr_auc": 0.29099393463121054
        },
        "techno": {
            "roc_auc": 0.9100004267316507,
            "pr_auc": 0.2752640019000973
        },
        "emotional": {
            "roc_auc": 0.6851642379774101,
            "pr_auc": 0.060331828413683494
        },
        "metal": {
            "roc_auc": 0.9193829101707093,
            "pr_auc": 0.5031395749582022
        },
        "drums": {
            "roc_auc": 0.49128381040731633,
            "pr_auc": 0.10747991768590359
        },
        "poprock": {
            "roc_auc": 0.7117057146844878,
            "pr_auc": 0.0849233229497815
        },
        "house": {
            "roc_auc": 0.947685083670708,
            "pr_auc": 0.4116480866758158
        },
        "electricguitar": {
            "roc_auc": 0.762289456323793,
            "pr_auc": 0.20615235555284186
        },
        "jazz": {
            "roc_auc": 0.8818176451745,
            "pr_auc": 0.36265402241641725
        },
        "atmospheric": {
            "roc_auc": 0.7119715095622867,
            "pr_auc": 0.043860855589846495
        },
        "world": {
            "roc_auc": 0.7819344772079078,
            "pr_auc": 0.12743049448450913
        }
    }
}