{
    "roc_auc": 0.9058308243656346,
    "pr_auc": 0.40242921552963073,
    "tag_wise": {
        "rock": {
            "roc_auc": 0.8287757551338661,
            "pr_auc": 0.4926326277807624
        },
        "pop": {
            "roc_auc": 0.8535168887303879,
            "pr_auc": 0.48179114339639156
        },
        "indie": {
            "roc_auc": 0.8904508296477387,
            "pr_auc": 0.4703182606086718
        },
        "alternative": {
            "roc_auc": 0.8267204196351745,
            "pr_auc": 0.2289176085825158
        },
        "electronic": {
            "roc_auc": 0.9109306915869694,
            "pr_auc": 0.5466549411025865
        },
        "hip hop": {
            "roc_auc": 0.9815908076068233,
            "pr_auc": 0.8514672674827463
        },
        "metal": {
            "roc_auc": 0.9355883672436272,
            "pr_auc": 0.3295242055492019
        },
        "jazz": {
            "roc_auc": 0.9452593405440382,
            "pr_auc": 0.6885400634557421
        },
        "punk": {
            "roc_auc": 0.9460687016260041,
            "pr_auc": 0.5480609467611095
        },
        "folk": {
            "roc_auc": 0.9089018762655022,
            "pr_auc": 0.4166970371555636
        },
        "alternative rock": {
            "roc_auc": 0.8859086319655914,
            "pr_auc": 0.25869301210712015
        },
        "indie rock": {
            "roc_auc": 0.9151436456466152,
            "pr_auc": 0.42377165278174145
        },
        "dance": {
            "roc_auc": 0.9279530646256944,
            "pr_auc": 0.41868708043078495
        },
        "hard rock": {
            "roc_auc": 0.9057613327917577,
            "pr_auc": 0.4628901963272788
        },
        "00s": {
            "roc_auc": 0.687660152687476,
            "pr_auc": 0.031357506327561874
        },
        "soul": {
            "roc_auc": 0.9384563986568335,
            "pr_auc": 0.5982757464254489
        },
        "hardcore": {
            "roc_auc": 0.9668702140305375,
            "pr_auc": 0.41681408456362157
        },
        "80s": {
            "roc_auc": 0.9165004517894996,
            "pr_auc": 0.4456472462568909
        },
        "country": {
            "roc_auc": 0.9516647974182686,
            "pr_auc": 0.7321347569505284
        },
        "classic rock": {
            "roc_auc": 0.918264109393031,
            "pr_auc": 0.3750862595734024
        },
        "punk rock": {
            "roc_auc": 0.9589684345610752,
            "pr_auc": 0.34959524796052394
        },
        "blues": {
            "roc_auc": 0.9518705458315839,
            "pr_auc": 0.7321318614930755
        },
        "chillout": {
            "roc_auc": 0.8876498703224689,
            "pr_auc": 0.27146660954630975
        },
        "experimental": {
            "roc_auc": 0.8933173266982908,
            "pr_auc": 0.19345329035103653
        },
        "heavy metal": {
            "roc_auc": 0.9346803757792407,
            "pr_auc": 0.5996551880459711
        },
        "death metal": {
            "roc_auc": 0.9922897621523028,
            "pr_auc": 0.8897286116329758
        },
        "90s": {
            "roc_auc": 0.8193381659928759,
            "pr_auc": 0.14476245719261294
        },
        "reggae": {
            "roc_auc": 0.9746688557184261,
            "pr_auc": 0.8993725525709775
        },
        "progressive rock": {
            "roc_auc": 0.8924030967214932,
            "pr_auc": 0.2647882934617035
        },
        "ambient": {
            "roc_auc": 0.9421275292289909,
            "pr_auc": 0.42037183811604467
        },
        "acoustic": {
            "roc_auc": 0.9097629808502313,
            "pr_auc": 0.253299445247788
        },
        "beautiful": {
            "roc_auc": 0.7903445455913679,
            "pr_auc": 0.06559164523596632
        },
        "british": {
            "roc_auc": 0.7374463122364253,
            "pr_auc": 0.04337828767863471
        },
        "rnb": {
            "roc_auc": 0.910059623911843,
            "pr_auc": 0.4575357680815797
        },
        "funk": {
            "roc_auc": 0.9411633511328393,
            "pr_auc": 0.49339476897596235
        },
        "metalcore": {
            "roc_auc": 0.9811151422739846,
            "pr_auc": 0.6279067094133598
        },
        "mellow": {
            "roc_auc": 0.8092835025178514,
            "pr_auc": 0.0679814668398985
        },
        "world": {
            "roc_auc": 0.9058616740397833,
            "pr_auc": 0.21749337982467626
        },
        "guitar": {
            "roc_auc": 0.8127374499742654,
            "pr_auc": 0.11018310652579276
        },
        "trance": {
            "roc_auc": 0.9830778582816492,
            "pr_auc": 0.7476381393033995
        },
        "indie pop": {
            "roc_auc": 0.9067950242901118,
            "pr_auc": 0.28244853406502635
        },
        "christian": {
            "roc_auc": 0.8872311159709371,
            "pr_auc": 0.2609679166864239
        },
        "house": {
            "roc_auc": 0.9442451564965041,
            "pr_auc": 0.33293074847247967
        },
        "spanish": {
            "roc_auc": 0.9619633750470086,
            "pr_auc": 0.36798184675475587
        },
        "latin": {
            "roc_auc": 0.9328125643707383,
            "pr_auc": 0.5050844955600967
        },
        "psychedelic": {
            "roc_auc": 0.879658054821748,
            "pr_auc": 0.1432409139018133
        },
        "electro": {
            "roc_auc": 0.9439567267734634,
            "pr_auc": 0.3030532942320301
        },
        "piano": {
            "roc_auc": 0.8995942705900669,
            "pr_auc": 0.30952896740243424
        },
        "70s": {
            "roc_auc": 0.9200721205764427,
            "pr_auc": 0.2232144504172216
        },
        "progressive metal": {
            "roc_auc": 0.9450599285022802,
            "pr_auc": 0.3253192978712955
        }
    }
}