{
    "R@1": 0.025000000000006933,
    "R@5": 0.137,
    "R@10": 0.22500000000005546,
    "mAP@10": 0.07421825396824011,
    "medRank": 47.0,
    "tag_stat": {
        "mean": 0.20167231559753418,
        "std": 0.250210702419281
    },
    "caption_stat": {
        "mean": 0.5575900673866272,
        "std": 0.24642948806285858
    },
    "audio_stat": {
        "mean": 0.15256677567958832,
        "std": 0.13563236594200134
    }
}