{
    "macro_roc": 0.5964528901133852,
    "macro_pr": 0.06591562150612426,
    "macro_fl": 0.11270914881489455,
    "avg_macro_f1": 0.5025193436976991,
    "avg_fscore_weighted": 0.9302341970070775,
    "tag_wise": {
        "movie": {
            "roc_auc": 0.4536267585504399,
            "pr_auc": 0.020673400322237977
        },
        "hopeful": {
            "roc_auc": 0.6308611536838364,
            "pr_auc": 0.016657092687121216
        },
        "calm": {
            "roc_auc": 0.6109742755351081,
            "pr_auc": 0.03568111999394262
        },
        "soundscape": {
            "roc_auc": 0.5208521393753385,
            "pr_auc": 0.006778867872265849
        },
        "dream": {
            "roc_auc": 0.5827488243514807,
            "pr_auc": 0.0708918994306997
        },
        "game": {
            "roc_auc": 0.5772781840008732,
            "pr_auc": 0.021458281009917028
        },
        "action": {
            "roc_auc": 0.6403635585970915,
            "pr_auc": 0.021936291476990638
        },
        "uplifting": {
            "roc_auc": 0.4610830274911709,
            "pr_auc": 0.021628074260884873
        },
        "deep": {
            "roc_auc": 0.9000959210380867,
            "pr_auc": 0.300273362452894
        },
        "groovy": {
            "roc_auc": 0.6672862030942719,
            "pr_auc": 0.02066194995053341
        },
        "melodic": {
            "roc_auc": 0.479725582491911,
            "pr_auc": 0.0646931933590646
        },
        "meditative": {
            "roc_auc": 0.7219959230126487,
            "pr_auc": 0.10647319561579713
        },
        "party": {
            "roc_auc": 0.7928247997213516,
            "pr_auc": 0.06772160930919947
        },
        "cool": {
            "roc_auc": 0.5683505553069443,
            "pr_auc": 0.013618117446434399
        },
        "fun": {
            "roc_auc": 0.8393244249408633,
            "pr_auc": 0.06423414876861466
        },
        "commercial": {
            "roc_auc": 0.4338149488424725,
            "pr_auc": 0.03336029263227766
        },
        "documentary": {
            "roc_auc": 0.48640447602711756,
            "pr_auc": 0.03202109180758002
        },
        "slow": {
            "roc_auc": 0.5533178890944505,
            "pr_auc": 0.02481126573597258
        },
        "motivational": {
            "roc_auc": 0.30452818372706175,
            "pr_auc": 0.029015279819623534
        },
        "relaxing": {
            "roc_auc": 0.6936392336648793,
            "pr_auc": 0.1516089279735174
        },
        "powerful": {
            "roc_auc": 0.338974489940694,
            "pr_auc": 0.014477102188101394
        },
        "love": {
            "roc_auc": 0.61988805951981,
            "pr_auc": 0.07381789117557687
        },
        "romantic": {
            "roc_auc": 0.7679633138277359,
            "pr_auc": 0.09988641244792634
        },
        "sad": {
            "roc_auc": 0.6761245362566949,
            "pr_auc": 0.0921060370555972
        },
        "dark": {
            "roc_auc": 0.8202690398566688,
            "pr_auc": 0.28812558182682985
        },
        "heavy": {
            "roc_auc": 0.8647741321921064,
            "pr_auc": 0.11565572745608683
        },
        "sport": {
            "roc_auc": 0.614316583620483,
            "pr_auc": 0.016823828210652085
        },
        "melancholic": {
            "roc_auc": 0.44277919450657477,
            "pr_auc": 0.020008899366414475
        },
        "energetic": {
            "roc_auc": 0.6385314270380995,
            "pr_auc": 0.12235438033041791
        },
        "summer": {
            "roc_auc": 0.4587985267672542,
            "pr_auc": 0.032976451879180954
        },
        "trailer": {
            "roc_auc": 0.45830947267955136,
            "pr_auc": 0.008069483452327523
        },
        "christmas": {
            "roc_auc": 0.5687142759702613,
            "pr_auc": 0.0464206074816236
        },
        "soft": {
            "roc_auc": 0.6799670419799001,
            "pr_auc": 0.04842381977606823
        },
        "travel": {
            "roc_auc": 0.6546479564583424,
            "pr_auc": 0.016196748503444273
        },
        "film": {
            "roc_auc": 0.7635939910101274,
            "pr_auc": 0.29133978415320944
        },
        "dramatic": {
            "roc_auc": 0.6419700261119523,
            "pr_auc": 0.0415371137276376
        },
        "sexy": {
            "roc_auc": 0.7565627000823196,
            "pr_auc": 0.04185930470649039
        },
        "epic": {
            "roc_auc": 0.7098522866601988,
            "pr_auc": 0.16782397723182713
        },
        "upbeat": {
            "roc_auc": 0.6694427650141072,
            "pr_auc": 0.04677595258883805
        },
        "ballad": {
            "roc_auc": 0.5859493906193723,
            "pr_auc": 0.03582092395182077
        },
        "inspiring": {
            "roc_auc": 0.5255465042924929,
            "pr_auc": 0.056793051016523204
        },
        "funny": {
            "roc_auc": 0.7505146262188516,
            "pr_auc": 0.03523407580952188
        },
        "advertising": {
            "roc_auc": 0.5941238214162912,
            "pr_auc": 0.05845199826518048
        },
        "corporate": {
            "roc_auc": 0.4232895539044981,
            "pr_auc": 0.027549003468001765
        },
        "happy": {
            "roc_auc": 0.6914553811499019,
            "pr_auc": 0.20862488387997835
        },
        "background": {
            "roc_auc": 0.45730040757612084,
            "pr_auc": 0.012375447528407427
        },
        "positive": {
            "roc_auc": 0.41288123246012887,
            "pr_auc": 0.018370315647572806
        },
        "fast": {
            "roc_auc": 0.7231643625192011,
            "pr_auc": 0.03455162753683905
        },
        "adventure": {
            "roc_auc": 0.5693596340766153,
            "pr_auc": 0.030059697885928664
        },
        "retro": {
            "roc_auc": 0.23999162660429926,
            "pr_auc": 0.00482815743425374
        },
        "emotional": {
            "roc_auc": 0.6116724760677932,
            "pr_auc": 0.1387248169085074
        },
        "holiday": {
            "roc_auc": 0.5236500744097199,
            "pr_auc": 0.010645639908948675
        },
        "drama": {
            "roc_auc": 0.45315186672616387,
            "pr_auc": 0.015993410380450344
        },
        "children": {
            "roc_auc": 0.8837984796462305,
            "pr_auc": 0.2674558873129327
        },
        "space": {
            "roc_auc": 0.6316539166467448,
            "pr_auc": 0.018544214775264876
        },
        "nature": {
            "roc_auc": 0.2592826099748653,
            "pr_auc": 0.008375087149007207
        }
    }
}