{
    "macro_roc": 0.7433778335903918,
    "macro_pr": 0.2090922445055077,
    "macro_fl": 0.2726320578046344,
    "avg_macro_f1": 0.546273704027545,
    "avg_fscore_weighted": 0.8767730567593894,
    "tag_wise": {
        "downtempo": {
            "roc_auc": 0.7644131667750853,
            "pr_auc": 0.039846721846544204
        },
        "electricpiano": {
            "roc_auc": 0.5026947162126989,
            "pr_auc": 0.019920004471535323
        },
        "classical": {
            "roc_auc": 0.9060643820334187,
            "pr_auc": 0.5407407864657983
        },
        "acousticguitar": {
            "roc_auc": 0.7760602368904105,
            "pr_auc": 0.180611074261589
        },
        "chillout": {
            "roc_auc": 0.75900565024083,
            "pr_auc": 0.1177761801369511
        },
        "easylistening": {
            "roc_auc": 0.6719486277197144,
            "pr_auc": 0.1272452888889072
        },
        "voice": {
            "roc_auc": 0.5195817041087052,
            "pr_auc": 0.030921129140276914
        },
        "soundtrack": {
            "roc_auc": 0.7583272001296756,
            "pr_auc": 0.3188122365578448
        },
        "guitar": {
            "roc_auc": 0.7070887184975245,
            "pr_auc": 0.13973299202144468
        },
        "strings": {
            "roc_auc": 0.6044239930053062,
            "pr_auc": 0.03034870923151375
        },
        "instrumentalpop": {
            "roc_auc": 0.7073376956710555,
            "pr_auc": 0.08239779330958559
        },
        "rock": {
            "roc_auc": 0.8987819804104407,
            "pr_auc": 0.5707365271505915
        },
        "relaxing": {
            "roc_auc": 0.7944997001631453,
            "pr_auc": 0.08902517892253359
        },
        "keyboard": {
            "roc_auc": 0.3390034456092482,
            "pr_auc": 0.021570575000923894
        },
        "pop": {
            "roc_auc": 0.7020007271758533,
            "pr_auc": 0.30018962003639627
        },
        "ambient": {
            "roc_auc": 0.8110368366889668,
            "pr_auc": 0.387556281208464
        },
        "happy": {
            "roc_auc": 0.6362744503077803,
            "pr_auc": 0.06120885176068287
        },
        "energetic": {
            "roc_auc": 0.5823904176051916,
            "pr_auc": 0.03601261123889615
        },
        "reggae": {
            "roc_auc": 0.9116820103745276,
            "pr_auc": 0.38401039691864647
        },
        "funk": {
            "roc_auc": 0.8536772462947715,
            "pr_auc": 0.1447977678274334
        },
        "popfolk": {
            "roc_auc": 0.9017490870001796,
            "pr_auc": 0.2483083268660023
        },
        "film": {
            "roc_auc": 0.8111323383953508,
            "pr_auc": 0.16418183913326623
        },
        "trance": {
            "roc_auc": 0.938423194669548,
            "pr_auc": 0.27923144555069923
        },
        "drummachine": {
            "roc_auc": 0.5001740198073898,
            "pr_auc": 0.02543006798482246
        },
        "orchestral": {
            "roc_auc": 0.7800752865729095,
            "pr_auc": 0.11606639230044902
        },
        "experimental": {
            "roc_auc": 0.7896381486172575,
            "pr_auc": 0.37318642152204506
        },
        "lounge": {
            "roc_auc": 0.7825308863014047,
            "pr_auc": 0.10109152778723013
        },
        "hiphop": {
            "roc_auc": 0.9645085519992321,
            "pr_auc": 0.7423782289694562
        },
        "folk": {
            "roc_auc": 0.899712414091098,
            "pr_auc": 0.4669550610725566
        },
        "synthesizer": {
            "roc_auc": 0.43790386987622215,
            "pr_auc": 0.10470993704196714
        },
        "electronic": {
            "roc_auc": 0.8373268452078528,
            "pr_auc": 0.6396649620872239
        },
        "piano": {
            "roc_auc": 0.7829567890951105,
            "pr_auc": 0.4227181141623712
        },
        "violin": {
            "roc_auc": 0.6445607638213584,
            "pr_auc": 0.04742419142662037
        },
        "dance": {
            "roc_auc": 0.8873203105034502,
            "pr_auc": 0.3728587504308184
        },
        "newage": {
            "roc_auc": 0.6924055639129334,
            "pr_auc": 0.04581987742004562
        },
        "alternative": {
            "roc_auc": 0.7236330205571043,
            "pr_auc": 0.1510717642325264
        },
        "triphop": {
            "roc_auc": 0.7711017006300362,
            "pr_auc": 0.05148571116530775
        },
        "bass": {
            "roc_auc": 0.49365353791390454,
            "pr_auc": 0.11460094199785541
        },
        "computer": {
            "roc_auc": 0.6946190542213191,
            "pr_auc": 0.09360641611061135
        },
        "indie": {
            "roc_auc": 0.8561777922399901,
            "pr_auc": 0.22991967949145004
        },
        "techno": {
            "roc_auc": 0.8779153195285972,
            "pr_auc": 0.17566210225197068
        },
        "emotional": {
            "roc_auc": 0.663719644137284,
            "pr_auc": 0.05578644424208234
        },
        "metal": {
            "roc_auc": 0.9201740975603995,
            "pr_auc": 0.6307209299153287
        },
        "drums": {
            "roc_auc": 0.6095041278308211,
            "pr_auc": 0.1762973110024107
        },
        "poprock": {
            "roc_auc": 0.803229436940471,
            "pr_auc": 0.10118577270283438
        },
        "house": {
            "roc_auc": 0.9312598573386989,
            "pr_auc": 0.2717950709248925
        },
        "electricguitar": {
            "roc_auc": 0.7628769607705919,
            "pr_auc": 0.20778253007298036
        },
        "jazz": {
            "roc_auc": 0.8378467130987293,
            "pr_auc": 0.3014603471845999
        },
        "atmospheric": {
            "roc_auc": 0.6257653302502313,
            "pr_auc": 0.026977612226149354
        },
        "world": {
            "roc_auc": 0.7407041107157613,
            "pr_auc": 0.09277372160225202
        }
    }
}