{
    "roc_auc": 0.8975195839531144,
    "pr_auc": 0.38021071570351045,
    "tag_wise": {
        "rock": {
            "roc_auc": 0.8210253369201592,
            "pr_auc": 0.47986956743006515
        },
        "pop": {
            "roc_auc": 0.8467583027780109,
            "pr_auc": 0.46721316270098445
        },
        "indie": {
            "roc_auc": 0.8897075453728621,
            "pr_auc": 0.44671709406181737
        },
        "alternative": {
            "roc_auc": 0.8189143528874339,
            "pr_auc": 0.2225068858412002
        },
        "electronic": {
            "roc_auc": 0.9012546614419198,
            "pr_auc": 0.5265435924352819
        },
        "hip hop": {
            "roc_auc": 0.9804436938565724,
            "pr_auc": 0.8591909517804688
        },
        "metal": {
            "roc_auc": 0.9352158716610147,
            "pr_auc": 0.3133767924378449
        },
        "jazz": {
            "roc_auc": 0.9380935255919917,
            "pr_auc": 0.6248128382222726
        },
        "punk": {
            "roc_auc": 0.9439051316039037,
            "pr_auc": 0.5465646298465876
        },
        "folk": {
            "roc_auc": 0.8950213652708285,
            "pr_auc": 0.38955685080273306
        },
        "alternative rock": {
            "roc_auc": 0.8816697879043792,
            "pr_auc": 0.22324693332066275
        },
        "indie rock": {
            "roc_auc": 0.9092406099326481,
            "pr_auc": 0.39285097169469085
        },
        "dance": {
            "roc_auc": 0.926142789827942,
            "pr_auc": 0.41942620797875085
        },
        "hard rock": {
            "roc_auc": 0.9051856442129357,
            "pr_auc": 0.46101894080198225
        },
        "00s": {
            "roc_auc": 0.6674537469477214,
            "pr_auc": 0.030666241295016314
        },
        "soul": {
            "roc_auc": 0.9295329609501684,
            "pr_auc": 0.5719251381505412
        },
        "hardcore": {
            "roc_auc": 0.9629411685746204,
            "pr_auc": 0.39170680440439903
        },
        "80s": {
            "roc_auc": 0.911482479611001,
            "pr_auc": 0.4152279921362462
        },
        "country": {
            "roc_auc": 0.9400561607540312,
            "pr_auc": 0.7070234520567384
        },
        "classic rock": {
            "roc_auc": 0.9184949987704215,
            "pr_auc": 0.37045942449165753
        },
        "punk rock": {
            "roc_auc": 0.9567299341771568,
            "pr_auc": 0.33705836031619285
        },
        "blues": {
            "roc_auc": 0.9513185590448249,
            "pr_auc": 0.7225107433506572
        },
        "chillout": {
            "roc_auc": 0.8830412192611288,
            "pr_auc": 0.241050042127617
        },
        "experimental": {
            "roc_auc": 0.8909682227274324,
            "pr_auc": 0.20406879127052446
        },
        "heavy metal": {
            "roc_auc": 0.9281797491614834,
            "pr_auc": 0.5547235960266318
        },
        "death metal": {
            "roc_auc": 0.9936531345489221,
            "pr_auc": 0.8979308699018658
        },
        "90s": {
            "roc_auc": 0.8000100596014507,
            "pr_auc": 0.12095593816236186
        },
        "reggae": {
            "roc_auc": 0.9731248612446054,
            "pr_auc": 0.8907606518828546
        },
        "progressive rock": {
            "roc_auc": 0.876762651024262,
            "pr_auc": 0.21186060744062757
        },
        "ambient": {
            "roc_auc": 0.9358522571639849,
            "pr_auc": 0.3978822170139775
        },
        "acoustic": {
            "roc_auc": 0.9011352869452948,
            "pr_auc": 0.229395784162394
        },
        "beautiful": {
            "roc_auc": 0.7862602714065912,
            "pr_auc": 0.06089191081959947
        },
        "british": {
            "roc_auc": 0.693825562121597,
            "pr_auc": 0.04165674828219319
        },
        "rnb": {
            "roc_auc": 0.8998386775328563,
            "pr_auc": 0.36851784425880874
        },
        "funk": {
            "roc_auc": 0.934773335962827,
            "pr_auc": 0.4596725474132813
        },
        "metalcore": {
            "roc_auc": 0.9830663946742444,
            "pr_auc": 0.6180819152887869
        },
        "mellow": {
            "roc_auc": 0.7970906080579631,
            "pr_auc": 0.06387568019126884
        },
        "world": {
            "roc_auc": 0.888977421795932,
            "pr_auc": 0.1746990343687112
        },
        "guitar": {
            "roc_auc": 0.787113974246865,
            "pr_auc": 0.08317370767019654
        },
        "trance": {
            "roc_auc": 0.9820056411315952,
            "pr_auc": 0.7265653430015901
        },
        "indie pop": {
            "roc_auc": 0.8952534653601913,
            "pr_auc": 0.2634485055259529
        },
        "christian": {
            "roc_auc": 0.819720502676802,
            "pr_auc": 0.17256428855566053
        },
        "house": {
            "roc_auc": 0.9427398059934966,
            "pr_auc": 0.31647003569246884
        },
        "spanish": {
            "roc_auc": 0.9524601391295043,
            "pr_auc": 0.3233316893239476
        },
        "latin": {
            "roc_auc": 0.9264743545080353,
            "pr_auc": 0.45557243624105337
        },
        "psychedelic": {
            "roc_auc": 0.8717217435353983,
            "pr_auc": 0.12170168024853752
        },
        "electro": {
            "roc_auc": 0.9426922647708667,
            "pr_auc": 0.2691362382976723
        },
        "piano": {
            "roc_auc": 0.9010196170014012,
            "pr_auc": 0.30575459198504273
        },
        "70s": {
            "roc_auc": 0.9152699811929892,
            "pr_auc": 0.20882393316403902
        },
        "progressive metal": {
            "roc_auc": 0.9423593667854431,
            "pr_auc": 0.3084955813010652
        }
    }
}