{
    "R@1": 0.10200000000002772,
    "R@5": 0.298,
    "R@10": 0.42800000000005545,
    "mAP@10": 0.18740674603174604,
    "medRank": 13.0,
    "tag_stat": {
        "mean": 0.5248106122016907,
        "std": 0.22277075052261353
    },
    "caption_stat": {
        "mean": 0.15346527099609375,
        "std": 0.1885785609483719
    },
    "audio_stat": {
        "mean": 0.01961660571396351,
        "std": 0.1729968935251236
    }
}