{
    "macro_roc": 0.7840959279386129,
    "macro_pr": 0.21229892457914232,
    "macro_fl": 0.28537828699586476,
    "avg_macro_f1": 0.5075329858458513,
    "avg_fscore_weighted": 0.9247425538561229,
    "tag_wise": {
        "choir": {
            "roc_auc": 0.8187609414510796,
            "pr_auc": 0.10874398880113523
        },
        "male": {
            "roc_auc": 0.729118430105597,
            "pr_auc": 0.19332127321711784
        },
        "electronic": {
            "roc_auc": 0.8670393564405999,
            "pr_auc": 0.3610608734769208
        },
        "vocal": {
            "roc_auc": 0.72025985372659,
            "pr_auc": 0.19731241674468417
        },
        "soft": {
            "roc_auc": 0.7641455586124024,
            "pr_auc": 0.11799837927456584
        },
        "metal": {
            "roc_auc": 0.9645001525714152,
            "pr_auc": 0.46530900600565955
        },
        "vocals": {
            "roc_auc": 0.6821972746958729,
            "pr_auc": 0.11242290114986843
        },
        "strings": {
            "roc_auc": 0.7415791070721409,
            "pr_auc": 0.1785090071196209
        },
        "solo": {
            "roc_auc": 0.7290257046579809,
            "pr_auc": 0.07577078371342692
        },
        "harpsichord": {
            "roc_auc": 0.9108589133880963,
            "pr_auc": 0.1736716302332607
        },
        "beats": {
            "roc_auc": 0.841111446003959,
            "pr_auc": 0.11252880290848254
        },
        "harp": {
            "roc_auc": 0.766370292601038,
            "pr_auc": 0.06193725081722421
        },
        "piano": {
            "roc_auc": 0.9301892842011245,
            "pr_auc": 0.7251426468073832
        },
        "sitar": {
            "roc_auc": 0.7493163326168424,
            "pr_auc": 0.05754942481385978
        },
        "synth": {
            "roc_auc": 0.780283935574994,
            "pr_auc": 0.1436142536171196
        },
        "violin": {
            "roc_auc": 0.772853797177061,
            "pr_auc": 0.21450152058161148
        },
        "rock": {
            "roc_auc": 0.8747069723828447,
            "pr_auc": 0.521152186939849
        },
        "female": {
            "roc_auc": 0.9268465532350089,
            "pr_auc": 0.4755855014399937
        },
        "male voice": {
            "roc_auc": 0.6814219194212079,
            "pr_auc": 0.06543994132430922
        },
        "indian": {
            "roc_auc": 0.7851176739467318,
            "pr_auc": 0.10854994846831109
        },
        "choral": {
            "roc_auc": 0.8517045604739344,
            "pr_auc": 0.0821346041650392
        },
        "male vocal": {
            "roc_auc": 0.6933988131491684,
            "pr_auc": 0.07758794276451367
        },
        "slow": {
            "roc_auc": 0.7600920632290762,
            "pr_auc": 0.3027012332935314
        },
        "cello": {
            "roc_auc": 0.834968920700697,
            "pr_auc": 0.024759538073094785
        },
        "flute": {
            "roc_auc": 0.8528219206885099,
            "pr_auc": 0.11823508371855394
        },
        "female voice": {
            "roc_auc": 0.9118324489104663,
            "pr_auc": 0.14832522583950028
        },
        "new age": {
            "roc_auc": 0.7595450111373678,
            "pr_auc": 0.07724141677977593
        },
        "ambient": {
            "roc_auc": 0.9206853382592888,
            "pr_auc": 0.5313555934911582
        },
        "classic": {
            "roc_auc": 0.8514867006915292,
            "pr_auc": 0.10413308904019933
        },
        "fast": {
            "roc_auc": 0.7659361509175328,
            "pr_auc": 0.2265231610567579
        },
        "loud": {
            "roc_auc": 0.6336942000510039,
            "pr_auc": 0.10712849981741013
        },
        "man": {
            "roc_auc": 0.739012250602547,
            "pr_auc": 0.0831757765351825
        },
        "singing": {
            "roc_auc": 0.7625953684437351,
            "pr_auc": 0.17447326857650164
        },
        "beat": {
            "roc_auc": 0.6525060647057451,
            "pr_auc": 0.08739338721807216
        },
        "dance": {
            "roc_auc": 0.9337869099211039,
            "pr_auc": 0.3599366899255773
        },
        "opera": {
            "roc_auc": 0.9424192951593324,
            "pr_auc": 0.6112695177510149
        },
        "no voice": {
            "roc_auc": 0.5018074839426633,
            "pr_auc": 0.02156459249240211
        },
        "guitar": {
            "roc_auc": 0.7695940727436013,
            "pr_auc": 0.5048653132716344
        },
        "classical": {
            "roc_auc": 0.8747463979705659,
            "pr_auc": 0.42843403410456643
        },
        "voice": {
            "roc_auc": 0.6702699326865376,
            "pr_auc": 0.07137985166191377
        },
        "drums": {
            "roc_auc": 0.539789684591312,
            "pr_auc": 0.10401781625609505
        },
        "weird": {
            "roc_auc": 0.6682208952944321,
            "pr_auc": 0.04032624411944372
        },
        "no vocals": {
            "roc_auc": 0.4583278472679394,
            "pr_auc": 0.04068823536386742
        },
        "female vocal": {
            "roc_auc": 0.8515851712130006,
            "pr_auc": 0.14973129004365615
        },
        "techno": {
            "roc_auc": 0.9295396689733764,
            "pr_auc": 0.6474411118483954
        },
        "country": {
            "roc_auc": 0.9199611974335846,
            "pr_auc": 0.22529515983757775
        },
        "no vocal": {
            "roc_auc": 0.48673228538057234,
            "pr_auc": 0.03315802938090892
        },
        "pop": {
            "roc_auc": 0.869747372940994,
            "pr_auc": 0.23663592568924371
        },
        "quiet": {
            "roc_auc": 0.8332660099929529,
            "pr_auc": 0.16030213816450323
        },
        "woman": {
            "roc_auc": 0.9290188595754831,
            "pr_auc": 0.3646107212226193
        }
    }
}