{
    "macro_roc": 0.612808167192882,
    "macro_pr": 0.058695949966705636,
    "macro_fl": 0.11015813919367891,
    "avg_macro_f1": 0.49829495239807564,
    "avg_fscore_weighted": 0.947678864385682,
    "tag_wise": {
        "movie": {
            "roc_auc": 0.4353799300477608,
            "pr_auc": 0.018618263518180307
        },
        "hopeful": {
            "roc_auc": 0.5098620643699607,
            "pr_auc": 0.010234290813964582
        },
        "calm": {
            "roc_auc": 0.5424692119953993,
            "pr_auc": 0.021547211173838933
        },
        "soundscape": {
            "roc_auc": 0.7924387401729882,
            "pr_auc": 0.025272813535049357
        },
        "dream": {
            "roc_auc": 0.6034688006854976,
            "pr_auc": 0.08188668781749533
        },
        "game": {
            "roc_auc": 0.644774273345702,
            "pr_auc": 0.04745123016599455
        },
        "action": {
            "roc_auc": 0.5804662104362703,
            "pr_auc": 0.017556875340803368
        },
        "uplifting": {
            "roc_auc": 0.6646977356138772,
            "pr_auc": 0.049053010641788464
        },
        "deep": {
            "roc_auc": 0.8111978005912158,
            "pr_auc": 0.12597601179004803
        },
        "groovy": {
            "roc_auc": 0.6379235867180484,
            "pr_auc": 0.02173624928191166
        },
        "melodic": {
            "roc_auc": 0.4882332975627205,
            "pr_auc": 0.06389915277011582
        },
        "meditative": {
            "roc_auc": 0.757061495759741,
            "pr_auc": 0.1409339798580694
        },
        "party": {
            "roc_auc": 0.8602882270985719,
            "pr_auc": 0.06241843323913136
        },
        "cool": {
            "roc_auc": 0.49995423294414393,
            "pr_auc": 0.010546801959133757
        },
        "fun": {
            "roc_auc": 0.8567886958297917,
            "pr_auc": 0.0889378845346375
        },
        "commercial": {
            "roc_auc": 0.32862965014852186,
            "pr_auc": 0.028218665321794165
        },
        "documentary": {
            "roc_auc": 0.5641664624683493,
            "pr_auc": 0.039530523162575104
        },
        "slow": {
            "roc_auc": 0.5476293816698226,
            "pr_auc": 0.02361921276031583
        },
        "motivational": {
            "roc_auc": 0.43695038969377065,
            "pr_auc": 0.03791120975213095
        },
        "relaxing": {
            "roc_auc": 0.6872030484413705,
            "pr_auc": 0.13642087580532614
        },
        "powerful": {
            "roc_auc": 0.5787236457535258,
            "pr_auc": 0.02602937388041689
        },
        "love": {
            "roc_auc": 0.417703783773256,
            "pr_auc": 0.049408354545976446
        },
        "romantic": {
            "roc_auc": 0.7519474857899767,
            "pr_auc": 0.12212752396343747
        },
        "sad": {
            "roc_auc": 0.6427196151865755,
            "pr_auc": 0.07942781315622206
        },
        "dark": {
            "roc_auc": 0.7111456222280965,
            "pr_auc": 0.18218608506098602
        },
        "heavy": {
            "roc_auc": 0.8240798858773182,
            "pr_auc": 0.1270195839165295
        },
        "sport": {
            "roc_auc": 0.28474718427989454,
            "pr_auc": 0.008821366139376749
        },
        "melancholic": {
            "roc_auc": 0.6989087230920461,
            "pr_auc": 0.06750617249299559
        },
        "energetic": {
            "roc_auc": 0.6753307860633341,
            "pr_auc": 0.11311168088163444
        },
        "summer": {
            "roc_auc": 0.48462497635967905,
            "pr_auc": 0.03179151937204518
        },
        "trailer": {
            "roc_auc": 0.847780959198282,
            "pr_auc": 0.07820535488742501
        },
        "christmas": {
            "roc_auc": 0.6300497919650775,
            "pr_auc": 0.055801981522939026
        },
        "soft": {
            "roc_auc": 0.6354850536134765,
            "pr_auc": 0.043314785627291186
        },
        "travel": {
            "roc_auc": 0.6293112160191722,
            "pr_auc": 0.02166198521149576
        },
        "film": {
            "roc_auc": 0.6499876660405303,
            "pr_auc": 0.17713226060544845
        },
        "dramatic": {
            "roc_auc": 0.6341666118096241,
            "pr_auc": 0.03653396083722563
        },
        "sexy": {
            "roc_auc": 0.5469953352236349,
            "pr_auc": 0.01039224337408955
        },
        "epic": {
            "roc_auc": 0.7240001023686715,
            "pr_auc": 0.17000230346668604
        },
        "upbeat": {
            "roc_auc": 0.6150695284159613,
            "pr_auc": 0.027775473780186348
        },
        "ballad": {
            "roc_auc": 0.5759663533594358,
            "pr_auc": 0.03820872894921102
        },
        "inspiring": {
            "roc_auc": 0.536486189966812,
            "pr_auc": 0.05590183536337384
        },
        "funny": {
            "roc_auc": 0.7225724539544962,
            "pr_auc": 0.036484481235026914
        },
        "advertising": {
            "roc_auc": 0.5696774465980177,
            "pr_auc": 0.05531251237639713
        },
        "corporate": {
            "roc_auc": 0.3629180315446113,
            "pr_auc": 0.023870181983322303
        },
        "happy": {
            "roc_auc": 0.6180950636630457,
            "pr_auc": 0.15870146388422812
        },
        "background": {
            "roc_auc": 0.5190601774154879,
            "pr_auc": 0.03191171236792631
        },
        "positive": {
            "roc_auc": 0.4445898970342339,
            "pr_auc": 0.02384197555184637
        },
        "fast": {
            "roc_auc": 0.7409523809523808,
            "pr_auc": 0.025652330075901394
        },
        "adventure": {
            "roc_auc": 0.5417712978845054,
            "pr_auc": 0.02553821397605302
        },
        "retro": {
            "roc_auc": 0.7325855024759265,
            "pr_auc": 0.03173787715170425
        },
        "emotional": {
            "roc_auc": 0.5583712207319845,
            "pr_auc": 0.11485495427939818
        },
        "holiday": {
            "roc_auc": 0.6596588258812554,
            "pr_auc": 0.02154511604979442
        },
        "drama": {
            "roc_auc": 0.40171054588725275,
            "pr_auc": 0.014635839040557394
        },
        "children": {
            "roc_auc": 0.6888217926280209,
            "pr_auc": 0.06801774796688076
        },
        "space": {
            "roc_auc": 0.6481143915849868,
            "pr_auc": 0.017914938731165835
        },
        "nature": {
            "roc_auc": 0.763544582587278,
            "pr_auc": 0.06282408318801633
        }
    }
}