{
    "roc_auc": 0.8919680535903183,
    "pr_auc": 0.3604306852571202,
    "tag_wise": {
        "rock": {
            "roc_auc": 0.8013712557789259,
            "pr_auc": 0.46324953732778734
        },
        "pop": {
            "roc_auc": 0.8078001826239984,
            "pr_auc": 0.4621859205745535
        },
        "indie": {
            "roc_auc": 0.885741373559631,
            "pr_auc": 0.4474082997061342
        },
        "alternative": {
            "roc_auc": 0.8170985380857205,
            "pr_auc": 0.23104718692793624
        },
        "electronic": {
            "roc_auc": 0.9052680887610024,
            "pr_auc": 0.5604757426579691
        },
        "hip hop": {
            "roc_auc": 0.9776279375535859,
            "pr_auc": 0.8354092120180088
        },
        "metal": {
            "roc_auc": 0.9265526773329481,
            "pr_auc": 0.30202997193600695
        },
        "jazz": {
            "roc_auc": 0.9455853478954471,
            "pr_auc": 0.6912225325409374
        },
        "punk": {
            "roc_auc": 0.9381702120255876,
            "pr_auc": 0.5049383694201408
        },
        "folk": {
            "roc_auc": 0.901920799041114,
            "pr_auc": 0.4013972101166977
        },
        "alternative rock": {
            "roc_auc": 0.870583563572535,
            "pr_auc": 0.2095422978159701
        },
        "indie rock": {
            "roc_auc": 0.9033694318616212,
            "pr_auc": 0.37658050867175213
        },
        "dance": {
            "roc_auc": 0.9254213089633484,
            "pr_auc": 0.3962750298285135
        },
        "hard rock": {
            "roc_auc": 0.8983815304205626,
            "pr_auc": 0.44159444234221834
        },
        "00s": {
            "roc_auc": 0.6742412973287046,
            "pr_auc": 0.03464564749652274
        },
        "soul": {
            "roc_auc": 0.931554440425977,
            "pr_auc": 0.585964067269459
        },
        "hardcore": {
            "roc_auc": 0.9457232092943878,
            "pr_auc": 0.23378569599886784
        },
        "80s": {
            "roc_auc": 0.9038192292369787,
            "pr_auc": 0.3977092535664137
        },
        "country": {
            "roc_auc": 0.940992551967079,
            "pr_auc": 0.7091475625106549
        },
        "classic rock": {
            "roc_auc": 0.9065747571270184,
            "pr_auc": 0.3440728423666058
        },
        "punk rock": {
            "roc_auc": 0.9526288518652004,
            "pr_auc": 0.3375993045623478
        },
        "blues": {
            "roc_auc": 0.9460527982035525,
            "pr_auc": 0.7162415190295225
        },
        "chillout": {
            "roc_auc": 0.883801950545416,
            "pr_auc": 0.2491877537664779
        },
        "experimental": {
            "roc_auc": 0.8767628182698521,
            "pr_auc": 0.16636283298680352
        },
        "heavy metal": {
            "roc_auc": 0.9297172537321415,
            "pr_auc": 0.6112071194546541
        },
        "death metal": {
            "roc_auc": 0.985481121419495,
            "pr_auc": 0.7806394194941804
        },
        "90s": {
            "roc_auc": 0.7597946085937352,
            "pr_auc": 0.09273734791465263
        },
        "reggae": {
            "roc_auc": 0.9713646137308434,
            "pr_auc": 0.8758154908682422
        },
        "progressive rock": {
            "roc_auc": 0.8494259033110498,
            "pr_auc": 0.15972634844341252
        },
        "ambient": {
            "roc_auc": 0.9356949799273567,
            "pr_auc": 0.3783654904786759
        },
        "acoustic": {
            "roc_auc": 0.8919085038199008,
            "pr_auc": 0.20695861015912442
        },
        "beautiful": {
            "roc_auc": 0.7773358772471985,
            "pr_auc": 0.060465537084477425
        },
        "british": {
            "roc_auc": 0.6842023967018105,
            "pr_auc": 0.030709448146572456
        },
        "rnb": {
            "roc_auc": 0.9090525442535722,
            "pr_auc": 0.4107123495222573
        },
        "funk": {
            "roc_auc": 0.9304906352611494,
            "pr_auc": 0.459125481415415
        },
        "metalcore": {
            "roc_auc": 0.964093290468536,
            "pr_auc": 0.2569837989882657
        },
        "mellow": {
            "roc_auc": 0.7939588600695188,
            "pr_auc": 0.0573011958168913
        },
        "world": {
            "roc_auc": 0.8872475609507897,
            "pr_auc": 0.18462964390214984
        },
        "guitar": {
            "roc_auc": 0.8119836331637619,
            "pr_auc": 0.10209298064593957
        },
        "trance": {
            "roc_auc": 0.979035202724342,
            "pr_auc": 0.713530330982363
        },
        "indie pop": {
            "roc_auc": 0.8899169184563229,
            "pr_auc": 0.23642545300646972
        },
        "christian": {
            "roc_auc": 0.8784061503699522,
            "pr_auc": 0.24960697063112894
        },
        "house": {
            "roc_auc": 0.9314618056843035,
            "pr_auc": 0.3140168856842502
        },
        "spanish": {
            "roc_auc": 0.9670308549021829,
            "pr_auc": 0.3038590093098006
        },
        "latin": {
            "roc_auc": 0.922017027952824,
            "pr_auc": 0.48481016167513824
        },
        "psychedelic": {
            "roc_auc": 0.8523584697213112,
            "pr_auc": 0.0841456525896636
        },
        "electro": {
            "roc_auc": 0.9353202539746369,
            "pr_auc": 0.2341260808152529
        },
        "piano": {
            "roc_auc": 0.8744608438424413,
            "pr_auc": 0.26756751919476585
        },
        "70s": {
            "roc_auc": 0.8965269707912151,
            "pr_auc": 0.1469640638506437
        },
        "progressive metal": {
            "roc_auc": 0.9230722467053334,
            "pr_auc": 0.22093913134331794
        }
    }
}