{
    "R@1": 0.028000000000006933,
    "R@5": 0.11200000000002773,
    "R@10": 0.186,
    "mAP@10": 0.06637777777776392,
    "medRank": 51.5,
    "tag_stat": {
        "mean": 0.06653793901205063,
        "std": 0.2879491448402405
    },
    "caption_stat": {
        "mean": 0.49550914764404297,
        "std": 0.3303077816963196
    },
    "audio_stat": {
        "mean": 0.3176497220993042,
        "std": 0.2670866847038269
    }
}