{
    "macro_roc": 0.7638768238577903,
    "macro_pr": 0.24477775089688897,
    "macro_fl": 0.30183963392497304,
    "avg_macro_f1": 0.5151565023272962,
    "avg_fscore_weighted": 0.914204600880094,
    "tag_wise": {
        "downtempo": {
            "roc_auc": 0.8254876301024557,
            "pr_auc": 0.07016898185029306
        },
        "electricpiano": {
            "roc_auc": 0.5243508730486821,
            "pr_auc": 0.020877846971586646
        },
        "classical": {
            "roc_auc": 0.9113721874311234,
            "pr_auc": 0.5722777244141812
        },
        "acousticguitar": {
            "roc_auc": 0.8076939404717749,
            "pr_auc": 0.19016223774903543
        },
        "chillout": {
            "roc_auc": 0.808105846080559,
            "pr_auc": 0.18649115654849768
        },
        "easylistening": {
            "roc_auc": 0.7019544050237392,
            "pr_auc": 0.1345217008291179
        },
        "voice": {
            "roc_auc": 0.3815955091802057,
            "pr_auc": 0.024557112702946783
        },
        "soundtrack": {
            "roc_auc": 0.7592413539396484,
            "pr_auc": 0.3802561402206928
        },
        "guitar": {
            "roc_auc": 0.706709101172486,
            "pr_auc": 0.17855474450053171
        },
        "strings": {
            "roc_auc": 0.7831730885190545,
            "pr_auc": 0.08467941630531557
        },
        "instrumentalpop": {
            "roc_auc": 0.6867951634018068,
            "pr_auc": 0.06318291590134353
        },
        "rock": {
            "roc_auc": 0.903339911398827,
            "pr_auc": 0.5704073986605313
        },
        "relaxing": {
            "roc_auc": 0.7924803787758278,
            "pr_auc": 0.0791004698276892
        },
        "keyboard": {
            "roc_auc": 0.39626570730989435,
            "pr_auc": 0.023548857705721793
        },
        "pop": {
            "roc_auc": 0.7021780500323069,
            "pr_auc": 0.3006403163739966
        },
        "ambient": {
            "roc_auc": 0.8536862543504902,
            "pr_auc": 0.5036845161645872
        },
        "happy": {
            "roc_auc": 0.6755821028741564,
            "pr_auc": 0.0778560996589131
        },
        "energetic": {
            "roc_auc": 0.630758861820416,
            "pr_auc": 0.038941530739481894
        },
        "reggae": {
            "roc_auc": 0.9194456353229697,
            "pr_auc": 0.46844640046686026
        },
        "funk": {
            "roc_auc": 0.8948096424568867,
            "pr_auc": 0.22233292580970812
        },
        "popfolk": {
            "roc_auc": 0.9214487493822017,
            "pr_auc": 0.4027043483290965
        },
        "film": {
            "roc_auc": 0.8152596295449691,
            "pr_auc": 0.18010041676812205
        },
        "trance": {
            "roc_auc": 0.9485074734377813,
            "pr_auc": 0.3754916547117988
        },
        "drummachine": {
            "roc_auc": 0.7129454530862278,
            "pr_auc": 0.05428103041071868
        },
        "orchestral": {
            "roc_auc": 0.8395997768739448,
            "pr_auc": 0.3123109489145151
        },
        "experimental": {
            "roc_auc": 0.8656597576546964,
            "pr_auc": 0.4890210483742673
        },
        "lounge": {
            "roc_auc": 0.8235251050620123,
            "pr_auc": 0.11596980397355118
        },
        "hiphop": {
            "roc_auc": 0.967046384556393,
            "pr_auc": 0.7629531546950044
        },
        "folk": {
            "roc_auc": 0.9046086440185122,
            "pr_auc": 0.4122487169110729
        },
        "synthesizer": {
            "roc_auc": 0.4407095097727063,
            "pr_auc": 0.11491348147647366
        },
        "electronic": {
            "roc_auc": 0.8420155573729069,
            "pr_auc": 0.6548466128681735
        },
        "piano": {
            "roc_auc": 0.8236872597104962,
            "pr_auc": 0.5768882258835213
        },
        "violin": {
            "roc_auc": 0.695315242530773,
            "pr_auc": 0.08548555594831281
        },
        "dance": {
            "roc_auc": 0.8917681801402731,
            "pr_auc": 0.31559148682011035
        },
        "newage": {
            "roc_auc": 0.5845865594486628,
            "pr_auc": 0.02944847251833662
        },
        "alternative": {
            "roc_auc": 0.7119938634663765,
            "pr_auc": 0.14899878897740026
        },
        "triphop": {
            "roc_auc": 0.8764150369668905,
            "pr_auc": 0.16262698063881909
        },
        "bass": {
            "roc_auc": 0.5323091998025828,
            "pr_auc": 0.1199876313310311
        },
        "computer": {
            "roc_auc": 0.7780147608776196,
            "pr_auc": 0.1837307539092402
        },
        "indie": {
            "roc_auc": 0.8386614447750095,
            "pr_auc": 0.24335580403289855
        },
        "techno": {
            "roc_auc": 0.8864444463235495,
            "pr_auc": 0.23422011170252782
        },
        "emotional": {
            "roc_auc": 0.6924875261947159,
            "pr_auc": 0.07270181954102514
        },
        "metal": {
            "roc_auc": 0.941914037626365,
            "pr_auc": 0.6720520122773515
        },
        "drums": {
            "roc_auc": 0.5362420035726809,
            "pr_auc": 0.12892364482999724
        },
        "poprock": {
            "roc_auc": 0.6554188335528033,
            "pr_auc": 0.05798712317728216
        },
        "house": {
            "roc_auc": 0.9566082274349872,
            "pr_auc": 0.49827414800798103
        },
        "electricguitar": {
            "roc_auc": 0.667886535483784,
            "pr_auc": 0.1195636661350621
        },
        "jazz": {
            "roc_auc": 0.8555415064991678,
            "pr_auc": 0.31772336662686423
        },
        "atmospheric": {
            "roc_auc": 0.7249520521898227,
            "pr_auc": 0.05456045017144564
        },
        "world": {
            "roc_auc": 0.7972427928172922,
            "pr_auc": 0.15123779148141478
        }
    }
}