{
    "macro_roc": 0.9110576092499073,
    "macro_pr": 0.38365409819379986,
    "macro_fl": 0.4433562386130789,
    "avg_macro_f1": 0.6128509349093892,
    "avg_fscore_weighted": 0.9417404030215473,
    "tag_wise": {
        "choir": {
            "roc_auc": 0.9803084920145514,
            "pr_auc": 0.6416074622136316
        },
        "male": {
            "roc_auc": 0.9395121002722187,
            "pr_auc": 0.3652169830633979
        },
        "electronic": {
            "roc_auc": 0.8927939134845785,
            "pr_auc": 0.41577427132104544
        },
        "vocal": {
            "roc_auc": 0.8900962473401631,
            "pr_auc": 0.32947522103337695
        },
        "soft": {
            "roc_auc": 0.8520159377668153,
            "pr_auc": 0.21284938599614134
        },
        "metal": {
            "roc_auc": 0.986985658286975,
            "pr_auc": 0.6247434684400492
        },
        "vocals": {
            "roc_auc": 0.876395920896762,
            "pr_auc": 0.21369207060841694
        },
        "strings": {
            "roc_auc": 0.8951414068165338,
            "pr_auc": 0.3873357041036552
        },
        "solo": {
            "roc_auc": 0.9100823570915904,
            "pr_auc": 0.2080606853588304
        },
        "harpsichord": {
            "roc_auc": 0.9826858542811849,
            "pr_auc": 0.769665102951861
        },
        "beats": {
            "roc_auc": 0.9132568691501235,
            "pr_auc": 0.1864139234531521
        },
        "harp": {
            "roc_auc": 0.9444599375536563,
            "pr_auc": 0.43085123238224365
        },
        "piano": {
            "roc_auc": 0.9561895466921289,
            "pr_auc": 0.772288028167942
        },
        "sitar": {
            "roc_auc": 0.9359622172955656,
            "pr_auc": 0.23486013593809466
        },
        "synth": {
            "roc_auc": 0.8601877951347846,
            "pr_auc": 0.2510390546726225
        },
        "violin": {
            "roc_auc": 0.9305015632987387,
            "pr_auc": 0.5358143392426797
        },
        "rock": {
            "roc_auc": 0.9797388612295624,
            "pr_auc": 0.8200577867509314
        },
        "female": {
            "roc_auc": 0.9490862449792806,
            "pr_auc": 0.5031521034666918
        },
        "male voice": {
            "roc_auc": 0.9171890298998511,
            "pr_auc": 0.1767760923787072
        },
        "indian": {
            "roc_auc": 0.9263230654313968,
            "pr_auc": 0.27111151553864143
        },
        "choral": {
            "roc_auc": 0.9801744064804726,
            "pr_auc": 0.5286264151759174
        },
        "male vocal": {
            "roc_auc": 0.9398477115901142,
            "pr_auc": 0.2898597138161771
        },
        "slow": {
            "roc_auc": 0.8317727040563012,
            "pr_auc": 0.41315409655734964
        },
        "cello": {
            "roc_auc": 0.951704652476926,
            "pr_auc": 0.2728765095810993
        },
        "flute": {
            "roc_auc": 0.9540161088770857,
            "pr_auc": 0.6113793879305075
        },
        "female voice": {
            "roc_auc": 0.933763447797545,
            "pr_auc": 0.18893393389729254
        },
        "new age": {
            "roc_auc": 0.8889132328622775,
            "pr_auc": 0.1814943866602341
        },
        "ambient": {
            "roc_auc": 0.942791298567455,
            "pr_auc": 0.5820396413739642
        },
        "classic": {
            "roc_auc": 0.895357870717135,
            "pr_auc": 0.13542255376420897
        },
        "fast": {
            "roc_auc": 0.8970842057312889,
            "pr_auc": 0.46894167867240744
        },
        "loud": {
            "roc_auc": 0.9193117668196781,
            "pr_auc": 0.39299970734354694
        },
        "man": {
            "roc_auc": 0.9516521912748327,
            "pr_auc": 0.25310042741132205
        },
        "singing": {
            "roc_auc": 0.9003972983710766,
            "pr_auc": 0.26359890551703097
        },
        "beat": {
            "roc_auc": 0.9293869982039141,
            "pr_auc": 0.4361892060241325
        },
        "dance": {
            "roc_auc": 0.9630117889505108,
            "pr_auc": 0.43438444549928523
        },
        "opera": {
            "roc_auc": 0.983555556998098,
            "pr_auc": 0.7917341731654626
        },
        "no voice": {
            "roc_auc": 0.678744121129537,
            "pr_auc": 0.040919313772999594
        },
        "guitar": {
            "roc_auc": 0.9199384181153377,
            "pr_auc": 0.7069264660846403
        },
        "classical": {
            "roc_auc": 0.9135191588106428,
            "pr_auc": 0.587332313019812
        },
        "voice": {
            "roc_auc": 0.8509980259424292,
            "pr_auc": 0.09778606573027747
        },
        "drums": {
            "roc_auc": 0.897789739352561,
            "pr_auc": 0.4534684710903556
        },
        "weird": {
            "roc_auc": 0.8549882661857614,
            "pr_auc": 0.12712313249274512
        },
        "no vocals": {
            "roc_auc": 0.6923007755423176,
            "pr_auc": 0.0821932579397419
        },
        "female vocal": {
            "roc_auc": 0.9505622460824145,
            "pr_auc": 0.31638016537002295
        },
        "techno": {
            "roc_auc": 0.9552902686259914,
            "pr_auc": 0.7101316264065344
        },
        "country": {
            "roc_auc": 0.957481690748084,
            "pr_auc": 0.3106945658304314
        },
        "no vocal": {
            "roc_auc": 0.6982897767828175,
            "pr_auc": 0.06300083261254494
        },
        "pop": {
            "roc_auc": 0.9532665784022551,
            "pr_auc": 0.4027058668604253
        },
        "quiet": {
            "roc_auc": 0.9012402308410206,
            "pr_auc": 0.30280395715194114
        },
        "woman": {
            "roc_auc": 0.9468169072430247,
            "pr_auc": 0.3857191258554678
        }
    }
}