{
    "macro_roc": 0.5495153462135445,
    "macro_pr": 0.09048306071590095,
    "macro_fl": 0.13571932416457894,
    "avg_macro_f1": 0.4970628800914,
    "avg_fscore_weighted": 0.9033387012500036,
    "tag_wise": {
        "electricpiano": {
            "roc_auc": 0.41879688043316277,
            "pr_auc": 0.031743808883156095
        },
        "bongo": {
            "roc_auc": 0.5752519303756053,
            "pr_auc": 0.006931605181671713
        },
        "accordion": {
            "roc_auc": 0.5843599441809949,
            "pr_auc": 0.02875202933509586
        },
        "cello": {
            "roc_auc": 0.5981153297487107,
            "pr_auc": 0.05574193289055489
        },
        "acousticguitar": {
            "roc_auc": 0.7533701578743472,
            "pr_auc": 0.32854974003086984
        },
        "voice": {
            "roc_auc": 0.4929916718656122,
            "pr_auc": 0.061905758675540004
        },
        "organ": {
            "roc_auc": 0.4454053109713487,
            "pr_auc": 0.004532885784910983
        },
        "classicalguitar": {
            "roc_auc": 0.4991774932551083,
            "pr_auc": 0.023345608249999636
        },
        "orchestra": {
            "roc_auc": 0.5676441058791915,
            "pr_auc": 0.027309757217357074
        },
        "harp": {
            "roc_auc": 0.5142315452133353,
            "pr_auc": 0.012244594068272068
        },
        "guitar": {
            "roc_auc": 0.6219955117311738,
            "pr_auc": 0.249487130862297
        },
        "strings": {
            "roc_auc": 0.5250155763239875,
            "pr_auc": 0.05711156137727602
        },
        "horn": {
            "roc_auc": 0.6968846568451311,
            "pr_auc": 0.022616030759747
        },
        "trombone": {
            "roc_auc": 0.5572117191818684,
            "pr_auc": 0.020572389907190604
        },
        "trumpet": {
            "roc_auc": 0.46102996484656833,
            "pr_auc": 0.020704841751693022
        },
        "harmonica": {
            "roc_auc": 0.7306686976389947,
            "pr_auc": 0.061275165486402924
        },
        "flute": {
            "roc_auc": 0.6729511741873055,
            "pr_auc": 0.03527531704097351
        },
        "keyboard": {
            "roc_auc": 0.23166339073822015,
            "pr_auc": 0.04321732693396413
        },
        "viola": {
            "roc_auc": 0.6757848678686736,
            "pr_auc": 0.02594300679060809
        },
        "pipeorgan": {
            "roc_auc": 0.3650767928842795,
            "pr_auc": 0.00930604380309294
        },
        "bell": {
            "roc_auc": 0.47292333440198225,
            "pr_auc": 0.012736682930022253
        },
        "clarinet": {
            "roc_auc": 0.5602640088517588,
            "pr_auc": 0.01186889487725754
        },
        "sampler": {
            "roc_auc": 0.6334185870569664,
            "pr_auc": 0.044213413712274684
        },
        "beat": {
            "roc_auc": 0.8567587064791651,
            "pr_auc": 0.07904598944190969
        },
        "saxophone": {
            "roc_auc": 0.535561772740804,
            "pr_auc": 0.04175746668839286
        },
        "brass": {
            "roc_auc": 0.4325681986592911,
            "pr_auc": 0.011703968830705264
        },
        "drummachine": {
            "roc_auc": 0.6155563135491154,
            "pr_auc": 0.06219019983840899
        },
        "acousticbassguitar": {
            "roc_auc": 0.4820155638893636,
            "pr_auc": 0.014882564770889763
        },
        "rhodes": {
            "roc_auc": 0.3282788357887172,
            "pr_auc": 0.008325515394916157
        },
        "doublebass": {
            "roc_auc": 0.5895455976901275,
            "pr_auc": 0.03184185517462711
        },
        "percussion": {
            "roc_auc": 0.6101220645166491,
            "pr_auc": 0.05737116728375882
        },
        "synthesizer": {
            "roc_auc": 0.4483087243821599,
            "pr_auc": 0.2403566429350066
        },
        "piano": {
            "roc_auc": 0.8055419970058022,
            "pr_auc": 0.7453675300338283
        },
        "violin": {
            "roc_auc": 0.5941546590409051,
            "pr_auc": 0.09285492728198874
        },
        "computer": {
            "roc_auc": 0.6607259386249744,
            "pr_auc": 0.20832856722599746
        },
        "bass": {
            "roc_auc": 0.5162260046350955,
            "pr_auc": 0.2874536778654222
        },
        "oboe": {
            "roc_auc": 0.38590568323184704,
            "pr_auc": 0.003959400221408896
        },
        "drums": {
            "roc_auc": 0.4500351960035506,
            "pr_auc": 0.26421866780705916
        },
        "electricguitar": {
            "roc_auc": 0.6559618169877945,
            "pr_auc": 0.2708228739298758
        },
        "pad": {
            "roc_auc": 0.35911412296208994,
            "pr_auc": 0.0034558873616140607
        }
    }
}