{
    "macro_roc": 0.7483920920313555,
    "macro_pr": 0.7596465477035708,
    "macro_fl": 0.7531019244884897,
    "avg_macro_f1": 0.651643725366165,
    "avg_fscore_weighted": 0.7340849888382895,
    "tag_wise": {
        "low-range": {
            "roc_auc": 0.7436892561983471,
            "pr_auc": 0.45641300474119056
        },
        "mid-range": {
            "roc_auc": 0.7522467462922866,
            "pr_auc": 0.9647694359389294
        },
        "high-range": {
            "roc_auc": 0.7589427414227282,
            "pr_auc": 0.5909098871440577
        },
        "husky/throaty": {
            "roc_auc": 0.7132374414296612,
            "pr_auc": 0.6514619857390803
        },
        "thick": {
            "roc_auc": 0.7870801375297539,
            "pr_auc": 0.609508429953854
        },
        "thin": {
            "roc_auc": 0.7301117476932718,
            "pr_auc": 0.7105097102464775
        },
        "warm": {
            "roc_auc": 0.7338190100692694,
            "pr_auc": 0.8299353181098882
        },
        "lonely": {
            "roc_auc": 0.7946550538176111,
            "pr_auc": 0.8608761223219051
        },
        "passion": {
            "roc_auc": 0.7645037037037037,
            "pr_auc": 0.7753111330537674
        },
        "pretty": {
            "roc_auc": 0.8315794535038672,
            "pr_auc": 0.7508088014556905
        },
        "sad": {
            "roc_auc": 0.7896236515567081,
            "pr_auc": 0.8010943763245519
        },
        "bright": {
            "roc_auc": 0.7354514642200557,
            "pr_auc": 0.6782487260627931
        },
        "clear": {
            "roc_auc": 0.7127917323298921,
            "pr_auc": 0.8590259356527862
        },
        "relaxed": {
            "roc_auc": 0.7119310947830222,
            "pr_auc": 0.8607666514497541
        },
        "cute": {
            "roc_auc": 0.8698820987186291,
            "pr_auc": 0.5453379616959668
        },
        "dark": {
            "roc_auc": 0.5910494729512075,
            "pr_auc": 0.33626484375397225
        },
        "delicate": {
            "roc_auc": 0.7446141175005866,
            "pr_auc": 0.8449802868877421
        },
        "emotional": {
            "roc_auc": 0.8702235039653929,
            "pr_auc": 0.9578941369068216
        },
        "energetic": {
            "roc_auc": 0.8040402219675806,
            "pr_auc": 0.8463236665308109
        },
        "male": {
            "roc_auc": 0.9995605361459019,
            "pr_auc": 0.9993625127977099
        },
        "female": {
            "roc_auc": 0.9942694227282902,
            "pr_auc": 0.9938432196585749
        },
        "mild/soft": {
            "roc_auc": 0.7770645792563601,
            "pr_auc": 0.9321010768959802
        },
        "charismatic": {
            "roc_auc": 0.7695653138168108,
            "pr_auc": 0.7029914769670953
        },
        "whisper/quiet": {
            "roc_auc": 0.761728,
            "pr_auc": 0.7278137346689587
        },
        "sharp": {
            "roc_auc": 0.6872013332846955,
            "pr_auc": 0.564419557323032
        },
        "pure": {
            "roc_auc": 0.8215488804696865,
            "pr_auc": 0.7487559809262664
        },
        "rich": {
            "roc_auc": 0.7164222532588453,
            "pr_auc": 0.8271946376521169
        },
        "robotic/artificial": {
            "roc_auc": 0.8035690214331591,
            "pr_auc": 0.4754520161851385
        },
        "rounded": {
            "roc_auc": 0.5886479140104831,
            "pr_auc": 0.673041358719509
        },
        "embellishing": {
            "roc_auc": 0.6453106014903434,
            "pr_auc": 0.6455249085584482
        },
        "stable": {
            "roc_auc": 0.5815095430884905,
            "pr_auc": 0.9241374300225287
        },
        "sweet": {
            "roc_auc": 0.7493419384176789,
            "pr_auc": 0.6586067730952352
        },
        "young": {
            "roc_auc": 0.7894184692855403,
            "pr_auc": 0.8541213110492852
        },
        "soulful/r&b": {
            "roc_auc": 0.730934989837067,
            "pr_auc": 0.868007188311098
        },
        "ballad": {
            "roc_auc": 0.9032362985851358,
            "pr_auc": 0.948771480824695
        },
        "shouty": {
            "roc_auc": 0.8174893318348383,
            "pr_auc": 0.7905074130981989
        },
        "vibrato": {
            "roc_auc": 0.6830261788295036,
            "pr_auc": 0.8712355884037
        },
        "falsetto": {
            "roc_auc": 0.6290707473941007,
            "pr_auc": 0.7250824863632285
        },
        "breathy": {
            "roc_auc": 0.5628374655647383,
            "pr_auc": 0.9688841648479749
        },
        "compressed": {
            "roc_auc": 0.5868524882270587,
            "pr_auc": 0.7477291341988452
        },
        "dynamic": {
            "roc_auc": 0.7445569702997109,
            "pr_auc": 0.8340147562690909
        },
        "speech-like": {
            "roc_auc": 0.649832938404917,
            "pr_auc": 0.4931163827432232
        }
    }
}