{
    "macro_roc": 0.6566416716011039,
    "macro_pr": 0.08092518428670033,
    "macro_fl": 0.13032768675562503,
    "avg_macro_f1": 0.4943210923610951,
    "avg_fscore_weighted": 0.9527688593628768,
    "tag_wise": {
        "movie": {
            "roc_auc": 0.5087232417094124,
            "pr_auc": 0.02180434360275058
        },
        "hopeful": {
            "roc_auc": 0.6357644210479554,
            "pr_auc": 0.01989083899764658
        },
        "calm": {
            "roc_auc": 0.6248604370634274,
            "pr_auc": 0.02848049343881184
        },
        "soundscape": {
            "roc_auc": 0.5795351967043608,
            "pr_auc": 0.010269341843877155
        },
        "dream": {
            "roc_auc": 0.64825871408024,
            "pr_auc": 0.10362672625174257
        },
        "game": {
            "roc_auc": 0.6932372949179672,
            "pr_auc": 0.03453818040028573
        },
        "action": {
            "roc_auc": 0.7820701454234388,
            "pr_auc": 0.10472978448507417
        },
        "uplifting": {
            "roc_auc": 0.5328301364171456,
            "pr_auc": 0.03268490001050305
        },
        "deep": {
            "roc_auc": 0.9372876097832327,
            "pr_auc": 0.5771966548646061
        },
        "groovy": {
            "roc_auc": 0.6387875274244336,
            "pr_auc": 0.016018274641184653
        },
        "melodic": {
            "roc_auc": 0.49666276441799584,
            "pr_auc": 0.06763150237377814
        },
        "meditative": {
            "roc_auc": 0.6959919228589814,
            "pr_auc": 0.08008462526741394
        },
        "party": {
            "roc_auc": 0.831535179380007,
            "pr_auc": 0.06608907084502873
        },
        "cool": {
            "roc_auc": 0.7397227533460803,
            "pr_auc": 0.03028172091517651
        },
        "fun": {
            "roc_auc": 0.8253424657534246,
            "pr_auc": 0.05471346350401832
        },
        "commercial": {
            "roc_auc": 0.262653826205856,
            "pr_auc": 0.024379447969566884
        },
        "documentary": {
            "roc_auc": 0.5701029159519726,
            "pr_auc": 0.043984350306366146
        },
        "slow": {
            "roc_auc": 0.7303886197299247,
            "pr_auc": 0.04565582606171987
        },
        "motivational": {
            "roc_auc": 0.43976455233895195,
            "pr_auc": 0.0382553149494166
        },
        "relaxing": {
            "roc_auc": 0.6882839974981392,
            "pr_auc": 0.12112700185594004
        },
        "powerful": {
            "roc_auc": 0.6212224397718566,
            "pr_auc": 0.05146202229755981
        },
        "love": {
            "roc_auc": 0.7062718804929471,
            "pr_auc": 0.10373313043807232
        },
        "romantic": {
            "roc_auc": 0.7979452054794519,
            "pr_auc": 0.11030321324181265
        },
        "sad": {
            "roc_auc": 0.7127575068103703,
            "pr_auc": 0.14043237507589512
        },
        "dark": {
            "roc_auc": 0.8029870473169441,
            "pr_auc": 0.24889176121046125
        },
        "heavy": {
            "roc_auc": 0.8751783166904422,
            "pr_auc": 0.10607240574425976
        },
        "sport": {
            "roc_auc": 0.6395733657254765,
            "pr_auc": 0.018864776132301933
        },
        "melancholic": {
            "roc_auc": 0.6206601797900075,
            "pr_auc": 0.030731959810034418
        },
        "energetic": {
            "roc_auc": 0.6835017025892205,
            "pr_auc": 0.12079456604544539
        },
        "summer": {
            "roc_auc": 0.42541839361214484,
            "pr_auc": 0.033671328474360815
        },
        "trailer": {
            "roc_auc": 0.7324087329992842,
            "pr_auc": 0.01694417525176515
        },
        "christmas": {
            "roc_auc": 0.7389264033831253,
            "pr_auc": 0.11360748581711508
        },
        "soft": {
            "roc_auc": 0.6848559409476942,
            "pr_auc": 0.05651347515207157
        },
        "travel": {
            "roc_auc": 0.5542249556065659,
            "pr_auc": 0.015116534924139516
        },
        "film": {
            "roc_auc": 0.7512960255855272,
            "pr_auc": 0.28348341394367194
        },
        "dramatic": {
            "roc_auc": 0.6001744453952998,
            "pr_auc": 0.02947844576553671
        },
        "sexy": {
            "roc_auc": 0.7747644745266624,
            "pr_auc": 0.02116407933912202
        },
        "epic": {
            "roc_auc": 0.8273308066883968,
            "pr_auc": 0.35769045384137743
        },
        "upbeat": {
            "roc_auc": 0.7614898226521565,
            "pr_auc": 0.12019145310294956
        },
        "ballad": {
            "roc_auc": 0.7060885780344135,
            "pr_auc": 0.06570752308498903
        },
        "inspiring": {
            "roc_auc": 0.501354946652404,
            "pr_auc": 0.040284581546025024
        },
        "funny": {
            "roc_auc": 0.7177613759479957,
            "pr_auc": 0.037408360116534756
        },
        "advertising": {
            "roc_auc": 0.48008849557522126,
            "pr_auc": 0.03512650968076033
        },
        "corporate": {
            "roc_auc": 0.31630206772550196,
            "pr_auc": 0.022331402803693383
        },
        "happy": {
            "roc_auc": 0.7021474593299762,
            "pr_auc": 0.2141740378632999
        },
        "background": {
            "roc_auc": 0.4850955006792936,
            "pr_auc": 0.01328253768638604
        },
        "positive": {
            "roc_auc": 0.4397154018402808,
            "pr_auc": 0.025383832568604082
        },
        "fast": {
            "roc_auc": 0.8825384024577574,
            "pr_auc": 0.03955390434219624
        },
        "adventure": {
            "roc_auc": 0.6669559748427673,
            "pr_auc": 0.054719851562841794
        },
        "retro": {
            "roc_auc": 0.5985822974865376,
            "pr_auc": 0.031885664583901775
        },
        "emotional": {
            "roc_auc": 0.6129928519107878,
            "pr_auc": 0.12408102796057847
        },
        "holiday": {
            "roc_auc": 0.6290175695786411,
            "pr_auc": 0.013958116015944724
        },
        "drama": {
            "roc_auc": 0.5828380187416331,
            "pr_auc": 0.03013133643858203
        },
        "children": {
            "roc_auc": 0.899774886107066,
            "pr_auc": 0.23732045753315265
        },
        "space": {
            "roc_auc": 0.6933122161128377,
            "pr_auc": 0.02544248549817136
        },
        "nature": {
            "roc_auc": 0.6845761985221799,
            "pr_auc": 0.02042977257669672
        }
    }
}