{
    "macro_roc": 0.7217524191853899,
    "macro_pr": 0.21681231090133982,
    "macro_fl": 0.2840032501602687,
    "avg_macro_f1": 0.5384589589804728,
    "avg_fscore_weighted": 0.9008670539577653,
    "tag_wise": {
        "guitar": {
            "roc_auc": 0.7879479317327162,
            "pr_auc": 0.5657970969001134
        },
        "classical": {
            "roc_auc": 0.8629791212092931,
            "pr_auc": 0.47192229008933195
        },
        "slow": {
            "roc_auc": 0.43853951292701226,
            "pr_auc": 0.1548844331317874
        },
        "techno": {
            "roc_auc": 0.9291814529058655,
            "pr_auc": 0.7153085086861174
        },
        "strings": {
            "roc_auc": 0.6995956359099029,
            "pr_auc": 0.177681577509995
        },
        "drums": {
            "roc_auc": 0.6495224107389531,
            "pr_auc": 0.2359761847315431
        },
        "electronic": {
            "roc_auc": 0.8814273310572168,
            "pr_auc": 0.4644174819784564
        },
        "rock": {
            "roc_auc": 0.8562314601496739,
            "pr_auc": 0.6556506535222489
        },
        "fast": {
            "roc_auc": 0.6328707981561773,
            "pr_auc": 0.16760973223657666
        },
        "piano": {
            "roc_auc": 0.8968522760955258,
            "pr_auc": 0.7496748272595587
        },
        "ambient": {
            "roc_auc": 0.9320897028300332,
            "pr_auc": 0.6689029668378211
        },
        "beat": {
            "roc_auc": 0.8517015435842411,
            "pr_auc": 0.34955323514040476
        },
        "violin": {
            "roc_auc": 0.7505750366028346,
            "pr_auc": 0.10139528544678755
        },
        "vocal": {
            "roc_auc": 0.6556059922309823,
            "pr_auc": 0.18871376314963578
        },
        "synth": {
            "roc_auc": 0.6360546999227659,
            "pr_auc": 0.11382087407093992
        },
        "female": {
            "roc_auc": 0.896259360898035,
            "pr_auc": 0.5422896557025176
        },
        "indian": {
            "roc_auc": 0.6380333161942358,
            "pr_auc": 0.07662505855892769
        },
        "opera": {
            "roc_auc": 0.8878511444721261,
            "pr_auc": 0.34521544300294954
        },
        "male": {
            "roc_auc": 0.4187724404815113,
            "pr_auc": 0.06250088617292635
        },
        "singing": {
            "roc_auc": 0.6166233526322197,
            "pr_auc": 0.1482016190623579
        },
        "vocals": {
            "roc_auc": 0.473040889589353,
            "pr_auc": 0.06647473295609924
        },
        "no vocals": {
            "roc_auc": 0.5633681708553252,
            "pr_auc": 0.06297383339116697
        },
        "harpsichord": {
            "roc_auc": 0.6534615026046355,
            "pr_auc": 0.055572509291738896
        },
        "loud": {
            "roc_auc": 0.6996734069904802,
            "pr_auc": 0.16521782432850024
        },
        "quiet": {
            "roc_auc": 0.7344860746895834,
            "pr_auc": 0.15312685837059617
        },
        "flute": {
            "roc_auc": 0.7058264499511502,
            "pr_auc": 0.06058092813712003
        },
        "woman": {
            "roc_auc": 0.7775387057503873,
            "pr_auc": 0.19571707251951836
        },
        "male vocal": {
            "roc_auc": 0.371991566843466,
            "pr_auc": 0.037782653510633035
        },
        "no vocal": {
            "roc_auc": 0.5306863929146538,
            "pr_auc": 0.043396827038276964
        },
        "pop": {
            "roc_auc": 0.8206970650929617,
            "pr_auc": 0.2745057483268503
        },
        "soft": {
            "roc_auc": 0.646452574933582,
            "pr_auc": 0.07835330531564842
        },
        "sitar": {
            "roc_auc": 0.579013118249664,
            "pr_auc": 0.02626900489317851
        },
        "solo": {
            "roc_auc": 0.7629731110598682,
            "pr_auc": 0.13353634846785337
        },
        "man": {
            "roc_auc": 0.552447515421068,
            "pr_auc": 0.05741485357542513
        },
        "classic": {
            "roc_auc": 0.8262068817019077,
            "pr_auc": 0.08948669348469772
        },
        "choir": {
            "roc_auc": 0.8155818717653823,
            "pr_auc": 0.116470580852761
        },
        "voice": {
            "roc_auc": 0.5745268748529363,
            "pr_auc": 0.06599190130359112
        },
        "new age": {
            "roc_auc": 0.7793395690145213,
            "pr_auc": 0.10307050374351875
        },
        "dance": {
            "roc_auc": 0.9431439800934333,
            "pr_auc": 0.44625054253057206
        },
        "male voice": {
            "roc_auc": 0.358632841400257,
            "pr_auc": 0.02800385986578504
        },
        "female vocal": {
            "roc_auc": 0.8475731064237775,
            "pr_auc": 0.18662313148336532
        },
        "beats": {
            "roc_auc": 0.8070439342498907,
            "pr_auc": 0.14043770580033582
        },
        "harp": {
            "roc_auc": 0.8258003049425399,
            "pr_auc": 0.1205689222948752
        },
        "cello": {
            "roc_auc": 0.8101924860853431,
            "pr_auc": 0.012066562406568981
        },
        "no voice": {
            "roc_auc": 0.5201428875220834,
            "pr_auc": 0.02612097293694928
        },
        "weird": {
            "roc_auc": 0.7021410750984407,
            "pr_auc": 0.07123424015952325
        },
        "country": {
            "roc_auc": 0.8760371647040297,
            "pr_auc": 0.24090584208594557
        },
        "metal": {
            "roc_auc": 0.9534349979274385,
            "pr_auc": 0.6041208638221385
        },
        "female voice": {
            "roc_auc": 0.8606314588498586,
            "pr_auc": 0.14880253090192647
        },
        "choral": {
            "roc_auc": 0.7968204589601531,
            "pr_auc": 0.0733966180808331
        }
    }
}