{
    "macro_roc": 0.7422234901075392,
    "macro_pr": 0.19487403349647447,
    "macro_fl": 0.2658583172161332,
    "avg_macro_f1": 0.525178958078059,
    "avg_fscore_weighted": 0.8976147766540461,
    "tag_wise": {
        "choir": {
            "roc_auc": 0.9236115996970538,
            "pr_auc": 0.2160359299245919
        },
        "male": {
            "roc_auc": 0.5362006042657573,
            "pr_auc": 0.12371001358989706
        },
        "electronic": {
            "roc_auc": 0.8643027939635435,
            "pr_auc": 0.33948047210433285
        },
        "vocal": {
            "roc_auc": 0.6323304632930776,
            "pr_auc": 0.16304467219881516
        },
        "soft": {
            "roc_auc": 0.6889325016601839,
            "pr_auc": 0.07350622811101364
        },
        "metal": {
            "roc_auc": 0.9666408468887168,
            "pr_auc": 0.4491027514819773
        },
        "vocals": {
            "roc_auc": 0.6094231950164903,
            "pr_auc": 0.10470964842147157
        },
        "strings": {
            "roc_auc": 0.7890515791585021,
            "pr_auc": 0.1837796414498053
        },
        "solo": {
            "roc_auc": 0.4633796820067394,
            "pr_auc": 0.025312073826555325
        },
        "harpsichord": {
            "roc_auc": 0.867708397669487,
            "pr_auc": 0.1289747950544594
        },
        "beats": {
            "roc_auc": 0.88896808652183,
            "pr_auc": 0.16566521077849292
        },
        "harp": {
            "roc_auc": 0.6403374946001957,
            "pr_auc": 0.03397644357832496
        },
        "piano": {
            "roc_auc": 0.9085386209709171,
            "pr_auc": 0.7070072047863066
        },
        "sitar": {
            "roc_auc": 0.7161720628561354,
            "pr_auc": 0.031595991641740165
        },
        "synth": {
            "roc_auc": 0.7632211290742996,
            "pr_auc": 0.1410362778020526
        },
        "violin": {
            "roc_auc": 0.7239355387648836,
            "pr_auc": 0.12308117049450251
        },
        "rock": {
            "roc_auc": 0.8107655555803621,
            "pr_auc": 0.4762590365130725
        },
        "female": {
            "roc_auc": 0.8754315219490044,
            "pr_auc": 0.3675479941819992
        },
        "male voice": {
            "roc_auc": 0.4960897530751479,
            "pr_auc": 0.04751831168824977
        },
        "indian": {
            "roc_auc": 0.6352018462155924,
            "pr_auc": 0.04966237288936494
        },
        "choral": {
            "roc_auc": 0.9054568844740638,
            "pr_auc": 0.1272047409275424
        },
        "male vocal": {
            "roc_auc": 0.4683346984684817,
            "pr_auc": 0.04689066465906633
        },
        "slow": {
            "roc_auc": 0.6587876741375347,
            "pr_auc": 0.21948652984808048
        },
        "cello": {
            "roc_auc": 0.7475419099642118,
            "pr_auc": 0.008362417946493396
        },
        "flute": {
            "roc_auc": 0.7195861915718699,
            "pr_auc": 0.056689963110279615
        },
        "female voice": {
            "roc_auc": 0.8130098872562461,
            "pr_auc": 0.10186477595528096
        },
        "new age": {
            "roc_auc": 0.7000794222131802,
            "pr_auc": 0.05089547762823951
        },
        "ambient": {
            "roc_auc": 0.9137067651857769,
            "pr_auc": 0.5410761149436655
        },
        "classic": {
            "roc_auc": 0.8095577348499364,
            "pr_auc": 0.06039846810713749
        },
        "fast": {
            "roc_auc": 0.7683725964652733,
            "pr_auc": 0.21997554402216857
        },
        "loud": {
            "roc_auc": 0.7773370485000233,
            "pr_auc": 0.21119763971671876
        },
        "man": {
            "roc_auc": 0.6328912277699339,
            "pr_auc": 0.05219201588993476
        },
        "singing": {
            "roc_auc": 0.6957212985596251,
            "pr_auc": 0.1408372700528148
        },
        "beat": {
            "roc_auc": 0.8532142940449254,
            "pr_auc": 0.2530950910110319
        },
        "dance": {
            "roc_auc": 0.9281613985109757,
            "pr_auc": 0.39882061902093446
        },
        "opera": {
            "roc_auc": 0.9649256621810809,
            "pr_auc": 0.6149221518967039
        },
        "no voice": {
            "roc_auc": 0.48644800465679305,
            "pr_auc": 0.019538982770213095
        },
        "guitar": {
            "roc_auc": 0.7222787863236899,
            "pr_auc": 0.4788113646878675
        },
        "classical": {
            "roc_auc": 0.8610483350173189,
            "pr_auc": 0.3750924384952068
        },
        "voice": {
            "roc_auc": 0.6240194201647129,
            "pr_auc": 0.04959961333258443
        },
        "drums": {
            "roc_auc": 0.6993627562303,
            "pr_auc": 0.20589796234184138
        },
        "weird": {
            "roc_auc": 0.7268370982380188,
            "pr_auc": 0.04931195997185271
        },
        "no vocals": {
            "roc_auc": 0.47166139469162954,
            "pr_auc": 0.04006471550236687
        },
        "female vocal": {
            "roc_auc": 0.7050904430257303,
            "pr_auc": 0.07729971752242303
        },
        "techno": {
            "roc_auc": 0.9255027503076908,
            "pr_auc": 0.6669550307285212
        },
        "country": {
            "roc_auc": 0.8961577517203039,
            "pr_auc": 0.20992618655733916
        },
        "no vocal": {
            "roc_auc": 0.49284500519109725,
            "pr_auc": 0.032589818166873945
        },
        "pop": {
            "roc_auc": 0.7963477617815098,
            "pr_auc": 0.17540194467508982
        },
        "quiet": {
            "roc_auc": 0.7163753642602739,
            "pr_auc": 0.08001456429855042
        },
        "woman": {
            "roc_auc": 0.8302716663868354,
            "pr_auc": 0.2282816505198733
        }
    }
}