{
    "macro_roc": 0.7545401348593067,
    "macro_pr": 0.19765473205431294,
    "macro_fl": 0.2615283545155692,
    "avg_macro_f1": 0.5529226201241183,
    "avg_fscore_weighted": 0.9045831415534465,
    "tag_wise": {
        "choir": {
            "roc_auc": 0.8296247935868095,
            "pr_auc": 0.1332574910648156
        },
        "male": {
            "roc_auc": 0.635202219629663,
            "pr_auc": 0.09397390124934202
        },
        "electronic": {
            "roc_auc": 0.8755414722706126,
            "pr_auc": 0.40215660937350495
        },
        "vocal": {
            "roc_auc": 0.6460094227508232,
            "pr_auc": 0.14879257361076897
        },
        "soft": {
            "roc_auc": 0.6984995098504252,
            "pr_auc": 0.08265061386252341
        },
        "metal": {
            "roc_auc": 0.976711733915452,
            "pr_auc": 0.5609033342816006
        },
        "vocals": {
            "roc_auc": 0.6435119802930467,
            "pr_auc": 0.08776697705853885
        },
        "strings": {
            "roc_auc": 0.740219040418846,
            "pr_auc": 0.16112980299146878
        },
        "solo": {
            "roc_auc": 0.828821332554773,
            "pr_auc": 0.10503610728167001
        },
        "harpsichord": {
            "roc_auc": 0.8656578757746074,
            "pr_auc": 0.1306428965969787
        },
        "beats": {
            "roc_auc": 0.8811438129451472,
            "pr_auc": 0.16719151302005136
        },
        "harp": {
            "roc_auc": 0.8904687303488137,
            "pr_auc": 0.1794342395630446
        },
        "piano": {
            "roc_auc": 0.8966670689179821,
            "pr_auc": 0.6412464046994106
        },
        "sitar": {
            "roc_auc": 0.6494821383690266,
            "pr_auc": 0.026129430801319336
        },
        "synth": {
            "roc_auc": 0.7569920044614985,
            "pr_auc": 0.1269280731446749
        },
        "violin": {
            "roc_auc": 0.7267861600933394,
            "pr_auc": 0.07446335568747972
        },
        "rock": {
            "roc_auc": 0.9367473376347927,
            "pr_auc": 0.6971839580994169
        },
        "female": {
            "roc_auc": 0.8444908412317499,
            "pr_auc": 0.35710078183675886
        },
        "male voice": {
            "roc_auc": 0.54695759491479,
            "pr_auc": 0.03795679275894714
        },
        "indian": {
            "roc_auc": 0.6998940878736191,
            "pr_auc": 0.11139230591751467
        },
        "choral": {
            "roc_auc": 0.7710217376618723,
            "pr_auc": 0.05370242096142121
        },
        "male vocal": {
            "roc_auc": 0.5256423719281542,
            "pr_auc": 0.03880418194552214
        },
        "slow": {
            "roc_auc": 0.6191791170466472,
            "pr_auc": 0.21859377078482117
        },
        "cello": {
            "roc_auc": 0.7414013938594839,
            "pr_auc": 0.0071634640374547975
        },
        "flute": {
            "roc_auc": 0.7867270211957651,
            "pr_auc": 0.08639223944823211
        },
        "female voice": {
            "roc_auc": 0.8406925918159971,
            "pr_auc": 0.13587268434464372
        },
        "new age": {
            "roc_auc": 0.6974796162694252,
            "pr_auc": 0.05430250228601448
        },
        "ambient": {
            "roc_auc": 0.9041925336495351,
            "pr_auc": 0.4939155087332828
        },
        "classic": {
            "roc_auc": 0.7852427319758226,
            "pr_auc": 0.05094502867041031
        },
        "fast": {
            "roc_auc": 0.38599607995553387,
            "pr_auc": 0.08803666708005446
        },
        "loud": {
            "roc_auc": 0.8481041637687208,
            "pr_auc": 0.288547754947625
        },
        "man": {
            "roc_auc": 0.5585347765940758,
            "pr_auc": 0.03595782340438207
        },
        "singing": {
            "roc_auc": 0.7394901113108826,
            "pr_auc": 0.1528961355271094
        },
        "beat": {
            "roc_auc": 0.8909256840288308,
            "pr_auc": 0.3301497750135833
        },
        "dance": {
            "roc_auc": 0.9493249386307845,
            "pr_auc": 0.3529427275089981
        },
        "opera": {
            "roc_auc": 0.9197308973118942,
            "pr_auc": 0.4469065863511134
        },
        "no voice": {
            "roc_auc": 0.49656528440172776,
            "pr_auc": 0.02142665679448085
        },
        "guitar": {
            "roc_auc": 0.7338774777086408,
            "pr_auc": 0.3936344996400794
        },
        "classical": {
            "roc_auc": 0.873356569242701,
            "pr_auc": 0.42742044632064063
        },
        "voice": {
            "roc_auc": 0.660257089093264,
            "pr_auc": 0.06870287627374985
        },
        "drums": {
            "roc_auc": 0.6454398375201529,
            "pr_auc": 0.1750505539435667
        },
        "weird": {
            "roc_auc": 0.7383579709165886,
            "pr_auc": 0.05854843760854497
        },
        "no vocals": {
            "roc_auc": 0.5736106873906132,
            "pr_auc": 0.0568779234476391
        },
        "female vocal": {
            "roc_auc": 0.8320492358289806,
            "pr_auc": 0.20724921440304184
        },
        "techno": {
            "roc_auc": 0.9138140309875304,
            "pr_auc": 0.5459201221289207
        },
        "country": {
            "roc_auc": 0.85507468359457,
            "pr_auc": 0.1503665143403003
        },
        "no vocal": {
            "roc_auc": 0.5340878674323536,
            "pr_auc": 0.040283331596333564
        },
        "pop": {
            "roc_auc": 0.8811670781696666,
            "pr_auc": 0.2736804570309349
        },
        "quiet": {
            "roc_auc": 0.6880487711969323,
            "pr_auc": 0.07177461360781634
        },
        "woman": {
            "roc_auc": 0.7681852346423679,
            "pr_auc": 0.231334521635098
        }
    }
}