{
    "macro_roc": 0.7295583001504632,
    "macro_pr": 0.18394967009636753,
    "macro_fl": 0.25391284487592886,
    "avg_macro_f1": 0.5394015977423106,
    "avg_fscore_weighted": 0.9076761990644516,
    "tag_wise": {
        "choir": {
            "roc_auc": 0.8260852470957303,
            "pr_auc": 0.11290702358191523
        },
        "male": {
            "roc_auc": 0.4703838732836758,
            "pr_auc": 0.053216933150891835
        },
        "electronic": {
            "roc_auc": 0.8637538128324757,
            "pr_auc": 0.35493007301425916
        },
        "vocal": {
            "roc_auc": 0.6488865089318847,
            "pr_auc": 0.16082390294878504
        },
        "soft": {
            "roc_auc": 0.6386095563355785,
            "pr_auc": 0.06557231420909267
        },
        "metal": {
            "roc_auc": 0.9400007041757623,
            "pr_auc": 0.5014120502785724
        },
        "vocals": {
            "roc_auc": 0.5390682197274697,
            "pr_auc": 0.07372413963142747
        },
        "strings": {
            "roc_auc": 0.7375233363677041,
            "pr_auc": 0.15790498491958643
        },
        "solo": {
            "roc_auc": 0.783683077259954,
            "pr_auc": 0.09099173631902446
        },
        "harpsichord": {
            "roc_auc": 0.8761894468120148,
            "pr_auc": 0.13778864396404092
        },
        "beats": {
            "roc_auc": 0.8517705422820323,
            "pr_auc": 0.13309272319127802
        },
        "harp": {
            "roc_auc": 0.7875511956123515,
            "pr_auc": 0.06448729318917643
        },
        "piano": {
            "roc_auc": 0.8825189799493869,
            "pr_auc": 0.6423054397202295
        },
        "sitar": {
            "roc_auc": 0.6051478559665687,
            "pr_auc": 0.022868086982533124
        },
        "synth": {
            "roc_auc": 0.6829517418635244,
            "pr_auc": 0.1017048711573048
        },
        "violin": {
            "roc_auc": 0.7397107600128392,
            "pr_auc": 0.08306598918851965
        },
        "rock": {
            "roc_auc": 0.8924408177237987,
            "pr_auc": 0.586523267874566
        },
        "female": {
            "roc_auc": 0.8772037589884936,
            "pr_auc": 0.42699332892906533
        },
        "male voice": {
            "roc_auc": 0.4463017942429327,
            "pr_auc": 0.027279775830770077
        },
        "indian": {
            "roc_auc": 0.6214622562627513,
            "pr_auc": 0.05947100482303494
        },
        "choral": {
            "roc_auc": 0.7973097403875243,
            "pr_auc": 0.060305533488110304
        },
        "male vocal": {
            "roc_auc": 0.37587537832912127,
            "pr_auc": 0.029454969338773892
        },
        "slow": {
            "roc_auc": 0.5006804208322613,
            "pr_auc": 0.14263854812389287
        },
        "cello": {
            "roc_auc": 0.7215200602750047,
            "pr_auc": 0.006668882566872141
        },
        "flute": {
            "roc_auc": 0.716285926594939,
            "pr_auc": 0.04994355036083298
        },
        "female voice": {
            "roc_auc": 0.8482475523798771,
            "pr_auc": 0.13179892175172503
        },
        "new age": {
            "roc_auc": 0.7360580760262289,
            "pr_auc": 0.06797364225665267
        },
        "ambient": {
            "roc_auc": 0.908882072690509,
            "pr_auc": 0.49903400039002127
        },
        "classic": {
            "roc_auc": 0.7981135362051247,
            "pr_auc": 0.06421533350120714
        },
        "fast": {
            "roc_auc": 0.4823568744958898,
            "pr_auc": 0.09303295398465022
        },
        "loud": {
            "roc_auc": 0.8052565841331664,
            "pr_auc": 0.22119249434918814
        },
        "man": {
            "roc_auc": 0.5509134471398622,
            "pr_auc": 0.037560165617377975
        },
        "singing": {
            "roc_auc": 0.6991899153552454,
            "pr_auc": 0.1371979000546777
        },
        "beat": {
            "roc_auc": 0.8640397938000047,
            "pr_auc": 0.27331657996377673
        },
        "dance": {
            "roc_auc": 0.9481493267064682,
            "pr_auc": 0.403206688977003
        },
        "opera": {
            "roc_auc": 0.8996807292917621,
            "pr_auc": 0.3305712824024298
        },
        "no voice": {
            "roc_auc": 0.5103421816810758,
            "pr_auc": 0.02112004906630435
        },
        "guitar": {
            "roc_auc": 0.717872859067291,
            "pr_auc": 0.4346465128526404
        },
        "classical": {
            "roc_auc": 0.8652969221689732,
            "pr_auc": 0.3921805519724779
        },
        "voice": {
            "roc_auc": 0.6226305199618765,
            "pr_auc": 0.05920976595275451
        },
        "drums": {
            "roc_auc": 0.6181059211405802,
            "pr_auc": 0.16771750447773714
        },
        "weird": {
            "roc_auc": 0.7314307616846174,
            "pr_auc": 0.07983680332421302
        },
        "no vocals": {
            "roc_auc": 0.579720290948795,
            "pr_auc": 0.05683370133262981
        },
        "female vocal": {
            "roc_auc": 0.8413474559876186,
            "pr_auc": 0.17786435312997742
        },
        "techno": {
            "roc_auc": 0.9055924454727906,
            "pr_auc": 0.5843762833990401
        },
        "country": {
            "roc_auc": 0.846151227897003,
            "pr_auc": 0.2151709614364171
        },
        "no vocal": {
            "roc_auc": 0.5455528924145091,
            "pr_auc": 0.03734001463812151
        },
        "pop": {
            "roc_auc": 0.885580298747202,
            "pr_auc": 0.2541820616336113
        },
        "quiet": {
            "roc_auc": 0.6436177473319324,
            "pr_auc": 0.07062276266741253
        },
        "woman": {
            "roc_auc": 0.8008705626489709,
            "pr_auc": 0.2412071489037759
        }
    }
}