{
    "macro_roc": 0.5810450513393536,
    "macro_pr": 0.6040497324856278,
    "macro_fl": 0.6914189536404107,
    "avg_macro_f1": 0.46980313390481415,
    "avg_fscore_weighted": 0.5276473401904495,
    "tag_wise": {
        "low-range": {
            "roc_auc": 0.5774942148760331,
            "pr_auc": 0.2573097028968203
        },
        "mid-range": {
            "roc_auc": 0.5467567693418082,
            "pr_auc": 0.9055761073853363
        },
        "high-range": {
            "roc_auc": 0.4657735189718789,
            "pr_auc": 0.3134834992806978
        },
        "husky/throaty": {
            "roc_auc": 0.48975700119864884,
            "pr_auc": 0.389760097514658
        },
        "thick": {
            "roc_auc": 0.5742263951335626,
            "pr_auc": 0.3586908503369589
        },
        "thin": {
            "roc_auc": 0.5110699661665756,
            "pr_auc": 0.5235368775339333
        },
        "warm": {
            "roc_auc": 0.640601685787409,
            "pr_auc": 0.7762731626299646
        },
        "lonely": {
            "roc_auc": 0.6967709433340762,
            "pr_auc": 0.7940897805739897
        },
        "passion": {
            "roc_auc": 0.4412613756613757,
            "pr_auc": 0.46021473172786115
        },
        "pretty": {
            "roc_auc": 0.5437714369450435,
            "pr_auc": 0.41736788260633134
        },
        "sad": {
            "roc_auc": 0.6931286443692761,
            "pr_auc": 0.6731746108533535
        },
        "bright": {
            "roc_auc": 0.5767310557545025,
            "pr_auc": 0.505807330698693
        },
        "clear": {
            "roc_auc": 0.5822237588310337,
            "pr_auc": 0.7694705612339436
        },
        "relaxed": {
            "roc_auc": 0.6922939260531873,
            "pr_auc": 0.8340836260010689
        },
        "cute": {
            "roc_auc": 0.5400001895518993,
            "pr_auc": 0.1440322425694351
        },
        "dark": {
            "roc_auc": 0.4590693322985494,
            "pr_auc": 0.28265673906207434
        },
        "delicate": {
            "roc_auc": 0.7009093390412434,
            "pr_auc": 0.8032728862452856
        },
        "emotional": {
            "roc_auc": 0.8157957980748556,
            "pr_auc": 0.9339353627561535
        },
        "energetic": {
            "roc_auc": 0.5985528331766857,
            "pr_auc": 0.6679224013203948
        },
        "male": {
            "roc_auc": 0.7292573060865745,
            "pr_auc": 0.6642075322678236
        },
        "female": {
            "roc_auc": 0.8774411469055761,
            "pr_auc": 0.9142174003040444
        },
        "mild/soft": {
            "roc_auc": 0.6655479452054794,
            "pr_auc": 0.8814277752295991
        },
        "charismatic": {
            "roc_auc": 0.4900842758926591,
            "pr_auc": 0.39383012344206014
        },
        "whisper/quiet": {
            "roc_auc": 0.6155029333333334,
            "pr_auc": 0.5746303043061051
        },
        "sharp": {
            "roc_auc": 0.5281065898188848,
            "pr_auc": 0.4263790223487314
        },
        "pure": {
            "roc_auc": 0.40273560885124554,
            "pr_auc": 0.349731273205168
        },
        "rich": {
            "roc_auc": 0.5105865921787709,
            "pr_auc": 0.6487956662973781
        },
        "robotic/artificial": {
            "roc_auc": 0.6401045094478761,
            "pr_auc": 0.2302407038694149
        },
        "rounded": {
            "roc_auc": 0.4848641804788214,
            "pr_auc": 0.5816520737138924
        },
        "embellishing": {
            "roc_auc": 0.5327106575693978,
            "pr_auc": 0.5498987838826244
        },
        "stable": {
            "roc_auc": 0.66927993059572,
            "pr_auc": 0.9382537012079581
        },
        "sweet": {
            "roc_auc": 0.5640527848466563,
            "pr_auc": 0.4563795410249406
        },
        "young": {
            "roc_auc": 0.46103274945628137,
            "pr_auc": 0.6188566888713628
        },
        "soulful/r&b": {
            "roc_auc": 0.610115650916838,
            "pr_auc": 0.7830985840553486
        },
        "ballad": {
            "roc_auc": 0.8285974068215083,
            "pr_auc": 0.8832129769132878
        },
        "shouty": {
            "roc_auc": 0.5639659307678064,
            "pr_auc": 0.5108330559552106
        },
        "vibrato": {
            "roc_auc": 0.45451646480508784,
            "pr_auc": 0.7452861505028346
        },
        "falsetto": {
            "roc_auc": 0.4825393657130184,
            "pr_auc": 0.6011497710743339
        },
        "breathy": {
            "roc_auc": 0.5679889807162535,
            "pr_auc": 0.9650997609008646
        },
        "compressed": {
            "roc_auc": 0.4781570574010437,
            "pr_auc": 0.6999883671434638
        },
        "dynamic": {
            "roc_auc": 0.5230327819099513,
            "pr_auc": 0.6922749797296432
        },
        "speech-like": {
            "roc_auc": 0.5774831219664227,
            "pr_auc": 0.4499860749233229
        }
    }
}