{
    "roc_auc": 0.8860540202304159,
    "pr_auc": 0.3705473804387684,
    "tag_wise": {
        "rock": {
            "roc_auc": 0.7692892657675888,
            "pr_auc": 0.4403846117543425
        },
        "pop": {
            "roc_auc": 0.7859133386312493,
            "pr_auc": 0.4419743193396218
        },
        "indie": {
            "roc_auc": 0.8804826071191243,
            "pr_auc": 0.45605882531714975
        },
        "alternative": {
            "roc_auc": 0.8118696556742765,
            "pr_auc": 0.22893729717885647
        },
        "electronic": {
            "roc_auc": 0.8936522509798449,
            "pr_auc": 0.530777354102299
        },
        "hip hop": {
            "roc_auc": 0.9787524892525707,
            "pr_auc": 0.8632908857984275
        },
        "metal": {
            "roc_auc": 0.9326075088018794,
            "pr_auc": 0.335778947432618
        },
        "jazz": {
            "roc_auc": 0.9364753306279874,
            "pr_auc": 0.6937904733597064
        },
        "punk": {
            "roc_auc": 0.935010330740499,
            "pr_auc": 0.5455494682234784
        },
        "folk": {
            "roc_auc": 0.8993010391760614,
            "pr_auc": 0.40286595002046593
        },
        "alternative rock": {
            "roc_auc": 0.8753449550717665,
            "pr_auc": 0.21061989865744338
        },
        "indie rock": {
            "roc_auc": 0.9056678552876292,
            "pr_auc": 0.397378202831587
        },
        "dance": {
            "roc_auc": 0.9217701797308238,
            "pr_auc": 0.40421238177964625
        },
        "hard rock": {
            "roc_auc": 0.8997342708740941,
            "pr_auc": 0.44698193115240503
        },
        "00s": {
            "roc_auc": 0.6426408369127121,
            "pr_auc": 0.028630214124722962
        },
        "soul": {
            "roc_auc": 0.9275873157239388,
            "pr_auc": 0.5853690891848576
        },
        "hardcore": {
            "roc_auc": 0.9486587401479917,
            "pr_auc": 0.3114381596508117
        },
        "80s": {
            "roc_auc": 0.9004740184005794,
            "pr_auc": 0.3711757831278
        },
        "country": {
            "roc_auc": 0.9365581528443259,
            "pr_auc": 0.7076707594901435
        },
        "classic rock": {
            "roc_auc": 0.9072784868874646,
            "pr_auc": 0.35177382477127306
        },
        "punk rock": {
            "roc_auc": 0.9542085464953727,
            "pr_auc": 0.3692935115676077
        },
        "blues": {
            "roc_auc": 0.9407071926528097,
            "pr_auc": 0.7124784473071607
        },
        "chillout": {
            "roc_auc": 0.8820299718289707,
            "pr_auc": 0.24467992257868681
        },
        "experimental": {
            "roc_auc": 0.8561174368011236,
            "pr_auc": 0.17891054990441832
        },
        "heavy metal": {
            "roc_auc": 0.9239188434625065,
            "pr_auc": 0.5912087038315748
        },
        "death metal": {
            "roc_auc": 0.9901316688945352,
            "pr_auc": 0.8608512406315992
        },
        "90s": {
            "roc_auc": 0.7302300905204552,
            "pr_auc": 0.058348143888606624
        },
        "reggae": {
            "roc_auc": 0.9690477219165927,
            "pr_auc": 0.878588842413673
        },
        "progressive rock": {
            "roc_auc": 0.875180735771598,
            "pr_auc": 0.22140659768940746
        },
        "ambient": {
            "roc_auc": 0.9185701734281569,
            "pr_auc": 0.3876820842982414
        },
        "acoustic": {
            "roc_auc": 0.8894643522035842,
            "pr_auc": 0.19623216105848512
        },
        "beautiful": {
            "roc_auc": 0.7902821880061017,
            "pr_auc": 0.06663138688123968
        },
        "british": {
            "roc_auc": 0.6408622459098852,
            "pr_auc": 0.024682569443583366
        },
        "rnb": {
            "roc_auc": 0.8882064909903495,
            "pr_auc": 0.42451566687327713
        },
        "funk": {
            "roc_auc": 0.9359454495845942,
            "pr_auc": 0.4665139584003736
        },
        "metalcore": {
            "roc_auc": 0.972094008436119,
            "pr_auc": 0.4271203398761628
        },
        "mellow": {
            "roc_auc": 0.7921947655526065,
            "pr_auc": 0.0704199351162059
        },
        "world": {
            "roc_auc": 0.8754990499133172,
            "pr_auc": 0.1680169074878279
        },
        "guitar": {
            "roc_auc": 0.8058511758695064,
            "pr_auc": 0.10307014988210164
        },
        "trance": {
            "roc_auc": 0.971928667864754,
            "pr_auc": 0.7214184717030178
        },
        "indie pop": {
            "roc_auc": 0.8861245560493685,
            "pr_auc": 0.2711659993898018
        },
        "christian": {
            "roc_auc": 0.8584105372876918,
            "pr_auc": 0.1745259647679032
        },
        "house": {
            "roc_auc": 0.9216643701900481,
            "pr_auc": 0.30535713874907955
        },
        "spanish": {
            "roc_auc": 0.9569905416483747,
            "pr_auc": 0.30739030912163084
        },
        "latin": {
            "roc_auc": 0.9122515499129004,
            "pr_auc": 0.4777622972343331
        },
        "psychedelic": {
            "roc_auc": 0.8408530437803962,
            "pr_auc": 0.08949378860683246
        },
        "electro": {
            "roc_auc": 0.9255619488642787,
            "pr_auc": 0.2514386175126943
        },
        "piano": {
            "roc_auc": 0.8735796356842597,
            "pr_auc": 0.272685651506227
        },
        "70s": {
            "roc_auc": 0.9025070167059221,
            "pr_auc": 0.17856456524468103
        },
        "progressive metal": {
            "roc_auc": 0.9332184066422037,
            "pr_auc": 0.2722567216743276
        }
    }
}