{
    "R@1": 0.054,
    "R@5": 0.221,
    "R@10": 0.35,
    "mAP@10": 0.12968293650793652,
    "medRank": 17.0,
    "tag_stat": {
        "mean": 0.0917467549443245,
        "std": 0.2299523800611496
    },
    "caption_stat": {
        "mean": 0.10717358440160751,
        "std": 0.284757137298584
    },
    "audio_stat": {
        "mean": 0.08882343024015427,
        "std": 0.2715339660644531
    }
}