{
    "macro_roc": 0.6231955329887608,
    "macro_pr": 0.06516923322351453,
    "macro_fl": 0.11634885252013036,
    "avg_macro_f1": 0.49670356092673357,
    "avg_fscore_weighted": 0.9337118560082066,
    "tag_wise": {
        "movie": {
            "roc_auc": 0.48249115202918663,
            "pr_auc": 0.025277170253447622
        },
        "hopeful": {
            "roc_auc": 0.5175973434619399,
            "pr_auc": 0.011159323852556687
        },
        "calm": {
            "roc_auc": 0.7397424748225658,
            "pr_auc": 0.04498448479027657
        },
        "soundscape": {
            "roc_auc": 0.758267819921548,
            "pr_auc": 0.015562245993602173
        },
        "dream": {
            "roc_auc": 0.6006523446664831,
            "pr_auc": 0.07843219626266892
        },
        "game": {
            "roc_auc": 0.6830004729164394,
            "pr_auc": 0.032845608297554736
        },
        "action": {
            "roc_auc": 0.7334388366124893,
            "pr_auc": 0.06479950913728105
        },
        "uplifting": {
            "roc_auc": 0.48653140364240705,
            "pr_auc": 0.024070662469860865
        },
        "deep": {
            "roc_auc": 0.8628632251576992,
            "pr_auc": 0.1844038189866063
        },
        "groovy": {
            "roc_auc": 0.6419534154077003,
            "pr_auc": 0.016882758421933423
        },
        "melodic": {
            "roc_auc": 0.4334564980570053,
            "pr_auc": 0.05078443829022054
        },
        "meditative": {
            "roc_auc": 0.7405014358294676,
            "pr_auc": 0.09455048486563761
        },
        "party": {
            "roc_auc": 0.7347875304771857,
            "pr_auc": 0.05926424666789214
        },
        "cool": {
            "roc_auc": 0.7271469834424963,
            "pr_auc": 0.033205313969702346
        },
        "fun": {
            "roc_auc": 0.8226673123933398,
            "pr_auc": 0.05140671890793413
        },
        "commercial": {
            "roc_auc": 0.3143491560186713,
            "pr_auc": 0.026160473144585084
        },
        "documentary": {
            "roc_auc": 0.5814481744670424,
            "pr_auc": 0.039282451169642255
        },
        "slow": {
            "roc_auc": 0.654137663507289,
            "pr_auc": 0.05647026422090835
        },
        "motivational": {
            "roc_auc": 0.328130838170518,
            "pr_auc": 0.030001080560538268
        },
        "relaxing": {
            "roc_auc": 0.6915119919333145,
            "pr_auc": 0.12193381994933264
        },
        "powerful": {
            "roc_auc": 0.4831190942368264,
            "pr_auc": 0.03529465435243319
        },
        "love": {
            "roc_auc": 0.6825946917132882,
            "pr_auc": 0.1077097431025739
        },
        "romantic": {
            "roc_auc": 0.7419577136533593,
            "pr_auc": 0.07967649648379145
        },
        "sad": {
            "roc_auc": 0.7131821922570821,
            "pr_auc": 0.12294644931083572
        },
        "dark": {
            "roc_auc": 0.8237972508591066,
            "pr_auc": 0.31730162315283944
        },
        "heavy": {
            "roc_auc": 0.8558345221112696,
            "pr_auc": 0.12030233196147863
        },
        "sport": {
            "roc_auc": 0.7652457919135329,
            "pr_auc": 0.03841801062894773
        },
        "melancholic": {
            "roc_auc": 0.4775832347954925,
            "pr_auc": 0.02125592171357051
        },
        "energetic": {
            "roc_auc": 0.7094553226227054,
            "pr_auc": 0.14149893528391774
        },
        "summer": {
            "roc_auc": 0.3610606250020034,
            "pr_auc": 0.02851682650087931
        },
        "trailer": {
            "roc_auc": 0.7610474827010261,
            "pr_auc": 0.026261258463793312
        },
        "christmas": {
            "roc_auc": 0.6570206670759158,
            "pr_auc": 0.06599391747109326
        },
        "soft": {
            "roc_auc": 0.6640738682964257,
            "pr_auc": 0.04359227813173221
        },
        "travel": {
            "roc_auc": 0.6474872594453347,
            "pr_auc": 0.012047830195926656
        },
        "film": {
            "roc_auc": 0.7418607865514729,
            "pr_auc": 0.256066837615618
        },
        "dramatic": {
            "roc_auc": 0.6122896232418318,
            "pr_auc": 0.048092928404524
        },
        "sexy": {
            "roc_auc": 0.7849355163267173,
            "pr_auc": 0.018324781699008825
        },
        "epic": {
            "roc_auc": 0.7509277160851427,
            "pr_auc": 0.19994668781656516
        },
        "upbeat": {
            "roc_auc": 0.6769850866586054,
            "pr_auc": 0.053458199491167244
        },
        "ballad": {
            "roc_auc": 0.6903660931091773,
            "pr_auc": 0.047530633226149296
        },
        "inspiring": {
            "roc_auc": 0.4368715543487205,
            "pr_auc": 0.043352970941845384
        },
        "funny": {
            "roc_auc": 0.7150799024918743,
            "pr_auc": 0.055854609265574215
        },
        "advertising": {
            "roc_auc": 0.35458403460195087,
            "pr_auc": 0.02942527743404712
        },
        "corporate": {
            "roc_auc": 0.3559618901966458,
            "pr_auc": 0.023745841409696433
        },
        "happy": {
            "roc_auc": 0.6535398842103183,
            "pr_auc": 0.1646314409663691
        },
        "background": {
            "roc_auc": 0.480016782546152,
            "pr_auc": 0.012571750378911494
        },
        "positive": {
            "roc_auc": 0.4042763061398105,
            "pr_auc": 0.01833284210801315
        },
        "fast": {
            "roc_auc": 0.7104685099846391,
            "pr_auc": 0.024240076091054063
        },
        "adventure": {
            "roc_auc": 0.640188679245283,
            "pr_auc": 0.040944711791980976
        },
        "retro": {
            "roc_auc": 0.281533775102141,
            "pr_auc": 0.005059527187842641
        },
        "emotional": {
            "roc_auc": 0.5765167588593367,
            "pr_auc": 0.11262439402795371
        },
        "holiday": {
            "roc_auc": 0.5102452188978477,
            "pr_auc": 0.010778580175724521
        },
        "drama": {
            "roc_auc": 0.515174773166741,
            "pr_auc": 0.018724373187586733
        },
        "children": {
            "roc_auc": 0.870508076044408,
            "pr_auc": 0.19529373829241764
        },
        "space": {
            "roc_auc": 0.5122469917921747,
            "pr_auc": 0.01230582755257992
        },
        "nature": {
            "roc_auc": 0.7462360981514639,
            "pr_auc": 0.035877684486189866
        }
    }
}