{
    "macro_roc": 0.538591383214141,
    "macro_pr": 0.5810022892883735,
    "macro_fl": 0.6897533650501527,
    "avg_macro_f1": 0.3061714341564765,
    "avg_fscore_weighted": 0.3214546243574522,
    "tag_wise": {
        "low-range": {
            "roc_auc": 0.39487272727272726,
            "pr_auc": 0.1785428293913791
        },
        "mid-range": {
            "roc_auc": 0.4211776210099881,
            "pr_auc": 0.8759647191430817
        },
        "high-range": {
            "roc_auc": 0.6385204988410107,
            "pr_auc": 0.45167921108778253
        },
        "husky/throaty": {
            "roc_auc": 0.46790672333006433,
            "pr_auc": 0.41878577088197777
        },
        "thick": {
            "roc_auc": 0.6159111346204708,
            "pr_auc": 0.4158935636738369
        },
        "thin": {
            "roc_auc": 0.4584683071007846,
            "pr_auc": 0.4726034658519156
        },
        "warm": {
            "roc_auc": 0.4335418334173263,
            "pr_auc": 0.6507430186826935
        },
        "lonely": {
            "roc_auc": 0.6159282690202385,
            "pr_auc": 0.7351861812263902
        },
        "passion": {
            "roc_auc": 0.47751746031746034,
            "pr_auc": 0.5329311245646831
        },
        "pretty": {
            "roc_auc": 0.3983024458151878,
            "pr_auc": 0.2941322225630559
        },
        "sad": {
            "roc_auc": 0.7758352990355617,
            "pr_auc": 0.747331273630081
        },
        "bright": {
            "roc_auc": 0.6360404631832084,
            "pr_auc": 0.4902121991944657
        },
        "clear": {
            "roc_auc": 0.5360129289550704,
            "pr_auc": 0.7378752260681574
        },
        "relaxed": {
            "roc_auc": 0.5124020186835606,
            "pr_auc": 0.7200108504364073
        },
        "cute": {
            "roc_auc": 0.3699816134657669,
            "pr_auc": 0.09548179904283366
        },
        "dark": {
            "roc_auc": 0.477931991303562,
            "pr_auc": 0.25383423440736547
        },
        "delicate": {
            "roc_auc": 0.6092212437689446,
            "pr_auc": 0.7802241970063897
        },
        "emotional": {
            "roc_auc": 0.7847240668361604,
            "pr_auc": 0.926481575048282
        },
        "energetic": {
            "roc_auc": 0.6127927487157039,
            "pr_auc": 0.651047444960704
        },
        "male": {
            "roc_auc": 0.44796198637662055,
            "pr_auc": 0.35990605791229224
        },
        "female": {
            "roc_auc": 0.7732635977753683,
            "pr_auc": 0.8358415428285433
        },
        "mild/soft": {
            "roc_auc": 0.614918460534899,
            "pr_auc": 0.840049443199067
        },
        "charismatic": {
            "roc_auc": 0.4859702816589044,
            "pr_auc": 0.38576151620039906
        },
        "whisper/quiet": {
            "roc_auc": 0.5329706666666666,
            "pr_auc": 0.5044401957491823
        },
        "sharp": {
            "roc_auc": 0.4947243146624838,
            "pr_auc": 0.3673561958770748
        },
        "pure": {
            "roc_auc": 0.6537330801739452,
            "pr_auc": 0.548512083802704
        },
        "rich": {
            "roc_auc": 0.611957635009311,
            "pr_auc": 0.7150542723976285
        },
        "robotic/artificial": {
            "roc_auc": 0.5119377066599002,
            "pr_auc": 0.1596094040262345
        },
        "rounded": {
            "roc_auc": 0.5454406608584785,
            "pr_auc": 0.6283688510363079
        },
        "embellishing": {
            "roc_auc": 0.5381719927607039,
            "pr_auc": 0.5575888620141729
        },
        "stable": {
            "roc_auc": 0.4265934065934066,
            "pr_auc": 0.8915290892715562
        },
        "sweet": {
            "roc_auc": 0.5248522094253657,
            "pr_auc": 0.4146128885711562
        },
        "young": {
            "roc_auc": 0.4222166571910731,
            "pr_auc": 0.5642028480177016
        },
        "soulful/r&b": {
            "roc_auc": 0.4802284757774372,
            "pr_auc": 0.7426763767067734
        },
        "ballad": {
            "roc_auc": 0.8540289872213762,
            "pr_auc": 0.9166178244242498
        },
        "shouty": {
            "roc_auc": 0.5435338646962318,
            "pr_auc": 0.4715062169828325
        },
        "vibrato": {
            "roc_auc": 0.5167867006010722,
            "pr_auc": 0.7964980471376168
        },
        "falsetto": {
            "roc_auc": 0.4986560212907518,
            "pr_auc": 0.6016878138587056
        },
        "breathy": {
            "roc_auc": 0.451404958677686,
            "pr_auc": 0.9554464451502823
        },
        "compressed": {
            "roc_auc": 0.48975435917016674,
            "pr_auc": 0.7243017087818736
        },
        "dynamic": {
            "roc_auc": 0.4485369304254037,
            "pr_auc": 0.6241025626923202
        },
        "speech-like": {
            "roc_auc": 0.5161057460938753,
            "pr_auc": 0.36746499661152954
        }
    }
}