{
    "macro_roc": 0.7320556442738004,
    "macro_pr": 0.1881639699089206,
    "macro_fl": 0.25891804860735307,
    "avg_macro_f1": 0.5445475913759239,
    "avg_fscore_weighted": 0.9004312915955082,
    "tag_wise": {
        "choir": {
            "roc_auc": 0.8913945875254008,
            "pr_auc": 0.16185949670700678
        },
        "male": {
            "roc_auc": 0.5402464925663346,
            "pr_auc": 0.15845017290624933
        },
        "electronic": {
            "roc_auc": 0.8652964664971332,
            "pr_auc": 0.3705034555564978
        },
        "vocal": {
            "roc_auc": 0.6237461775855022,
            "pr_auc": 0.14001867942687118
        },
        "soft": {
            "roc_auc": 0.7130964804098283,
            "pr_auc": 0.08714624724651904
        },
        "metal": {
            "roc_auc": 0.9632162054315424,
            "pr_auc": 0.4234447239522539
        },
        "vocals": {
            "roc_auc": 0.5733853549682628,
            "pr_auc": 0.08471270819696025
        },
        "strings": {
            "roc_auc": 0.7941719511003451,
            "pr_auc": 0.21406550592638682
        },
        "solo": {
            "roc_auc": 0.7419856939527756,
            "pr_auc": 0.06490336978105331
        },
        "harpsichord": {
            "roc_auc": 0.9083112016964157,
            "pr_auc": 0.20627940736992306
        },
        "beats": {
            "roc_auc": 0.8394795222074688,
            "pr_auc": 0.099912119715702
        },
        "harp": {
            "roc_auc": 0.8430147038720014,
            "pr_auc": 0.08214417187286363
        },
        "piano": {
            "roc_auc": 0.8785067432882019,
            "pr_auc": 0.5897028744662605
        },
        "sitar": {
            "roc_auc": 0.6569133871264212,
            "pr_auc": 0.0273143272694176
        },
        "synth": {
            "roc_auc": 0.7271496723587141,
            "pr_auc": 0.11072062592941194
        },
        "violin": {
            "roc_auc": 0.6789140635747147,
            "pr_auc": 0.06855706740696493
        },
        "rock": {
            "roc_auc": 0.821280688828857,
            "pr_auc": 0.4625702481885491
        },
        "female": {
            "roc_auc": 0.8910167049652342,
            "pr_auc": 0.44774329666071444
        },
        "male voice": {
            "roc_auc": 0.4859662434238902,
            "pr_auc": 0.04187484304383422
        },
        "indian": {
            "roc_auc": 0.7093760103459424,
            "pr_auc": 0.0581514017713703
        },
        "choral": {
            "roc_auc": 0.8627980814699723,
            "pr_auc": 0.09052287791766593
        },
        "male vocal": {
            "roc_auc": 0.4913179738127408,
            "pr_auc": 0.04714560257389805
        },
        "slow": {
            "roc_auc": 0.7100814749427931,
            "pr_auc": 0.2851290974347409
        },
        "cello": {
            "roc_auc": 0.7829063853833114,
            "pr_auc": 0.008574243588571059
        },
        "flute": {
            "roc_auc": 0.6643167585364863,
            "pr_auc": 0.04568106940716053
        },
        "female voice": {
            "roc_auc": 0.8697575767351087,
            "pr_auc": 0.1637483417552182
        },
        "new age": {
            "roc_auc": 0.7184789015999208,
            "pr_auc": 0.06541867057066898
        },
        "ambient": {
            "roc_auc": 0.9057678267814533,
            "pr_auc": 0.49012183068973547
        },
        "classic": {
            "roc_auc": 0.8343395634830776,
            "pr_auc": 0.06813138612203228
        },
        "fast": {
            "roc_auc": 0.7087260691315305,
            "pr_auc": 0.1818286722949426
        },
        "loud": {
            "roc_auc": 0.3824006294338572,
            "pr_auc": 0.04078956082469938
        },
        "man": {
            "roc_auc": 0.6229367218585549,
            "pr_auc": 0.09882804828909042
        },
        "singing": {
            "roc_auc": 0.7225517329616238,
            "pr_auc": 0.16185606213795856
        },
        "beat": {
            "roc_auc": 0.7566466842387628,
            "pr_auc": 0.1305285641730821
        },
        "dance": {
            "roc_auc": 0.9225497772524776,
            "pr_auc": 0.34900057526469114
        },
        "opera": {
            "roc_auc": 0.9630555862095826,
            "pr_auc": 0.6145183220203555
        },
        "no voice": {
            "roc_auc": 0.43367046574545065,
            "pr_auc": 0.018581109982965867
        },
        "guitar": {
            "roc_auc": 0.6974449932644814,
            "pr_auc": 0.3890557128766003
        },
        "classical": {
            "roc_auc": 0.859824587423564,
            "pr_auc": 0.36853679076752505
        },
        "voice": {
            "roc_auc": 0.6518381544326688,
            "pr_auc": 0.061770123280897406
        },
        "drums": {
            "roc_auc": 0.5246262544755241,
            "pr_auc": 0.14367143102823002
        },
        "weird": {
            "roc_auc": 0.6326141293333608,
            "pr_auc": 0.032194709829208745
        },
        "no vocals": {
            "roc_auc": 0.4160302830809743,
            "pr_auc": 0.036318892868792946
        },
        "female vocal": {
            "roc_auc": 0.6942554169084929,
            "pr_auc": 0.06963347109646713
        },
        "techno": {
            "roc_auc": 0.9351286504935424,
            "pr_auc": 0.6566414519366772
        },
        "country": {
            "roc_auc": 0.8551484311623183,
            "pr_auc": 0.20696985518875896
        },
        "no vocal": {
            "roc_auc": 0.4398512020634611,
            "pr_auc": 0.029312458849719187
        },
        "pop": {
            "roc_auc": 0.8344247108545346,
            "pr_auc": 0.21855583663905032
        },
        "quiet": {
            "roc_auc": 0.6655043139844201,
            "pr_auc": 0.08431445827805728
        },
        "woman": {
            "roc_auc": 0.8973205249109901,
            "pr_auc": 0.3507445243637587
        }
    }
}