{
    "macro_roc": 0.7483406857843444,
    "macro_pr": 0.19850013153330784,
    "macro_fl": 0.27115310367584455,
    "avg_macro_f1": 0.5291652197825895,
    "avg_fscore_weighted": 0.9008945370559965,
    "tag_wise": {
        "choir": {
            "roc_auc": 0.8517984331221262,
            "pr_auc": 0.12219645935747488
        },
        "male": {
            "roc_auc": 0.6797182087409136,
            "pr_auc": 0.16192866654232047
        },
        "electronic": {
            "roc_auc": 0.8683233715784626,
            "pr_auc": 0.3684066685564832
        },
        "vocal": {
            "roc_auc": 0.6148302636585263,
            "pr_auc": 0.12231704380295935
        },
        "soft": {
            "roc_auc": 0.7805244600449041,
            "pr_auc": 0.11575328817453406
        },
        "metal": {
            "roc_auc": 0.9660070887026734,
            "pr_auc": 0.4983838475293898
        },
        "vocals": {
            "roc_auc": 0.5849005167032729,
            "pr_auc": 0.086091270415005
        },
        "strings": {
            "roc_auc": 0.761793673079989,
            "pr_auc": 0.17671893750973233
        },
        "solo": {
            "roc_auc": 0.2384499349172171,
            "pr_auc": 0.01838568961359731
        },
        "harpsichord": {
            "roc_auc": 0.896761575360797,
            "pr_auc": 0.2915686034899585
        },
        "beats": {
            "roc_auc": 0.8600767900248998,
            "pr_auc": 0.10508642873272725
        },
        "harp": {
            "roc_auc": 0.8332800188104573,
            "pr_auc": 0.07908217559062863
        },
        "piano": {
            "roc_auc": 0.8756413632972394,
            "pr_auc": 0.6169257750019191
        },
        "sitar": {
            "roc_auc": 0.486176601882383,
            "pr_auc": 0.01753865384551576
        },
        "synth": {
            "roc_auc": 0.7873423169482382,
            "pr_auc": 0.14207065972367855
        },
        "violin": {
            "roc_auc": 0.7116838960699299,
            "pr_auc": 0.08615110119273167
        },
        "rock": {
            "roc_auc": 0.8005146123105088,
            "pr_auc": 0.44516479652359714
        },
        "female": {
            "roc_auc": 0.8454493663231466,
            "pr_auc": 0.41732785044999365
        },
        "male voice": {
            "roc_auc": 0.560493912671152,
            "pr_auc": 0.05409324560975879
        },
        "indian": {
            "roc_auc": 0.7157184744194343,
            "pr_auc": 0.06029004602789208
        },
        "choral": {
            "roc_auc": 0.8984621213678778,
            "pr_auc": 0.11871022219866971
        },
        "male vocal": {
            "roc_auc": 0.5538703331629831,
            "pr_auc": 0.05718554675597255
        },
        "slow": {
            "roc_auc": 0.7001102443589945,
            "pr_auc": 0.23552224404036987
        },
        "cello": {
            "roc_auc": 0.81771520060275,
            "pr_auc": 0.012122768982932266
        },
        "flute": {
            "roc_auc": 0.8212707901760221,
            "pr_auc": 0.1082613949958856
        },
        "female voice": {
            "roc_auc": 0.8485878804496847,
            "pr_auc": 0.1597158653188585
        },
        "new age": {
            "roc_auc": 0.6700209184285617,
            "pr_auc": 0.04890913755869614
        },
        "ambient": {
            "roc_auc": 0.9119628364749366,
            "pr_auc": 0.48853193331860756
        },
        "classic": {
            "roc_auc": 0.8170164956714104,
            "pr_auc": 0.059267880367677384
        },
        "fast": {
            "roc_auc": 0.6117423720030256,
            "pr_auc": 0.11139193572432099
        },
        "loud": {
            "roc_auc": 0.8557924143367182,
            "pr_auc": 0.22559500207940805
        },
        "man": {
            "roc_auc": 0.8211255151955961,
            "pr_auc": 0.14633611962017998
        },
        "singing": {
            "roc_auc": 0.699674080658303,
            "pr_auc": 0.13664253092886242
        },
        "beat": {
            "roc_auc": 0.8488943574910779,
            "pr_auc": 0.24045878625672623
        },
        "dance": {
            "roc_auc": 0.9534149569152751,
            "pr_auc": 0.39209441252593275
        },
        "opera": {
            "roc_auc": 0.9611974112133151,
            "pr_auc": 0.6257758636341176
        },
        "no voice": {
            "roc_auc": 0.48205084106709356,
            "pr_auc": 0.02005543082493074
        },
        "guitar": {
            "roc_auc": 0.6804498043492205,
            "pr_auc": 0.3630258774375495
        },
        "classical": {
            "roc_auc": 0.8543806795885514,
            "pr_auc": 0.3497874800977414
        },
        "voice": {
            "roc_auc": 0.6146066683501821,
            "pr_auc": 0.054367388063664576
        },
        "drums": {
            "roc_auc": 0.69834041203008,
            "pr_auc": 0.23472135607882472
        },
        "weird": {
            "roc_auc": 0.7083919534524434,
            "pr_auc": 0.041116701589519154
        },
        "no vocals": {
            "roc_auc": 0.45617142214871786,
            "pr_auc": 0.040588253586414866
        },
        "female vocal": {
            "roc_auc": 0.713165022248017,
            "pr_auc": 0.0921332996987883
        },
        "techno": {
            "roc_auc": 0.9117618157898272,
            "pr_auc": 0.5792350342564663
        },
        "country": {
            "roc_auc": 0.867733737243089,
            "pr_auc": 0.28838497894852355
        },
        "no vocal": {
            "roc_auc": 0.48272946272143274,
            "pr_auc": 0.03266787272651404
        },
        "pop": {
            "roc_auc": 0.8446526477335529,
            "pr_auc": 0.26321762383517505
        },
        "quiet": {
            "roc_auc": 0.738561909961844,
            "pr_auc": 0.09259710407804787
        },
        "woman": {
            "roc_auc": 0.8536951053603624,
            "pr_auc": 0.3211053234461186
        }
    }
}