{
    "macro_roc": 0.5971159852031018,
    "macro_pr": 0.6160999350462223,
    "macro_fl": 0.7035016274570748,
    "avg_macro_f1": 0.2991249995711837,
    "avg_fscore_weighted": 0.31243398354161533,
    "tag_wise": {
        "low-range": {
            "roc_auc": 0.5688363636363636,
            "pr_auc": 0.2655371240610664
        },
        "mid-range": {
            "roc_auc": 0.513463015994971,
            "pr_auc": 0.8926423697779255
        },
        "high-range": {
            "roc_auc": 0.4988910750314154,
            "pr_auc": 0.31533693337906316
        },
        "husky/throaty": {
            "roc_auc": 0.4186095673967528,
            "pr_auc": 0.3757155000375017
        },
        "thick": {
            "roc_auc": 0.5566358106321079,
            "pr_auc": 0.3032344911224524
        },
        "thin": {
            "roc_auc": 0.4667202327265336,
            "pr_auc": 0.48106584043845574
        },
        "warm": {
            "roc_auc": 0.5897637328432099,
            "pr_auc": 0.7285103329552967
        },
        "lonely": {
            "roc_auc": 0.747653048372877,
            "pr_auc": 0.8274158919423552
        },
        "passion": {
            "roc_auc": 0.5410137566137566,
            "pr_auc": 0.5445245022783807
        },
        "pretty": {
            "roc_auc": 0.5169343279617902,
            "pr_auc": 0.35920475277785374
        },
        "sad": {
            "roc_auc": 0.7508627051190726,
            "pr_auc": 0.7290187657413987
        },
        "bright": {
            "roc_auc": 0.6066515060424672,
            "pr_auc": 0.4818434501012674
        },
        "clear": {
            "roc_auc": 0.49420823550852816,
            "pr_auc": 0.7209548010313955
        },
        "relaxed": {
            "roc_auc": 0.6321475868345835,
            "pr_auc": 0.7985311879056387
        },
        "cute": {
            "roc_auc": 0.6071110395026158,
            "pr_auc": 0.16210812036729239
        },
        "dark": {
            "roc_auc": 0.5306156078735721,
            "pr_auc": 0.30830966155967404
        },
        "delicate": {
            "roc_auc": 0.7207170322698041,
            "pr_auc": 0.7980102204674315
        },
        "emotional": {
            "roc_auc": 0.8500676709799011,
            "pr_auc": 0.9483930660446938
        },
        "energetic": {
            "roc_auc": 0.6934319569798332,
            "pr_auc": 0.7531243445527015
        },
        "male": {
            "roc_auc": 0.9550406504065041,
            "pr_auc": 0.9501538944181698
        },
        "female": {
            "roc_auc": 0.9557378200541672,
            "pr_auc": 0.9584106539258765
        },
        "mild/soft": {
            "roc_auc": 0.6587997390737117,
            "pr_auc": 0.8673727617006484
        },
        "charismatic": {
            "roc_auc": 0.5453337768906632,
            "pr_auc": 0.45127874929223355
        },
        "whisper/quiet": {
            "roc_auc": 0.6679765333333333,
            "pr_auc": 0.6163653413637807
        },
        "sharp": {
            "roc_auc": 0.5551575865905485,
            "pr_auc": 0.42075794531794825
        },
        "pure": {
            "roc_auc": 0.4848618414720577,
            "pr_auc": 0.40544915955185923
        },
        "rich": {
            "roc_auc": 0.638102886405959,
            "pr_auc": 0.7258044753422606
        },
        "robotic/artificial": {
            "roc_auc": 0.6663746005566438,
            "pr_auc": 0.2552168834664433
        },
        "rounded": {
            "roc_auc": 0.500522382773764,
            "pr_auc": 0.5932190581584207
        },
        "embellishing": {
            "roc_auc": 0.56797673568922,
            "pr_auc": 0.5699086955093884
        },
        "stable": {
            "roc_auc": 0.46054945054945057,
            "pr_auc": 0.8793606835531802
        },
        "sweet": {
            "roc_auc": 0.5766302874482951,
            "pr_auc": 0.46387022514643284
        },
        "young": {
            "roc_auc": 0.5144931459873117,
            "pr_auc": 0.6254840600573709
        },
        "soulful/r&b": {
            "roc_auc": 0.5537140900642383,
            "pr_auc": 0.7847945815903691
        },
        "ballad": {
            "roc_auc": 0.7240029174490064,
            "pr_auc": 0.8153142057005434
        },
        "shouty": {
            "roc_auc": 0.5738956134571744,
            "pr_auc": 0.5286600886020323
        },
        "vibrato": {
            "roc_auc": 0.5302912703140136,
            "pr_auc": 0.8013557396866106
        },
        "falsetto": {
            "roc_auc": 0.4768396540252828,
            "pr_auc": 0.5898204070003499
        },
        "breathy": {
            "roc_auc": 0.5302479338842975,
            "pr_auc": 0.9626521117588774
        },
        "compressed": {
            "roc_auc": 0.6055771923125876,
            "pr_auc": 0.7616527393771411
        },
        "dynamic": {
            "roc_auc": 0.5325507883813552,
            "pr_auc": 0.6880851165320188
        },
        "speech-like": {
            "roc_auc": 0.4998602090905341,
            "pr_auc": 0.36772833834753493
        }
    }
}