{
    "roc_auc": 0.8916852258909193,
    "pr_auc": 0.375525405905311,
    "tag_wise": {
        "rock": {
            "roc_auc": 0.7906629230024481,
            "pr_auc": 0.471581278198641
        },
        "pop": {
            "roc_auc": 0.7724167086017656,
            "pr_auc": 0.42517183631583616
        },
        "indie": {
            "roc_auc": 0.8914327370005292,
            "pr_auc": 0.4664440931700446
        },
        "alternative": {
            "roc_auc": 0.8191055261450262,
            "pr_auc": 0.23298263315121714
        },
        "electronic": {
            "roc_auc": 0.8974752679596275,
            "pr_auc": 0.5431099313332566
        },
        "hip hop": {
            "roc_auc": 0.9801419143356443,
            "pr_auc": 0.861694880358848
        },
        "metal": {
            "roc_auc": 0.9319149900206884,
            "pr_auc": 0.3071363522642484
        },
        "jazz": {
            "roc_auc": 0.9437757093543079,
            "pr_auc": 0.6966064460771488
        },
        "punk": {
            "roc_auc": 0.9390764259998285,
            "pr_auc": 0.5445481692251554
        },
        "folk": {
            "roc_auc": 0.9035586800944843,
            "pr_auc": 0.406995740754567
        },
        "alternative rock": {
            "roc_auc": 0.8735872429332631,
            "pr_auc": 0.21351381394316174
        },
        "indie rock": {
            "roc_auc": 0.9096181583846995,
            "pr_auc": 0.39332978148510367
        },
        "dance": {
            "roc_auc": 0.9199893527263832,
            "pr_auc": 0.4096271275305246
        },
        "hard rock": {
            "roc_auc": 0.9016170891898635,
            "pr_auc": 0.4627577960989523
        },
        "00s": {
            "roc_auc": 0.6736553885587362,
            "pr_auc": 0.0309051556549791
        },
        "soul": {
            "roc_auc": 0.9277899166959458,
            "pr_auc": 0.581150012106856
        },
        "hardcore": {
            "roc_auc": 0.953048714209025,
            "pr_auc": 0.3042882932648435
        },
        "80s": {
            "roc_auc": 0.9046502256608641,
            "pr_auc": 0.4226185266865336
        },
        "country": {
            "roc_auc": 0.9389897218990728,
            "pr_auc": 0.7191185392240207
        },
        "classic rock": {
            "roc_auc": 0.9051475469283596,
            "pr_auc": 0.36910776097734477
        },
        "punk rock": {
            "roc_auc": 0.9530402549449606,
            "pr_auc": 0.3449740826834851
        },
        "blues": {
            "roc_auc": 0.9471813871849646,
            "pr_auc": 0.720601589195443
        },
        "chillout": {
            "roc_auc": 0.8838224829644549,
            "pr_auc": 0.2635794191738195
        },
        "experimental": {
            "roc_auc": 0.8796148583896062,
            "pr_auc": 0.18053094543657297
        },
        "heavy metal": {
            "roc_auc": 0.9316782666446585,
            "pr_auc": 0.6132351309079491
        },
        "death metal": {
            "roc_auc": 0.9898268803444902,
            "pr_auc": 0.8495883617451049
        },
        "90s": {
            "roc_auc": 0.7488557586952641,
            "pr_auc": 0.07394883238778777
        },
        "reggae": {
            "roc_auc": 0.971858022589708,
            "pr_auc": 0.8858644476764244
        },
        "progressive rock": {
            "roc_auc": 0.8677251228299613,
            "pr_auc": 0.18455487199900153
        },
        "ambient": {
            "roc_auc": 0.9340525461282324,
            "pr_auc": 0.3966198512735678
        },
        "acoustic": {
            "roc_auc": 0.8917459421762524,
            "pr_auc": 0.22796968644144333
        },
        "beautiful": {
            "roc_auc": 0.7890639265158923,
            "pr_auc": 0.06289457664486572
        },
        "british": {
            "roc_auc": 0.6689803823268325,
            "pr_auc": 0.026932554030480872
        },
        "rnb": {
            "roc_auc": 0.900664262050613,
            "pr_auc": 0.4265462196917314
        },
        "funk": {
            "roc_auc": 0.9327813264114899,
            "pr_auc": 0.4813213758201694
        },
        "metalcore": {
            "roc_auc": 0.9739880866697056,
            "pr_auc": 0.4276104410779994
        },
        "mellow": {
            "roc_auc": 0.8002641542660914,
            "pr_auc": 0.0668282942831726
        },
        "world": {
            "roc_auc": 0.8816563887084927,
            "pr_auc": 0.17158413574403691
        },
        "guitar": {
            "roc_auc": 0.8186007242815355,
            "pr_auc": 0.11219324149208705
        },
        "trance": {
            "roc_auc": 0.9721883295192507,
            "pr_auc": 0.7062757459904434
        },
        "indie pop": {
            "roc_auc": 0.892072509440635,
            "pr_auc": 0.258701483079345
        },
        "christian": {
            "roc_auc": 0.8793526996645841,
            "pr_auc": 0.2592199190189622
        },
        "house": {
            "roc_auc": 0.9193711157108942,
            "pr_auc": 0.31310099362223365
        },
        "spanish": {
            "roc_auc": 0.9635235860857908,
            "pr_auc": 0.3075270678467636
        },
        "latin": {
            "roc_auc": 0.9186276505081599,
            "pr_auc": 0.4646769345200536
        },
        "psychedelic": {
            "roc_auc": 0.8551112895686087,
            "pr_auc": 0.09839982863269683
        },
        "electro": {
            "roc_auc": 0.9333107402001494,
            "pr_auc": 0.27532319789073556
        },
        "piano": {
            "roc_auc": 0.8780059940837615,
            "pr_auc": 0.29577669023947395
        },
        "70s": {
            "roc_auc": 0.8992277127575076,
            "pr_auc": 0.15673549388765468
        },
        "progressive metal": {
            "roc_auc": 0.9304146531828467,
            "pr_auc": 0.2604667150107652
        }
    }
}