{
    "R@1": 0.06400000000001387,
    "R@5": 0.21799999999994454,
    "R@10": 0.327,
    "mAP@10": 0.12760079365079363,
    "medRank": 19.5,
    "tag_stat": {
        "mean": 0.023952551186084747,
        "std": 0.24186377227306366
    },
    "caption_stat": {
        "mean": 0.15419095754623413,
        "std": 0.3067029118537903
    },
    "audio_stat": {
        "mean": 0.13561691343784332,
        "std": 0.28165581822395325
    }
}