{
    "macro_roc": 0.5857330158435041,
    "macro_pr": 0.6126668578771467,
    "macro_fl": 0.6998127374483927,
    "avg_macro_f1": 0.34290049787430865,
    "avg_fscore_weighted": 0.3614184861552332,
    "tag_wise": {
        "low-range": {
            "roc_auc": 0.5066776859504132,
            "pr_auc": 0.2332866210534258
        },
        "mid-range": {
            "roc_auc": 0.5451910316407068,
            "pr_auc": 0.8988515848449252
        },
        "high-range": {
            "roc_auc": 0.4637283909824124,
            "pr_auc": 0.287406319928932
        },
        "husky/throaty": {
            "roc_auc": 0.49544186553339864,
            "pr_auc": 0.4141660529719211
        },
        "thick": {
            "roc_auc": 0.5546257603808517,
            "pr_auc": 0.3424721046655943
        },
        "thin": {
            "roc_auc": 0.49789123337440766,
            "pr_auc": 0.5037023143418704
        },
        "warm": {
            "roc_auc": 0.6566863308925978,
            "pr_auc": 0.7986455846875605
        },
        "lonely": {
            "roc_auc": 0.7217711855375464,
            "pr_auc": 0.8051387528207048
        },
        "passion": {
            "roc_auc": 0.528205291005291,
            "pr_auc": 0.5788228269143174
        },
        "pretty": {
            "roc_auc": 0.5397278967637941,
            "pr_auc": 0.3830029168740146
        },
        "sad": {
            "roc_auc": 0.7525092028988598,
            "pr_auc": 0.7131293587377567
        },
        "bright": {
            "roc_auc": 0.5081096269963667,
            "pr_auc": 0.4420550368925812
        },
        "clear": {
            "roc_auc": 0.46261752377276766,
            "pr_auc": 0.7023863723417709
        },
        "relaxed": {
            "roc_auc": 0.682847325551073,
            "pr_auc": 0.8288835287051002
        },
        "cute": {
            "roc_auc": 0.608475813177648,
            "pr_auc": 0.18599615647722523
        },
        "dark": {
            "roc_auc": 0.47453527745145463,
            "pr_auc": 0.27946296440157964
        },
        "delicate": {
            "roc_auc": 0.7203818362040482,
            "pr_auc": 0.8254742075461059
        },
        "emotional": {
            "roc_auc": 0.8450492670031243,
            "pr_auc": 0.9439083236722132
        },
        "energetic": {
            "roc_auc": 0.6078358160913621,
            "pr_auc": 0.6730460645524641
        },
        "male": {
            "roc_auc": 0.902318171830367,
            "pr_auc": 0.8859617934824556
        },
        "female": {
            "roc_auc": 0.9511024392813404,
            "pr_auc": 0.9610448282088987
        },
        "mild/soft": {
            "roc_auc": 0.6329028049575995,
            "pr_auc": 0.8609994425421326
        },
        "charismatic": {
            "roc_auc": 0.6067221113328898,
            "pr_auc": 0.539556987501627
        },
        "whisper/quiet": {
            "roc_auc": 0.6071445333333334,
            "pr_auc": 0.5752012566130125
        },
        "sharp": {
            "roc_auc": 0.5601824830831523,
            "pr_auc": 0.43761649617698906
        },
        "pure": {
            "roc_auc": 0.3926493363315805,
            "pr_auc": 0.33457542241413973
        },
        "rich": {
            "roc_auc": 0.3979376163873371,
            "pr_auc": 0.5880310178013406
        },
        "robotic/artificial": {
            "roc_auc": 0.6236629054895213,
            "pr_auc": 0.23527994199834298
        },
        "rounded": {
            "roc_auc": 0.4895656254426972,
            "pr_auc": 0.5807440239356683
        },
        "embellishing": {
            "roc_auc": 0.49284779634806397,
            "pr_auc": 0.5324431727880885
        },
        "stable": {
            "roc_auc": 0.5191324465008677,
            "pr_auc": 0.8902309446906898
        },
        "sweet": {
            "roc_auc": 0.5292739022833207,
            "pr_auc": 0.40258372446039814
        },
        "young": {
            "roc_auc": 0.54941296441689,
            "pr_auc": 0.6836365055945834
        },
        "soulful/r&b": {
            "roc_auc": 0.5093884849077728,
            "pr_auc": 0.7495693618886683
        },
        "ballad": {
            "roc_auc": 0.8722926122503288,
            "pr_auc": 0.9073732471640773
        },
        "shouty": {
            "roc_auc": 0.5871086365848093,
            "pr_auc": 0.5377768252647661
        },
        "vibrato": {
            "roc_auc": 0.537730967551729,
            "pr_auc": 0.793857595931802
        },
        "falsetto": {
            "roc_auc": 0.5331492570414726,
            "pr_auc": 0.6254713727118084
        },
        "breathy": {
            "roc_auc": 0.5769834710743803,
            "pr_auc": 0.9670245067074448
        },
        "compressed": {
            "roc_auc": 0.5642128038691613,
            "pr_auc": 0.7451268419086825
        },
        "dynamic": {
            "roc_auc": 0.5502957889183044,
            "pr_auc": 0.7163492659799562
        },
        "speech-like": {
            "roc_auc": 0.4424611450021312,
            "pr_auc": 0.34171636264452254
        }
    }
}