{
    "macro_roc": 0.9169493093500914,
    "macro_pr": 0.46050395322657856,
    "macro_fl": 0.49742477515057437,
    "avg_macro_f1": 0.6534371747298396,
    "avg_fscore_weighted": 0.9372085731545308,
    "tag_wise": {
        "guitar": {
            "roc_auc": 0.9334253481548823,
            "pr_auc": 0.808000319707557
        },
        "classical": {
            "roc_auc": 0.9196776331411277,
            "pr_auc": 0.6808803239905755
        },
        "slow": {
            "roc_auc": 0.8497707212919552,
            "pr_auc": 0.5040873186939518
        },
        "techno": {
            "roc_auc": 0.9679291621957139,
            "pr_auc": 0.8408897896463644
        },
        "strings": {
            "roc_auc": 0.898453955085552,
            "pr_auc": 0.4512711197613302
        },
        "drums": {
            "roc_auc": 0.9127983155380041,
            "pr_auc": 0.5754720805481098
        },
        "electronic": {
            "roc_auc": 0.9120981407043628,
            "pr_auc": 0.5477941471816863
        },
        "rock": {
            "roc_auc": 0.9878799257653099,
            "pr_auc": 0.9376389689192323
        },
        "fast": {
            "roc_auc": 0.9015255500009214,
            "pr_auc": 0.5353448808003989
        },
        "piano": {
            "roc_auc": 0.9634483962204042,
            "pr_auc": 0.8660381539018982
        },
        "ambient": {
            "roc_auc": 0.9621433630942575,
            "pr_auc": 0.7741230575560112
        },
        "beat": {
            "roc_auc": 0.9344887861258193,
            "pr_auc": 0.5231435383232612
        },
        "violin": {
            "roc_auc": 0.9357447396949956,
            "pr_auc": 0.6076033720232298
        },
        "vocal": {
            "roc_auc": 0.9007140771415678,
            "pr_auc": 0.43215872814391154
        },
        "synth": {
            "roc_auc": 0.8746437387366922,
            "pr_auc": 0.32208908079631005
        },
        "female": {
            "roc_auc": 0.9549295138411419,
            "pr_auc": 0.6061564291760161
        },
        "indian": {
            "roc_auc": 0.9337905602273416,
            "pr_auc": 0.35066314206568405
        },
        "opera": {
            "roc_auc": 0.9883524626076804,
            "pr_auc": 0.8921434736952678
        },
        "male": {
            "roc_auc": 0.9436939453532374,
            "pr_auc": 0.4566429959662934
        },
        "singing": {
            "roc_auc": 0.906001687777885,
            "pr_auc": 0.3389978975663844
        },
        "vocals": {
            "roc_auc": 0.8840460555117765,
            "pr_auc": 0.2798431958941871
        },
        "no vocals": {
            "roc_auc": 0.7027024462831376,
            "pr_auc": 0.10320591104550712
        },
        "harpsichord": {
            "roc_auc": 0.9865943319962147,
            "pr_auc": 0.8995045274839029
        },
        "loud": {
            "roc_auc": 0.9207757012635062,
            "pr_auc": 0.4443159863952886
        },
        "quiet": {
            "roc_auc": 0.9102743594199236,
            "pr_auc": 0.39215142347140425
        },
        "flute": {
            "roc_auc": 0.9580113686828315,
            "pr_auc": 0.7586274103774148
        },
        "woman": {
            "roc_auc": 0.9497418314978265,
            "pr_auc": 0.45024885049589813
        },
        "male vocal": {
            "roc_auc": 0.9421362839741105,
            "pr_auc": 0.3700241492999172
        },
        "no vocal": {
            "roc_auc": 0.6983997584541063,
            "pr_auc": 0.0761442741639815
        },
        "pop": {
            "roc_auc": 0.9568793668337742,
            "pr_auc": 0.49417746152281866
        },
        "soft": {
            "roc_auc": 0.854384965775421,
            "pr_auc": 0.2642900911501097
        },
        "sitar": {
            "roc_auc": 0.9419274092615769,
            "pr_auc": 0.2894169666627332
        },
        "solo": {
            "roc_auc": 0.9055322701945873,
            "pr_auc": 0.22116998490614756
        },
        "man": {
            "roc_auc": 0.9527493182961374,
            "pr_auc": 0.3078297441736965
        },
        "classic": {
            "roc_auc": 0.891341888807545,
            "pr_auc": 0.17268377593735293
        },
        "choir": {
            "roc_auc": 0.9838204941263453,
            "pr_auc": 0.7648115091301269
        },
        "voice": {
            "roc_auc": 0.8554119466200544,
            "pr_auc": 0.12127420105828167
        },
        "new age": {
            "roc_auc": 0.9001392046922639,
            "pr_auc": 0.23618041061919492
        },
        "dance": {
            "roc_auc": 0.9639029257710902,
            "pr_auc": 0.49317300860259533
        },
        "male voice": {
            "roc_auc": 0.9207838479809975,
            "pr_auc": 0.22545749325100287
        },
        "female vocal": {
            "roc_auc": 0.9498966323106424,
            "pr_auc": 0.36011523783634825
        },
        "beats": {
            "roc_auc": 0.9139937476889979,
            "pr_auc": 0.22336636614614838
        },
        "harp": {
            "roc_auc": 0.9489754302955845,
            "pr_auc": 0.5377806149854819
        },
        "cello": {
            "roc_auc": 0.9646799628942486,
            "pr_auc": 0.3196041008156142
        },
        "no voice": {
            "roc_auc": 0.6722849734999672,
            "pr_auc": 0.053173362796977965
        },
        "weird": {
            "roc_auc": 0.8680866605733639,
            "pr_auc": 0.19248520036415961
        },
        "country": {
            "roc_auc": 0.962817798463719,
            "pr_auc": 0.35906943649202244
        },
        "metal": {
            "roc_auc": 0.9880547737999142,
            "pr_auc": 0.711168355071703
        },
        "female voice": {
            "roc_auc": 0.9341633638976597,
            "pr_auc": 0.2186367433639718
        },
        "choral": {
            "roc_auc": 0.9834463259383898,
            "pr_auc": 0.6341290493514627
        }
    }
}