{
    "roc_auc": 0.902279208663249,
    "pr_auc": 0.39546808090572805,
    "tag_wise": {
        "rock": {
            "roc_auc": 0.8354469638353113,
            "pr_auc": 0.5415848285023914
        },
        "pop": {
            "roc_auc": 0.8538812723415383,
            "pr_auc": 0.4995482746740038
        },
        "indie": {
            "roc_auc": 0.8859931430578949,
            "pr_auc": 0.45975492039339083
        },
        "alternative": {
            "roc_auc": 0.8230270163600766,
            "pr_auc": 0.23310854514144197
        },
        "electronic": {
            "roc_auc": 0.9133387225778099,
            "pr_auc": 0.5626521127658577
        },
        "hip hop": {
            "roc_auc": 0.9810355368040231,
            "pr_auc": 0.8448948670188908
        },
        "metal": {
            "roc_auc": 0.9357972264490609,
            "pr_auc": 0.33656822940725617
        },
        "jazz": {
            "roc_auc": 0.9467377103896921,
            "pr_auc": 0.7084530174119331
        },
        "punk": {
            "roc_auc": 0.9479988392281599,
            "pr_auc": 0.5512893626726767
        },
        "folk": {
            "roc_auc": 0.9050655198357584,
            "pr_auc": 0.4151732063565353
        },
        "alternative rock": {
            "roc_auc": 0.8842066673862529,
            "pr_auc": 0.2915688324688044
        },
        "indie rock": {
            "roc_auc": 0.9132187414490566,
            "pr_auc": 0.42653730396441125
        },
        "dance": {
            "roc_auc": 0.9267951487987267,
            "pr_auc": 0.4111724098622357
        },
        "hard rock": {
            "roc_auc": 0.9065872686421612,
            "pr_auc": 0.4789025897822866
        },
        "00s": {
            "roc_auc": 0.6914802585610896,
            "pr_auc": 0.03344407133496482
        },
        "soul": {
            "roc_auc": 0.939832296475499,
            "pr_auc": 0.604223634592553
        },
        "hardcore": {
            "roc_auc": 0.9596474516865172,
            "pr_auc": 0.33430501253056255
        },
        "80s": {
            "roc_auc": 0.9118267985626934,
            "pr_auc": 0.4389241636988728
        },
        "country": {
            "roc_auc": 0.9489711710056957,
            "pr_auc": 0.7490472020506082
        },
        "classic rock": {
            "roc_auc": 0.9151122217277269,
            "pr_auc": 0.3737126312431829
        },
        "punk rock": {
            "roc_auc": 0.957420843103117,
            "pr_auc": 0.42022586911918264
        },
        "blues": {
            "roc_auc": 0.9515537789469721,
            "pr_auc": 0.7148772843242404
        },
        "chillout": {
            "roc_auc": 0.8821123594500889,
            "pr_auc": 0.22811931313725076
        },
        "experimental": {
            "roc_auc": 0.8929679517836211,
            "pr_auc": 0.1953385113626317
        },
        "heavy metal": {
            "roc_auc": 0.9362116364602252,
            "pr_auc": 0.6457018099155107
        },
        "death metal": {
            "roc_auc": 0.9917064749844519,
            "pr_auc": 0.8749771621167034
        },
        "90s": {
            "roc_auc": 0.8018901586041324,
            "pr_auc": 0.11745342537431244
        },
        "reggae": {
            "roc_auc": 0.9765558783757813,
            "pr_auc": 0.8869061034619256
        },
        "progressive rock": {
            "roc_auc": 0.8917025819418788,
            "pr_auc": 0.22150600750166313
        },
        "ambient": {
            "roc_auc": 0.9372588418885051,
            "pr_auc": 0.3987557148385863
        },
        "acoustic": {
            "roc_auc": 0.8946505625207318,
            "pr_auc": 0.241068460517992
        },
        "beautiful": {
            "roc_auc": 0.7892222074900171,
            "pr_auc": 0.06462222639464799
        },
        "british": {
            "roc_auc": 0.7121456712925829,
            "pr_auc": 0.035956560317238345
        },
        "rnb": {
            "roc_auc": 0.9212357342227083,
            "pr_auc": 0.5185533211957024
        },
        "funk": {
            "roc_auc": 0.9376027184881108,
            "pr_auc": 0.4521831338141301
        },
        "metalcore": {
            "roc_auc": 0.9811103106542656,
            "pr_auc": 0.6044163945794371
        },
        "mellow": {
            "roc_auc": 0.7959289320201093,
            "pr_auc": 0.07162515215611354
        },
        "world": {
            "roc_auc": 0.8898490592569157,
            "pr_auc": 0.19323204729123594
        },
        "guitar": {
            "roc_auc": 0.8137152474551211,
            "pr_auc": 0.09683878166093304
        },
        "trance": {
            "roc_auc": 0.9811500005391103,
            "pr_auc": 0.7022491008817299
        },
        "indie pop": {
            "roc_auc": 0.9031527132297759,
            "pr_auc": 0.27703568036551757
        },
        "christian": {
            "roc_auc": 0.8942654183290281,
            "pr_auc": 0.2429784680765783
        },
        "house": {
            "roc_auc": 0.945189755592626,
            "pr_auc": 0.3041666055891768
        },
        "spanish": {
            "roc_auc": 0.9376998944176685,
            "pr_auc": 0.3059656624709522
        },
        "latin": {
            "roc_auc": 0.9187069125416077,
            "pr_auc": 0.4716136755600061
        },
        "psychedelic": {
            "roc_auc": 0.8730148544688991,
            "pr_auc": 0.1363084601954517
        },
        "electro": {
            "roc_auc": 0.9409298107013682,
            "pr_auc": 0.2513848515767895
        },
        "piano": {
            "roc_auc": 0.8776759302506616,
            "pr_auc": 0.3126926699375858
        },
        "70s": {
            "roc_auc": 0.9175282726658687,
            "pr_auc": 0.18972382721492553
        },
        "progressive metal": {
            "roc_auc": 0.9438059463117553,
            "pr_auc": 0.3020625484653909
        }
    }
}