{
    "macro_roc": 0.7460051405012558,
    "macro_pr": 0.23203396417305577,
    "macro_fl": 0.2994417285155312,
    "avg_macro_f1": 0.5287006903927136,
    "avg_fscore_weighted": 0.8845794797418703,
    "tag_wise": {
        "guitar": {
            "roc_auc": 0.7296969296251911,
            "pr_auc": 0.5585621651427736
        },
        "classical": {
            "roc_auc": 0.864970090180341,
            "pr_auc": 0.4349645615095912
        },
        "slow": {
            "roc_auc": 0.6675910886727311,
            "pr_auc": 0.27315419936310437
        },
        "techno": {
            "roc_auc": 0.9397017016192165,
            "pr_auc": 0.7919403546120887
        },
        "strings": {
            "roc_auc": 0.7917350918938986,
            "pr_auc": 0.2258158954018022
        },
        "drums": {
            "roc_auc": 0.717754091300603,
            "pr_auc": 0.2725153066611626
        },
        "electronic": {
            "roc_auc": 0.8752930114534629,
            "pr_auc": 0.4041391308421635
        },
        "rock": {
            "roc_auc": 0.8186040339702761,
            "pr_auc": 0.5478076567236714
        },
        "fast": {
            "roc_auc": 0.7764041246449377,
            "pr_auc": 0.2692170764140546
        },
        "piano": {
            "roc_auc": 0.9124684548922273,
            "pr_auc": 0.7902831745047634
        },
        "ambient": {
            "roc_auc": 0.9308665947352814,
            "pr_auc": 0.6794677289808005
        },
        "beat": {
            "roc_auc": 0.8620352336078001,
            "pr_auc": 0.3121147860462657
        },
        "violin": {
            "roc_auc": 0.7259975657927377,
            "pr_auc": 0.14893088825289547
        },
        "vocal": {
            "roc_auc": 0.6318553322774075,
            "pr_auc": 0.19478975145929708
        },
        "synth": {
            "roc_auc": 0.7754940711462451,
            "pr_auc": 0.1784086907935569
        },
        "female": {
            "roc_auc": 0.8801383217378769,
            "pr_auc": 0.4385703482895462
        },
        "indian": {
            "roc_auc": 0.6414224345258828,
            "pr_auc": 0.06344431377230272
        },
        "opera": {
            "roc_auc": 0.9692017441510064,
            "pr_auc": 0.7010923567531079
        },
        "male": {
            "roc_auc": 0.5372763400971365,
            "pr_auc": 0.15010938929698725
        },
        "singing": {
            "roc_auc": 0.6963418883799432,
            "pr_auc": 0.17521768341015262
        },
        "vocals": {
            "roc_auc": 0.6084528500131337,
            "pr_auc": 0.12979778001446476
        },
        "no vocals": {
            "roc_auc": 0.4694077288365799,
            "pr_auc": 0.04889609166660738
        },
        "harpsichord": {
            "roc_auc": 0.8642716023840813,
            "pr_auc": 0.15263477180573365
        },
        "loud": {
            "roc_auc": 0.782272831053319,
            "pr_auc": 0.24250992475286445
        },
        "quiet": {
            "roc_auc": 0.7153318615525576,
            "pr_auc": 0.09649398205038498
        },
        "flute": {
            "roc_auc": 0.7343710217011576,
            "pr_auc": 0.07440251528279569
        },
        "woman": {
            "roc_auc": 0.8333151100571983,
            "pr_auc": 0.2782144403756451
        },
        "male vocal": {
            "roc_auc": 0.46758758509795295,
            "pr_auc": 0.055653257552929505
        },
        "no vocal": {
            "roc_auc": 0.4883642814009662,
            "pr_auc": 0.03956898400219184
        },
        "pop": {
            "roc_auc": 0.7967016835747838,
            "pr_auc": 0.20420194231321365
        },
        "soft": {
            "roc_auc": 0.6857560046701624,
            "pr_auc": 0.08806447288225178
        },
        "sitar": {
            "roc_auc": 0.7264937653548417,
            "pr_auc": 0.04017467365400821
        },
        "solo": {
            "roc_auc": 0.4751208351984229,
            "pr_auc": 0.03191076435628719
        },
        "man": {
            "roc_auc": 0.6405474810049506,
            "pr_auc": 0.06735538074677114
        },
        "classic": {
            "roc_auc": 0.805873993368072,
            "pr_auc": 0.0699756777227301
        },
        "choir": {
            "roc_auc": 0.923844009282839,
            "pr_auc": 0.25229420503687505
        },
        "voice": {
            "roc_auc": 0.622239403005143,
            "pr_auc": 0.05976331244386032
        },
        "new age": {
            "roc_auc": 0.6998863107849723,
            "pr_auc": 0.06197571468324475
        },
        "dance": {
            "roc_auc": 0.9310855553835158,
            "pr_auc": 0.45874276738407366
        },
        "male voice": {
            "roc_auc": 0.49640785016159805,
            "pr_auc": 0.05545503512746725
        },
        "female vocal": {
            "roc_auc": 0.70311151725791,
            "pr_auc": 0.09582688176687998
        },
        "beats": {
            "roc_auc": 0.8922686476856365,
            "pr_auc": 0.19654417002893743
        },
        "harp": {
            "roc_auc": 0.6454645296997449,
            "pr_auc": 0.042456781656267456
        },
        "cello": {
            "roc_auc": 0.7411062152133581,
            "pr_auc": 0.01003685118276851
        },
        "no voice": {
            "roc_auc": 0.487030115160636,
            "pr_auc": 0.023984333279966925
        },
        "weird": {
            "roc_auc": 0.741613683401444,
            "pr_auc": 0.06331449069992301
        },
        "country": {
            "roc_auc": 0.8964882504243146,
            "pr_auc": 0.24637477469501176
        },
        "metal": {
            "roc_auc": 0.9686846870432182,
            "pr_auc": 0.5322374970596928
        },
        "female voice": {
            "roc_auc": 0.8109991682407595,
            "pr_auc": 0.12668401169783222
        },
        "choral": {
            "roc_auc": 0.9013103023453157,
            "pr_auc": 0.14560726450102013
        }
    }
}