{
    "macro_roc": 0.8750479393848014,
    "macro_pr": 0.19574083945364998,
    "macro_fl": 0.24950123167968769,
    "avg_macro_f1": 0.5395962882609031,
    "avg_fscore_weighted": 0.9673296936064701,
    "tag_wise": {
        "dubstep": {
            "roc_auc": 0.9393349811082368,
            "pr_auc": 0.13036828499372896
        },
        "dub": {
            "roc_auc": 0.8761744803076775,
            "pr_auc": 0.13399266373883406
        },
        "acidjazz": {
            "roc_auc": 0.8975519469181072,
            "pr_auc": 0.029522248308544254
        },
        "soul": {
            "roc_auc": 0.8463555885620901,
            "pr_auc": 0.07577016377678271
        },
        "reggae": {
            "roc_auc": 0.9425385989972741,
            "pr_auc": 0.4722907106062555
        },
        "deephouse": {
            "roc_auc": 0.9652407973228576,
            "pr_auc": 0.07608507990731196
        },
        "grunge": {
            "roc_auc": 0.9214516331443305,
            "pr_auc": 0.059664009685928276
        },
        "trance": {
            "roc_auc": 0.9487469943895271,
            "pr_auc": 0.39996095782556795
        },
        "orchestral": {
            "roc_auc": 0.8805084755667131,
            "pr_auc": 0.3290044944874947
        },
        "latin": {
            "roc_auc": 0.8770874321751444,
            "pr_auc": 0.2665077436075233
        },
        "folk": {
            "roc_auc": 0.9267383849089452,
            "pr_auc": 0.45569477189101865
        },
        "electronic": {
            "roc_auc": 0.8558353796742617,
            "pr_auc": 0.6905622511832321
        },
        "groove": {
            "roc_auc": 0.8059937219629856,
            "pr_auc": 0.013552035080470426
        },
        "industrial": {
            "roc_auc": 0.8933064444238726,
            "pr_auc": 0.26221278269914644
        },
        "80s": {
            "roc_auc": 0.857135684429294,
            "pr_auc": 0.09882605286609204
        },
        "breakbeat": {
            "roc_auc": 0.8907742006132282,
            "pr_auc": 0.08207764527420106
        },
        "90s": {
            "roc_auc": 0.7422777954854142,
            "pr_auc": 0.010619047411593963
        },
        "easylistening": {
            "roc_auc": 0.76869115514469,
            "pr_auc": 0.23527307534267156
        },
        "improvisation": {
            "roc_auc": 0.763213375516302,
            "pr_auc": 0.029888277005819072
        },
        "choir": {
            "roc_auc": 0.8370210408064125,
            "pr_auc": 0.02001337901822456
        },
        "hard": {
            "roc_auc": 0.9126882786232094,
            "pr_auc": 0.03370625214445798
        },
        "rap": {
            "roc_auc": 0.9747119773831244,
            "pr_auc": 0.5722100906934874
        },
        "psychedelic": {
            "roc_auc": 0.7607476107451892,
            "pr_auc": 0.02217822476408394
        },
        "swing": {
            "roc_auc": 0.889166040712973,
            "pr_auc": 0.06362835494324343
        },
        "chanson": {
            "roc_auc": 0.8947667485092949,
            "pr_auc": 0.07756717733302863
        },
        "ambient": {
            "roc_auc": 0.8649736912763791,
            "pr_auc": 0.5439302279042946
        },
        "country": {
            "roc_auc": 0.904239092265824,
            "pr_auc": 0.07903400515870918
        },
        "darkwave": {
            "roc_auc": 0.8736801560786087,
            "pr_auc": 0.05997463703462309
        },
        "postrock": {
            "roc_auc": 0.9240362509367579,
            "pr_auc": 0.29150579807109006
        },
        "popfolk": {
            "roc_auc": 0.9239451478737108,
            "pr_auc": 0.3195675434398654
        },
        "rnb": {
            "roc_auc": 0.9215597122059858,
            "pr_auc": 0.34807186025147224
        },
        "indie": {
            "roc_auc": 0.8861680761099365,
            "pr_auc": 0.3187913768283541
        },
        "dance": {
            "roc_auc": 0.9016656488871108,
            "pr_auc": 0.4067235956422596
        },
        "symphonic": {
            "roc_auc": 0.9193640127375067,
            "pr_auc": 0.08689025294107137
        },
        "bossanova": {
            "roc_auc": 0.9138731184674063,
            "pr_auc": 0.07830768956694792
        },
        "electronica": {
            "roc_auc": 0.8169476227909279,
            "pr_auc": 0.009151736809342332
        },
        "techno": {
            "roc_auc": 0.9225333119174643,
            "pr_auc": 0.3141071212876695
        },
        "poprock": {
            "roc_auc": 0.8650706785648002,
            "pr_auc": 0.19920845978661397
        },
        "atmospheric": {
            "roc_auc": 0.7308277535177098,
            "pr_auc": 0.057266932829978606
        },
        "synthpop": {
            "roc_auc": 0.8233387547093348,
            "pr_auc": 0.030036480829291154
        },
        "alternativerock": {
            "roc_auc": 0.9207251318819037,
            "pr_auc": 0.041695775573632604
        },
        "classical": {
            "roc_auc": 0.9401021165179954,
            "pr_auc": 0.6868042507588826
        },
        "celtic": {
            "roc_auc": 0.806306381464055,
            "pr_auc": 0.04286411983409818
        },
        "chillout": {
            "roc_auc": 0.8387506868760876,
            "pr_auc": 0.25945457349758916
        },
        "progressive": {
            "roc_auc": 0.7684650053487189,
            "pr_auc": 0.06660610893129966
        },
        "contemporary": {
            "roc_auc": 0.8360598307532828,
            "pr_auc": 0.02065719213990281
        },
        "fusion": {
            "roc_auc": 0.773212035979022,
            "pr_auc": 0.041011684411157254
        },
        "soundtrack": {
            "roc_auc": 0.806805088841967,
            "pr_auc": 0.45472421350751585
        },
        "60s": {
            "roc_auc": 0.9200440124701998,
            "pr_auc": 0.046307486853226755
        },
        "edm": {
            "roc_auc": 0.9468362337043033,
            "pr_auc": 0.13077485282282
        },
        "hardrock": {
            "roc_auc": 0.955118391508471,
            "pr_auc": 0.14855934221509892
        },
        "darkambient": {
            "roc_auc": 0.9255233784984451,
            "pr_auc": 0.2353440923470389
        },
        "disco": {
            "roc_auc": 0.8628697350499832,
            "pr_auc": 0.019567675584061747
        },
        "experimental": {
            "roc_auc": 0.854485890357213,
            "pr_auc": 0.44936927484328526
        },
        "lounge": {
            "roc_auc": 0.8482303324488463,
            "pr_auc": 0.1352252097468191
        },
        "singersongwriter": {
            "roc_auc": 0.9494010125523773,
            "pr_auc": 0.1956890202805877
        },
        "classicrock": {
            "roc_auc": 0.8629038451495575,
            "pr_auc": 0.026825089629666562
        },
        "triphop": {
            "roc_auc": 0.9238424226651837,
            "pr_auc": 0.24386483605838302
        },
        "metal": {
            "roc_auc": 0.9488550746313571,
            "pr_auc": 0.6388973226718194
        },
        "bluesrock": {
            "roc_auc": 0.9224053628877962,
            "pr_auc": 0.13295257687579803
        },
        "blues": {
            "roc_auc": 0.8888497047460536,
            "pr_auc": 0.22748597715271648
        },
        "hiphop": {
            "roc_auc": 0.9742792733191343,
            "pr_auc": 0.7765365229122246
        },
        "jazz": {
            "roc_auc": 0.9072447617531443,
            "pr_auc": 0.49814860535637917
        },
        "world": {
            "roc_auc": 0.7748961206910787,
            "pr_auc": 0.12722054565662344
        },
        "downtempo": {
            "roc_auc": 0.851546602671857,
            "pr_auc": 0.07104679141168867
        },
        "eurodance": {
            "roc_auc": 0.9240611875640716,
            "pr_auc": 0.0547737020612239
        },