{
    "macro_roc": 0.8116878749226426,
    "macro_pr": 0.14925779207871614,
    "macro_fl": 0.20068406321874763,
    "avg_macro_f1": 0.5515030959409023,
    "avg_fscore_weighted": 0.9472234020479917,
    "tag_wise": {
        "dubstep": {
            "roc_auc": 0.8338966033258152,
            "pr_auc": 0.03052848851006411
        },
        "dub": {
            "roc_auc": 0.8637123171161264,
            "pr_auc": 0.12982129762195588
        },
        "acidjazz": {
            "roc_auc": 0.9055962982364241,
            "pr_auc": 0.02363404958540106
        },
        "soul": {
            "roc_auc": 0.8855946521777313,
            "pr_auc": 0.052782984252003055
        },
        "reggae": {
            "roc_auc": 0.9323188176291329,
            "pr_auc": 0.45577327946142654
        },
        "deephouse": {
            "roc_auc": 0.94114651534992,
            "pr_auc": 0.01913171693016693
        },
        "grunge": {
            "roc_auc": 0.8966473860944103,
            "pr_auc": 0.04244412277465423
        },
        "trance": {
            "roc_auc": 0.9459784486597203,
            "pr_auc": 0.3629109768387547
        },
        "orchestral": {
            "roc_auc": 0.8333003900022906,
            "pr_auc": 0.17172737554649564
        },
        "latin": {
            "roc_auc": 0.8376483341681378,
            "pr_auc": 0.2366342784291078
        },
        "folk": {
            "roc_auc": 0.9083259116572032,
            "pr_auc": 0.46356252116756647
        },
        "electronic": {
            "roc_auc": 0.8406541157756389,
            "pr_auc": 0.6547625896465953
        },
        "groove": {
            "roc_auc": 0.7324155789995719,
            "pr_auc": 0.012798192011332463
        },
        "industrial": {
            "roc_auc": 0.8726177557660725,
            "pr_auc": 0.19440207369490922
        },
        "80s": {
            "roc_auc": 0.8256295401035382,
            "pr_auc": 0.0653751892182586
        },
        "breakbeat": {
            "roc_auc": 0.8556436158563293,
            "pr_auc": 0.03958759071873586
        },
        "90s": {
            "roc_auc": 0.8657691766523379,
            "pr_auc": 0.03671511848521451
        },
        "easylistening": {
            "roc_auc": 0.5067571185516747,
            "pr_auc": 0.08111213423538106
        },
        "improvisation": {
            "roc_auc": 0.7678996396871429,
            "pr_auc": 0.02808926834776175
        },
        "choir": {
            "roc_auc": 0.6806040502793296,
            "pr_auc": 0.004253529364039953
        },
        "hard": {
            "roc_auc": 0.8148280955435057,
            "pr_auc": 0.027065374554513907
        },
        "rap": {
            "roc_auc": 0.9721985545752452,
            "pr_auc": 0.5331232339462026
        },
        "psychedelic": {
            "roc_auc": 0.74379782545525,
            "pr_auc": 0.029294285166361247
        },
        "swing": {
            "roc_auc": 0.8120272868568621,
            "pr_auc": 0.020489682650545345
        },
        "chanson": {
            "roc_auc": 0.9080264234771425,
            "pr_auc": 0.05951802494177033
        },
        "ambient": {
            "roc_auc": 0.8508610973851476,
            "pr_auc": 0.4794840090883955
        },
        "country": {
            "roc_auc": 0.8998726067629149,
            "pr_auc": 0.14057269260793706
        },
        "darkwave": {
            "roc_auc": 0.850105922446348,
            "pr_auc": 0.047603134850601574
        },
        "postrock": {
            "roc_auc": 0.8722446620686151,
            "pr_auc": 0.07045218989193712
        },
        "popfolk": {
            "roc_auc": 0.9256333166869065,
            "pr_auc": 0.3866471032298404
        },
        "rnb": {
            "roc_auc": 0.8783664027011211,
            "pr_auc": 0.18797240696829998
        },
        "indie": {
            "roc_auc": 0.812238180592579,
            "pr_auc": 0.22199011582585618
        },
        "dance": {
            "roc_auc": 0.8904516484519222,
            "pr_auc": 0.35103179838642806
        },
        "symphonic": {
            "roc_auc": 0.8421608511969958,
            "pr_auc": 0.030005832088206487
        },
        "bossanova": {
            "roc_auc": 0.5452732407488281,
            "pr_auc": 0.003569988206890416
        },
        "electronica": {
            "roc_auc": 0.7335400471656913,
            "pr_auc": 0.005520462843781373
        },
        "techno": {
            "roc_auc": 0.8738964734597492,
            "pr_auc": 0.1960338029772516
        },
        "poprock": {
            "roc_auc": 0.8267997970019206,
            "pr_auc": 0.13162180695672474
        },
        "atmospheric": {
            "roc_auc": 0.7223699175157691,
            "pr_auc": 0.05092326335743949
        },
        "synthpop": {
            "roc_auc": 0.8328811535157952,
            "pr_auc": 0.07543838680937984
        },
        "alternativerock": {
            "roc_auc": 0.9100975530546223,
            "pr_auc": 0.08619414429935601
        },
        "classical": {
            "roc_auc": 0.9124688993988038,
            "pr_auc": 0.5017400564221419
        },
        "celtic": {
            "roc_auc": 0.8119195003392621,
            "pr_auc": 0.09285486316515694
        },
        "chillout": {
            "roc_auc": 0.8114936447607708,
            "pr_auc": 0.18995693690741564
        },
        "progressive": {
            "roc_auc": 0.615516721322975,
            "pr_auc": 0.05491715801324394
        },
        "contemporary": {
            "roc_auc": 0.7237249783918978,
            "pr_auc": 0.011336989838188243
        },
        "fusion": {
            "roc_auc": 0.6375323795686861,
            "pr_auc": 0.027848205803237894
        },
        "soundtrack": {
            "roc_auc": 0.6445585307021093,
            "pr_auc": 0.23373332969017202
        },
        "60s": {
            "roc_auc": 0.7613709543285326,
            "pr_auc": 0.010001779929966035
        },
        "edm": {
            "roc_auc": 0.9009564171967035,
            "pr_auc": 0.013581663099551035
        },
        "hardrock": {
            "roc_auc": 0.8692553873968448,
            "pr_auc": 0.02797509601477109
        },
        "darkambient": {
            "roc_auc": 0.8709603271561845,
            "pr_auc": 0.1020965941265653
        },
        "disco": {
            "roc_auc": 0.7991815074653713,
            "pr_auc": 0.02927927720029757
        },
        "experimental": {
            "roc_auc": 0.8536750214371043,
            "pr_auc": 0.4734725287868147
        },
        "lounge": {
            "roc_auc": 0.8396351503847492,
            "pr_auc": 0.16461451362271973
        },
        "singersongwriter": {
            "roc_auc": 0.9021323589561804,
            "pr_auc": 0.13717770315272348
        },
        "classicrock": {
            "roc_auc": 0.2473926893928921,
            "pr_auc": 0.0030796305158584023
        },
        "triphop": {
            "roc_auc": 0.8832227702636901,
            "pr_auc": 0.1663301783733656
        },
        "metal": {
            "roc_auc": 0.9266015323760362,
            "pr_auc": 0.5912470831920482
        },
        "bluesrock": {
            "roc_auc": 0.8960420829849252,
            "pr_auc": 0.04796489989199519
        },
        "blues": {
            "roc_auc": 0.8377791195997284,
            "pr_auc": 0.21134386586875306
        },
        "hiphop": {
            "roc_auc": 0.9656289881300447,
            "pr_auc": 0.6895730071983187
        },
        "jazz": {
            "roc_auc": 0.8656394273748147,
            "pr_auc": 0.38142503283322454
        },
        "world": {
            "roc_auc": 0.7767205843567928,
            "pr_auc": 0.13222690764174494
        },
        "downtempo": {
            "roc_auc": 0.8417236875970178,
            "pr_auc": 0.08017706343345593
        },
        "eurodance": {
            "roc_auc": 0.9441153266533446,
            "pr_auc": 0.1846658403646071
        },