{
    "macro_roc": 0.8066124145864417,
    "macro_pr": 0.14894332962476134,
    "macro_fl": 0.2020826891471778,
    "avg_macro_f1": 0.543259242899264,
    "avg_fscore_weighted": 0.9453566485336369,
    "tag_wise": {
        "dubstep": {
            "roc_auc": 0.8424753614415867,
            "pr_auc": 0.041617316159307645
        },
        "dub": {
            "roc_auc": 0.8391108743775003,
            "pr_auc": 0.12825816234957227
        },
        "acidjazz": {
            "roc_auc": 0.7069285839008206,
            "pr_auc": 0.004763615263246179
        },
        "soul": {
            "roc_auc": 0.9027748080381518,
            "pr_auc": 0.07004363960573022
        },
        "reggae": {
            "roc_auc": 0.9334582788388187,
            "pr_auc": 0.41294177458962816
        },
        "deephouse": {
            "roc_auc": 0.953044522042776,
            "pr_auc": 0.029356233640770404
        },
        "grunge": {
            "roc_auc": 0.9242942816180469,
            "pr_auc": 0.041145942078767726
        },
        "trance": {
            "roc_auc": 0.9450458633894381,
            "pr_auc": 0.3732981575026041
        },
        "orchestral": {
            "roc_auc": 0.8742460286850949,
            "pr_auc": 0.28405863150419564
        },
        "latin": {
            "roc_auc": 0.8136283392780072,
            "pr_auc": 0.22595132702154716
        },
        "folk": {
            "roc_auc": 0.871744906580911,
            "pr_auc": 0.3896731437728708
        },
        "electronic": {
            "roc_auc": 0.8418874129079085,
            "pr_auc": 0.6571006460387294
        },
        "groove": {
            "roc_auc": 0.8205391560154189,
            "pr_auc": 0.013641465845382174
        },
        "industrial": {
            "roc_auc": 0.8851806279850376,
            "pr_auc": 0.1972053432839844
        },
        "80s": {
            "roc_auc": 0.8375425207425911,
            "pr_auc": 0.06127838337372619
        },
        "breakbeat": {
            "roc_auc": 0.87508623521682,
            "pr_auc": 0.03637380371871333
        },
        "90s": {
            "roc_auc": 0.8467382533761763,
            "pr_auc": 0.04108333732204308
        },
        "easylistening": {
            "roc_auc": 0.5864511595249655,
            "pr_auc": 0.09665188518437012
        },
        "improvisation": {
            "roc_auc": 0.6875648123736707,
            "pr_auc": 0.0141710383497377
        },
        "choir": {
            "roc_auc": 0.7091518399319893,
            "pr_auc": 0.04719391628847734
        },
        "hard": {
            "roc_auc": 0.8015285794803024,
            "pr_auc": 0.04057165483258524
        },
        "rap": {
            "roc_auc": 0.9717062765515769,
            "pr_auc": 0.49729873325727936
        },
        "psychedelic": {
            "roc_auc": 0.759954555727754,
            "pr_auc": 0.02408843160338341
        },
        "swing": {
            "roc_auc": 0.7242449581201549,
            "pr_auc": 0.009349343065055091
        },
        "chanson": {
            "roc_auc": 0.8842254179819946,
            "pr_auc": 0.06092852386167454
        },
        "ambient": {
            "roc_auc": 0.8448829983822165,
            "pr_auc": 0.4706334498810841
        },
        "country": {
            "roc_auc": 0.8872549899841182,
            "pr_auc": 0.17120001624253517
        },
        "darkwave": {
            "roc_auc": 0.858696944577022,
            "pr_auc": 0.07568347177770474
        },
        "postrock": {
            "roc_auc": 0.7085451358457493,
            "pr_auc": 0.010904697133773875
        },
        "popfolk": {
            "roc_auc": 0.8929614177595875,
            "pr_auc": 0.3209664234248462
        },
        "rnb": {
            "roc_auc": 0.8680714306764169,
            "pr_auc": 0.18968057297178534
        },
        "indie": {
            "roc_auc": 0.845782777216043,
            "pr_auc": 0.28087996148008376
        },
        "dance": {
            "roc_auc": 0.8963082678795793,
            "pr_auc": 0.37020712680689866
        },
        "symphonic": {
            "roc_auc": 0.8907046226323335,
            "pr_auc": 0.05301372528421022
        },
        "bossanova": {
            "roc_auc": 0.8729437796605235,
            "pr_auc": 0.0309549454520064
        },
        "electronica": {
            "roc_auc": 0.7515765569045332,
            "pr_auc": 0.005551772826261618
        },
        "techno": {
            "roc_auc": 0.8775673763719704,
            "pr_auc": 0.19753994163933636
        },
        "poprock": {
            "roc_auc": 0.8030647523582024,
            "pr_auc": 0.09522629242034852
        },
        "atmospheric": {
            "roc_auc": 0.7108708393983504,
            "pr_auc": 0.04093781165780015
        },
        "synthpop": {
            "roc_auc": 0.8692799850807559,
            "pr_auc": 0.07599597048953917
        },
        "alternativerock": {
            "roc_auc": 0.5917094476157166,
            "pr_auc": 0.0045840123877418865
        },
        "classical": {
            "roc_auc": 0.9040043072236265,
            "pr_auc": 0.5296878425384275
        },
        "celtic": {
            "roc_auc": 0.7792863816865216,
            "pr_auc": 0.032112688420985934
        },
        "chillout": {
            "roc_auc": 0.8025637649967945,
            "pr_auc": 0.1646860652483224
        },
        "progressive": {
            "roc_auc": 0.7301713343738492,
            "pr_auc": 0.08805916637100172
        },
        "contemporary": {
            "roc_auc": 0.5207983368222163,
            "pr_auc": 0.005356155005674858
        },
        "fusion": {
            "roc_auc": 0.6872344789194574,
            "pr_auc": 0.02400927909681102
        },
        "soundtrack": {
            "roc_auc": 0.7434437276391834,
            "pr_auc": 0.33518084931072223
        },
        "60s": {
            "roc_auc": 0.7717770034843205,
            "pr_auc": 0.012701592303311865
        },
        "edm": {
            "roc_auc": 0.7070233529676471,
            "pr_auc": 0.004085009687547793
        },
        "hardrock": {
            "roc_auc": 0.9117513049310355,
            "pr_auc": 0.09161069026378313
        },
        "darkambient": {
            "roc_auc": 0.7496570968458462,
            "pr_auc": 0.038259914604026994
        },
        "disco": {
            "roc_auc": 0.8304255647213012,
            "pr_auc": 0.023453008073918827
        },
        "experimental": {
            "roc_auc": 0.8551052736205474,
            "pr_auc": 0.4532679994278654
        },
        "lounge": {
            "roc_auc": 0.8506979092999631,
            "pr_auc": 0.16103555587197635
        },
        "singersongwriter": {
            "roc_auc": 0.9132736163753534,
            "pr_auc": 0.16310214952590366
        },
        "classicrock": {
            "roc_auc": 0.5808657960783591,
            "pr_auc": 0.008132438656965975
        },
        "triphop": {
            "roc_auc": 0.881997246971382,
            "pr_auc": 0.15366109520555402
        },
        "metal": {
            "roc_auc": 0.9149209715617992,
            "pr_auc": 0.5818027881742152
        },
        "bluesrock": {
            "roc_auc": 0.7732110715854816,
            "pr_auc": 0.0229604268455784
        },
        "blues": {
            "roc_auc": 0.8526392665316838,
            "pr_auc": 0.21892706470945975
        },
        "hiphop": {
            "roc_auc": 0.9610773446469959,
            "pr_auc": 0.7406583293710757
        },
        "jazz": {
            "roc_auc": 0.8453101719753282,
            "pr_auc": 0.34609236726858844
        },
        "world": {
            "roc_auc": 0.7393289870806081,
            "pr_auc": 0.1081909688780064
        },
        "downtempo": {
            "roc_auc": 0.8361207905383123,
            "pr_auc": 0.07286359039069887
        },
        "eurodance": {
            "roc_auc": 0.9409477647547915,
            "pr_auc": 0.07345849120552951
        },