{
    "roc_auc": 0.8703475700991449,
    "pr_auc": 0.32538777309571865,
    "tag_wise": {
        "rock": {
            "roc_auc": 0.7976408841580404,
            "pr_auc": 0.4401246746076024
        },
        "pop": {
            "roc_auc": 0.8306001114079923,
            "pr_auc": 0.43643011784339913
        },
        "indie": {
            "roc_auc": 0.8750477363333383,
            "pr_auc": 0.42927483503426783
        },
        "alternative": {
            "roc_auc": 0.7738156229059568,
            "pr_auc": 0.18911828292023738
        },
        "electronic": {
            "roc_auc": 0.898228617247056,
            "pr_auc": 0.5220132584818957
        },
        "hip hop": {
            "roc_auc": 0.9780540236935464,
            "pr_auc": 0.826416674082551
        },
        "metal": {
            "roc_auc": 0.9204205834750349,
            "pr_auc": 0.25684485047421646
        },
        "jazz": {
            "roc_auc": 0.9237299808873007,
            "pr_auc": 0.578360283839253
        },
        "punk": {
            "roc_auc": 0.9306860045584566,
            "pr_auc": 0.4610444870146227
        },
        "folk": {
            "roc_auc": 0.8736943445604772,
            "pr_auc": 0.324605932940213
        },
        "alternative rock": {
            "roc_auc": 0.8496066594513096,
            "pr_auc": 0.15266835902117668
        },
        "indie rock": {
            "roc_auc": 0.8922416598259121,
            "pr_auc": 0.35920927537624175
        },
        "dance": {
            "roc_auc": 0.9119224841943984,
            "pr_auc": 0.4028872421167063
        },
        "hard rock": {
            "roc_auc": 0.8899468872380423,
            "pr_auc": 0.4020681638806528
        },
        "00s": {
            "roc_auc": 0.612728277338119,
            "pr_auc": 0.02476643526693529
        },
        "soul": {
            "roc_auc": 0.9017095044233248,
            "pr_auc": 0.467698760575069
        },
        "hardcore": {
            "roc_auc": 0.9500770014187154,
            "pr_auc": 0.2956950017322307
        },
        "80s": {
            "roc_auc": 0.8883469786236129,
            "pr_auc": 0.38552432763606015
        },
        "country": {
            "roc_auc": 0.9191967840436708,
            "pr_auc": 0.5885374144936174
        },
        "classic rock": {
            "roc_auc": 0.8974895286027276,
            "pr_auc": 0.3267828842425846
        },
        "punk rock": {
            "roc_auc": 0.9403652132747544,
            "pr_auc": 0.25909349122518754
        },
        "blues": {
            "roc_auc": 0.9348504458604234,
            "pr_auc": 0.6349001054407112
        },
        "chillout": {
            "roc_auc": 0.872390637354489,
            "pr_auc": 0.21733357376440254
        },
        "experimental": {
            "roc_auc": 0.8508302473643057,
            "pr_auc": 0.15026890901926288
        },
        "heavy metal": {
            "roc_auc": 0.8761033384608614,
            "pr_auc": 0.36263318526625976
        },
        "death metal": {
            "roc_auc": 0.9895685132498246,
            "pr_auc": 0.8014002106849615
        },
        "90s": {
            "roc_auc": 0.7384693582944024,
            "pr_auc": 0.06483851506657767
        },
        "reggae": {
            "roc_auc": 0.969712454704509,
            "pr_auc": 0.8504141539636677
        },
        "progressive rock": {
            "roc_auc": 0.8150776910949706,
            "pr_auc": 0.1345496996060278
        },
        "ambient": {
            "roc_auc": 0.9336848917460188,
            "pr_auc": 0.34051623872635817
        },
        "acoustic": {
            "roc_auc": 0.8943396427987225,
            "pr_auc": 0.20719837598249685
        },
        "beautiful": {
            "roc_auc": 0.7498242963067083,
            "pr_auc": 0.04580650072385358
        },
        "british": {
            "roc_auc": 0.5434427563523152,
            "pr_auc": 0.02380749804851628
        },
        "rnb": {
            "roc_auc": 0.8737581285415414,
            "pr_auc": 0.3830856861678707
        },
        "funk": {
            "roc_auc": 0.9193122834394999,
            "pr_auc": 0.40080811756425494
        },
        "metalcore": {
            "roc_auc": 0.9808213575807335,
            "pr_auc": 0.5567810955142104
        },
        "mellow": {
            "roc_auc": 0.771241488362537,
            "pr_auc": 0.053190831743883935
        },
        "world": {
            "roc_auc": 0.8477286730055119,
            "pr_auc": 0.09311622741217213
        },
        "guitar": {
            "roc_auc": 0.7642393970393934,
            "pr_auc": 0.08825877972368143
        },
        "trance": {
            "roc_auc": 0.9790127640874571,
            "pr_auc": 0.6891187010712017
        },
        "indie pop": {
            "roc_auc": 0.8666468905140975,
            "pr_auc": 0.21079391655558813
        },
        "christian": {
            "roc_auc": 0.7578987574563301,
            "pr_auc": 0.0791314196541847
        },
        "house": {
            "roc_auc": 0.9321471630070102,
            "pr_auc": 0.2621122863013233
        },
        "spanish": {
            "roc_auc": 0.8916815756471441,
            "pr_auc": 0.21504986833687467
        },
        "latin": {
            "roc_auc": 0.8709844445807139,
            "pr_auc": 0.3489990731360959
        },
        "psychedelic": {
            "roc_auc": 0.8252200822852838,
            "pr_auc": 0.07585445598993858
        },
        "electro": {
            "roc_auc": 0.927433785733427,
            "pr_auc": 0.23159796496806523
        },
        "piano": {
            "roc_auc": 0.8729320800249105,
            "pr_auc": 0.24902521733452873
        },
        "70s": {
            "roc_auc": 0.8846205433845672,
            "pr_auc": 0.14667786778233108
        },
        "progressive metal": {
            "roc_auc": 0.9278559290177559,
            "pr_auc": 0.22295542643191424
        }
    }
}