{
    "R@1": 0.06799999999998614,
    "R@5": 0.254,
    "R@10": 0.384,
    "mAP@10": 0.1529988095238095,
    "medRank": 17.0,
    "tag_stat": {
        "mean": 0.4395420253276825,
        "std": 0.2507346272468567
    },
    "caption_stat": {
        "mean": 0.08447889238595963,
        "std": 0.2335595339536667
    },
    "audio_stat": {
        "mean": 0.027083508670330048,
        "std": 0.21426761150360107
    }
}