{
    "macro_roc": 0.7354934143382172,
    "macro_pr": 0.22892848718589595,
    "macro_fl": 0.29002290640997075,
    "avg_macro_f1": 0.56970105709331,
    "avg_fscore_weighted": 0.9137524140034572,
    "tag_wise": {
        "downtempo": {
            "roc_auc": 0.8497629187672793,
            "pr_auc": 0.08140847939670365
        },
        "electricpiano": {
            "roc_auc": 0.5057520817338924,
            "pr_auc": 0.017982665495909482
        },
        "classical": {
            "roc_auc": 0.91718988074133,
            "pr_auc": 0.539206372566042
        },
        "acousticguitar": {
            "roc_auc": 0.7939143746248429,
            "pr_auc": 0.19922204307809033
        },
        "chillout": {
            "roc_auc": 0.7995739162652835,
            "pr_auc": 0.17449473029515924
        },
        "easylistening": {
            "roc_auc": 0.5431269686038712,
            "pr_auc": 0.09600051177284954
        },
        "voice": {
            "roc_auc": 0.3599520827191875,
            "pr_auc": 0.021217771591869335
        },
        "soundtrack": {
            "roc_auc": 0.6148251088282528,
            "pr_auc": 0.21752936337330925
        },
        "guitar": {
            "roc_auc": 0.6823419731163195,
            "pr_auc": 0.15897338405427527
        },
        "strings": {
            "roc_auc": 0.618656687168355,
            "pr_auc": 0.03299764358184451
        },
        "instrumentalpop": {
            "roc_auc": 0.6500602205740496,
            "pr_auc": 0.04483724894272942
        },
        "rock": {
            "roc_auc": 0.8857381257882447,
            "pr_auc": 0.5922435219945661
        },
        "relaxing": {
            "roc_auc": 0.7581703711971473,
            "pr_auc": 0.07721964492096568
        },
        "keyboard": {
            "roc_auc": 0.30181401714268485,
            "pr_auc": 0.020447790052985568
        },
        "pop": {
            "roc_auc": 0.619095942191072,
            "pr_auc": 0.25491017655544834
        },
        "ambient": {
            "roc_auc": 0.840998104019578,
            "pr_auc": 0.47883498429156096
        },
        "happy": {
            "roc_auc": 0.6447130354739582,
            "pr_auc": 0.0745738365538949
        },
        "energetic": {
            "roc_auc": 0.6181828805615308,
            "pr_auc": 0.03426657921707073
        },
        "reggae": {
            "roc_auc": 0.9320486745352696,
            "pr_auc": 0.46407908766122374
        },
        "funk": {
            "roc_auc": 0.869684633879969,
            "pr_auc": 0.16963627439700243
        },
        "popfolk": {
            "roc_auc": 0.9069082162156521,
            "pr_auc": 0.35616636249800415
        },
        "film": {
            "roc_auc": 0.6662928086808912,
            "pr_auc": 0.07196566781011597
        },
        "trance": {
            "roc_auc": 0.9434856834143706,
            "pr_auc": 0.3510507132463601
        },
        "drummachine": {
            "roc_auc": 0.5076005369533569,
            "pr_auc": 0.024397891495411446
        },
        "orchestral": {
            "roc_auc": 0.8450461952205217,
            "pr_auc": 0.1884530409135633
        },
        "experimental": {
            "roc_auc": 0.8508708483111209,
            "pr_auc": 0.49298589174758145
        },
        "lounge": {
            "roc_auc": 0.8282143917318825,
            "pr_auc": 0.15938189035938724
        },
        "hiphop": {
            "roc_auc": 0.9621762212788519,
            "pr_auc": 0.7715073188626358
        },
        "folk": {
            "roc_auc": 0.9098773157017966,
            "pr_auc": 0.4760314379967584
        },
        "synthesizer": {
            "roc_auc": 0.5014022532810913,
            "pr_auc": 0.11908511854506032
        },
        "electronic": {
            "roc_auc": 0.8404859029987204,
            "pr_auc": 0.6688529129556495
        },
        "piano": {
            "roc_auc": 0.7882104730893128,
            "pr_auc": 0.5299649586347318
        },
        "violin": {
            "roc_auc": 0.6606226548247522,
            "pr_auc": 0.05454912671074258
        },
        "dance": {
            "roc_auc": 0.8871339658403613,
            "pr_auc": 0.3570765879941759
        },
        "newage": {
            "roc_auc": 0.6247363772456457,
            "pr_auc": 0.03300709338445198
        },
        "alternative": {
            "roc_auc": 0.6947262216404886,
            "pr_auc": 0.1363311155985059
        },
        "triphop": {
            "roc_auc": 0.8843323764264139,
            "pr_auc": 0.20427174164532982
        },
        "bass": {
            "roc_auc": 0.5482152458527323,
            "pr_auc": 0.11987538776828316
        },
        "computer": {
            "roc_auc": 0.709322377398493,
            "pr_auc": 0.13428097865145333
        },
        "indie": {
            "roc_auc": 0.8087381461509854,
            "pr_auc": 0.2140249433219813
        },
        "techno": {
            "roc_auc": 0.88637935499806,
            "pr_auc": 0.21916157417774268
        },
        "emotional": {
            "roc_auc": 0.5948783342858684,
            "pr_auc": 0.04698935824463578
        },
        "metal": {
            "roc_auc": 0.9283905013911635,
            "pr_auc": 0.6577940110095806
        },
        "drums": {
            "roc_auc": 0.4210904525645562,
            "pr_auc": 0.09193951151341839
        },
        "poprock": {
            "roc_auc": 0.7660771826131283,
            "pr_auc": 0.10457728206538927
        },
        "house": {
            "roc_auc": 0.944629038086732,
            "pr_auc": 0.36122319653576546
        },
        "electricguitar": {
            "roc_auc": 0.7218450336891414,
            "pr_auc": 0.1578803487547235
        },
        "jazz": {
            "roc_auc": 0.8652200817019364,
            "pr_auc": 0.3981119476622117
        },
        "atmospheric": {
            "roc_auc": 0.687023931324058,
            "pr_auc": 0.04226515621621557
        },
        "world": {
            "roc_auc": 0.7851365960666669,
            "pr_auc": 0.15313968318143145
        }
    }
}