{
    "macro_roc": 0.54498514492818,
    "macro_pr": 0.5787450970731902,
    "macro_fl": 0.6895995472010579,
    "avg_macro_f1": 0.37762824796974703,
    "avg_fscore_weighted": 0.40587263448865635,
    "tag_wise": {
        "low-range": {
            "roc_auc": 0.480995041322314,
            "pr_auc": 0.20976165789556098
        },
        "mid-range": {
            "roc_auc": 0.4451176922539638,
            "pr_auc": 0.8814600918040238
        },
        "high-range": {
            "roc_auc": 0.5237329969010178,
            "pr_auc": 0.3186472732070833
        },
        "husky/throaty": {
            "roc_auc": 0.5040034869783154,
            "pr_auc": 0.44052807966028473
        },
        "thick": {
            "roc_auc": 0.5135017191219253,
            "pr_auc": 0.309385816448811
        },
        "thin": {
            "roc_auc": 0.45456835918477956,
            "pr_auc": 0.47346874790781157
        },
        "warm": {
            "roc_auc": 0.6042006343936206,
            "pr_auc": 0.7620293814492207
        },
        "lonely": {
            "roc_auc": 0.5635735668820663,
            "pr_auc": 0.7156723210082252
        },
        "passion": {
            "roc_auc": 0.4906560846560847,
            "pr_auc": 0.5145774319341749
        },
        "pretty": {
            "roc_auc": 0.5077161553855102,
            "pr_auc": 0.353949873868034
        },
        "sad": {
            "roc_auc": 0.7124088774382883,
            "pr_auc": 0.7019090351968585
        },
        "bright": {
            "roc_auc": 0.5517225605771493,
            "pr_auc": 0.45165059015875836
        },
        "clear": {
            "roc_auc": 0.5388806698185015,
            "pr_auc": 0.7497354698073312
        },
        "relaxed": {
            "roc_auc": 0.6196969929386982,
            "pr_auc": 0.781974294224477
        },
        "cute": {
            "roc_auc": 0.5957805747213587,
            "pr_auc": 0.19362065605709816
        },
        "dark": {
            "roc_auc": 0.4927760029342505,
            "pr_auc": 0.26977441191861895
        },
        "delicate": {
            "roc_auc": 0.6411295149712929,
            "pr_auc": 0.7611703264812318
        },
        "emotional": {
            "roc_auc": 0.6273321190503295,
            "pr_auc": 0.8591358382742327
        },
        "energetic": {
            "roc_auc": 0.6305883514229187,
            "pr_auc": 0.6937347056164546
        },
        "male": {
            "roc_auc": 0.34060646011865525,
            "pr_auc": 0.3150061949366472
        },
        "female": {
            "roc_auc": 0.8581885142638919,
            "pr_auc": 0.9001427523464078
        },
        "mild/soft": {
            "roc_auc": 0.5549510763209393,
            "pr_auc": 0.8202029064037872
        },
        "charismatic": {
            "roc_auc": 0.48816810822798845,
            "pr_auc": 0.3954110783669936
        },
        "whisper/quiet": {
            "roc_auc": 0.4881088,
            "pr_auc": 0.44648734761193953
        },
        "sharp": {
            "roc_auc": 0.47473416382439315,
            "pr_auc": 0.38004854004964544
        },
        "pure": {
            "roc_auc": 0.4281142542151913,
            "pr_auc": 0.3574204803316973
        },
        "rich": {
            "roc_auc": 0.5934171322160149,
            "pr_auc": 0.7003312861363998
        },
        "robotic/artificial": {
            "roc_auc": 0.67048995741914,
            "pr_auc": 0.2495841588562196
        },
        "rounded": {
            "roc_auc": 0.551616287717807,
            "pr_auc": 0.6399621350598548
        },
        "embellishing": {
            "roc_auc": 0.5276295553610726,
            "pr_auc": 0.5488318687404744
        },
        "stable": {
            "roc_auc": 0.6174783111625217,
            "pr_auc": 0.923139349864396
        },
        "sweet": {
            "roc_auc": 0.5207584542330195,
            "pr_auc": 0.4074134409111516
        },
        "young": {
            "roc_auc": 0.46743554340273075,
            "pr_auc": 0.6210797093794107
        },
        "soulful/r&b": {
            "roc_auc": 0.5108884686036022,
            "pr_auc": 0.7514758217269355
        },
        "ballad": {
            "roc_auc": 0.7960126554206893,
            "pr_auc": 0.8761323503467497
        },
        "shouty": {
            "roc_auc": 0.459768852833146,
            "pr_auc": 0.42442019660027047
        },
        "vibrato": {
            "roc_auc": 0.523787175923419,
            "pr_auc": 0.7765850569453472
        },
        "falsetto": {
            "roc_auc": 0.5289221556886228,
            "pr_auc": 0.6357042628139314
        },
        "breathy": {
            "roc_auc": 0.5144903581267217,
            "pr_auc": 0.9649278866391577
        },
        "compressed": {
            "roc_auc": 0.5494005345551737,
            "pr_auc": 0.7358801963715664
        },
        "dynamic": {
            "roc_auc": 0.47108178902102504,
            "pr_auc": 0.6528416097649826
        },
        "speech-like": {
            "roc_auc": 0.45494607737541415,
            "pr_auc": 0.3420794439517333
        }
    }
}