{
    "macro_roc": 0.7624840631114915,
    "macro_pr": 0.1394934603789966,
    "macro_fl": 0.19883005113685512,
    "avg_macro_f1": 0.5154906312349946,
    "avg_fscore_weighted": 0.954582422358032,
    "tag_wise": {
        "movie": {
            "roc_auc": 0.4995270688140861,
            "pr_auc": 0.0245899831173474
        },
        "hopeful": {
            "roc_auc": 0.6379633948601763,
            "pr_auc": 0.01597156007487419
        },
        "calm": {
            "roc_auc": 0.7825062417594748,
            "pr_auc": 0.053850915819281475
        },
        "soundscape": {
            "roc_auc": 0.847970588718016,
            "pr_auc": 0.029610609064213762
        },
        "dream": {
            "roc_auc": 0.6183084942518183,
            "pr_auc": 0.08910947591880822
        },
        "game": {
            "roc_auc": 0.7410782494816108,
            "pr_auc": 0.0646818771946445
        },
        "action": {
            "roc_auc": 0.7887425149700599,
            "pr_auc": 0.04186631310610798
        },
        "uplifting": {
            "roc_auc": 0.6472866606652357,
            "pr_auc": 0.04019520329187943
        },
        "deep": {
            "roc_auc": 0.9553592759922834,
            "pr_auc": 0.7991477781263473
        },
        "groovy": {
            "roc_auc": 0.7419488683513511,
            "pr_auc": 0.03004086549294442
        },
        "melodic": {
            "roc_auc": 0.7229423767946279,
            "pr_auc": 0.12165778777424631
        },
        "meditative": {
            "roc_auc": 0.8134358102592176,
            "pr_auc": 0.25410259617946135
        },
        "party": {
            "roc_auc": 0.8619209334726576,
            "pr_auc": 0.08618067548980338
        },
        "cool": {
            "roc_auc": 0.7385887474065336,
            "pr_auc": 0.039575911465292664
        },
        "fun": {
            "roc_auc": 0.8873948223263293,
            "pr_auc": 0.11962340446129913
        },
        "commercial": {
            "roc_auc": 0.7500618841058042,
            "pr_auc": 0.08024030639138233
        },
        "documentary": {
            "roc_auc": 0.6498399085191537,
            "pr_auc": 0.049791931429718626
        },
        "slow": {
            "roc_auc": 0.5215360326390659,
            "pr_auc": 0.024688990291307486
        },
        "motivational": {
            "roc_auc": 0.809977581425211,
            "pr_auc": 0.24861195203860648
        },
        "relaxing": {
            "roc_auc": 0.752690407938622,
            "pr_auc": 0.1975115803207269
        },
        "powerful": {
            "roc_auc": 0.8325558298572686,
            "pr_auc": 0.1073866714020984
        },
        "love": {
            "roc_auc": 0.7573170316052916,
            "pr_auc": 0.12188543485628538
        },
        "romantic": {
            "roc_auc": 0.7872788853305612,
            "pr_auc": 0.1032036585683822
        },
        "sad": {
            "roc_auc": 0.7117089958499649,
            "pr_auc": 0.10699139705747135
        },
        "dark": {
            "roc_auc": 0.8245293271066466,
            "pr_auc": 0.3506805053549152
        },
        "heavy": {
            "roc_auc": 0.9254493580599144,
            "pr_auc": 0.256944470189078
        },
        "sport": {
            "roc_auc": 0.8907198988571854,
            "pr_auc": 0.09371542751831646
        },
        "melancholic": {
            "roc_auc": 0.6922912541136581,
            "pr_auc": 0.042915442453610154
        },
        "energetic": {
            "roc_auc": 0.7702572213592747,
            "pr_auc": 0.159476579421514
        },
        "summer": {
            "roc_auc": 0.9329272006334004,
            "pr_auc": 0.6704283157645136
        },
        "trailer": {
            "roc_auc": 0.9144714865187306,
            "pr_auc": 0.21660250316639273
        },
        "christmas": {
            "roc_auc": 0.8158665848168611,
            "pr_auc": 0.25630146937639653
        },
        "soft": {
            "roc_auc": 0.7414571829207912,
            "pr_auc": 0.0631180940206722
        },
        "travel": {
            "roc_auc": 0.6129036915125529,
            "pr_auc": 0.01034182700690966
        },
        "film": {
            "roc_auc": 0.7620510462749044,
            "pr_auc": 0.338691137007873
        },
        "dramatic": {
            "roc_auc": 0.7318711188642397,
            "pr_auc": 0.047217181710597855
        },
        "sexy": {
            "roc_auc": 0.7031464373913838,
            "pr_auc": 0.01686257889168297
        },
        "epic": {
            "roc_auc": 0.8391706741674984,
            "pr_auc": 0.4049514621468641
        },
        "upbeat": {
            "roc_auc": 0.7493047158403869,
            "pr_auc": 0.05870048135772939
        },
        "ballad": {
            "roc_auc": 0.7714416005390898,
            "pr_auc": 0.12029577016250956
        },
        "inspiring": {
            "roc_auc": 0.624011903782331,
            "pr_auc": 0.059673223651642605
        },
        "funny": {
            "roc_auc": 0.8005450975081257,
            "pr_auc": 0.050138179348418924
        },
        "advertising": {
            "roc_auc": 0.8042540613255637,
            "pr_auc": 0.1852484391554584
        },
        "corporate": {
            "roc_auc": 0.8531477443777362,
            "pr_auc": 0.3001364238898032
        },
        "happy": {
            "roc_auc": 0.7599708625860101,
            "pr_auc": 0.2606130440439209
        },
        "background": {
            "roc_auc": 0.6462758730919844,
            "pr_auc": 0.02355906218342896
        },
        "positive": {
            "roc_auc": 0.7625419245699981,
            "pr_auc": 0.06863466027522086
        },
        "fast": {
            "roc_auc": 0.9179800307219662,
            "pr_auc": 0.05953566815488509
        },
        "adventure": {
            "roc_auc": 0.6714408233276157,
            "pr_auc": 0.05780102834586765
        },
        "retro": {
            "roc_auc": 0.8037304921535507,
            "pr_auc": 0.023975300729300306
        },
        "emotional": {
            "roc_auc": 0.6578281680179838,
            "pr_auc": 0.157382846092681
        },
        "holiday": {
            "roc_auc": 0.7291930432464849,
            "pr_auc": 0.025094533627982866
        },
        "drama": {
            "roc_auc": 0.7055867916108879,
            "pr_auc": 0.04097711574008964
        },
        "children": {
            "roc_auc": 0.9017367837437043,
            "pr_auc": 0.454821512524286
        },
        "space": {
            "roc_auc": 0.826285959040561,
            "pr_auc": 0.06245871889832505
        },
        "nature": {
            "roc_auc": 0.6987785707680798,
            "pr_auc": 0.02382390008039186
        }
    }
}