{
    "macro_roc": 0.543711421986311,
    "macro_pr": 0.0920421129971548,
    "macro_fl": 0.1364358880877151,
    "avg_macro_f1": 0.47858065271529815,
    "avg_fscore_weighted": 0.839482239700105,
    "tag_wise": {
        "electricpiano": {
            "roc_auc": 0.45183845809944856,
            "pr_auc": 0.0418564692646687
        },
        "bongo": {
            "roc_auc": 0.7071718361471012,
            "pr_auc": 0.015043672637101935
        },
        "accordion": {
            "roc_auc": 0.5671580296648966,
            "pr_auc": 0.033798275415222956
        },
        "cello": {
            "roc_auc": 0.5808519226850183,
            "pr_auc": 0.04658345343244398
        },
        "acousticguitar": {
            "roc_auc": 0.7424532636223053,
            "pr_auc": 0.31652645945822794
        },
        "voice": {
            "roc_auc": 0.4490957037279963,
            "pr_auc": 0.05732905949934401
        },
        "organ": {
            "roc_auc": 0.6490507803400885,
            "pr_auc": 0.012791351876880346
        },
        "classicalguitar": {
            "roc_auc": 0.46750509651418615,
            "pr_auc": 0.024491002266178043
        },
        "orchestra": {
            "roc_auc": 0.5466645889940581,
            "pr_auc": 0.0223928748352749
        },
        "harp": {
            "roc_auc": 0.609539919687052,
            "pr_auc": 0.016640288099131123
        },
        "guitar": {
            "roc_auc": 0.6715919188126644,
            "pr_auc": 0.27209180566975844
        },
        "strings": {
            "roc_auc": 0.5283959847698165,
            "pr_auc": 0.056141922844802086
        },
        "horn": {
            "roc_auc": 0.6940639597556595,
            "pr_auc": 0.01800052372103277
        },
        "trombone": {
            "roc_auc": 0.45533001658374794,
            "pr_auc": 0.015576923716197856
        },
        "trumpet": {
            "roc_auc": 0.47132846199898687,
            "pr_auc": 0.018459097307186114
        },
        "harmonica": {
            "roc_auc": 0.8104371667936026,
            "pr_auc": 0.06077937197123871
        },
        "flute": {
            "roc_auc": 0.6363693842618217,
            "pr_auc": 0.029132753802880162
        },
        "keyboard": {
            "roc_auc": 0.2598945533687399,
            "pr_auc": 0.04342849335017213
        },
        "viola": {
            "roc_auc": 0.6150620190601495,
            "pr_auc": 0.021666888234421765
        },
        "pipeorgan": {
            "roc_auc": 0.34783815577041954,
            "pr_auc": 0.00914807052190704
        },
        "bell": {
            "roc_auc": 0.34920367542777647,
            "pr_auc": 0.010275209138221345
        },
        "clarinet": {
            "roc_auc": 0.5363505365092163,
            "pr_auc": 0.011343845435864515
        },
        "sampler": {
            "roc_auc": 0.45678107419691777,
            "pr_auc": 0.0275905831607831
        },
        "beat": {
            "roc_auc": 0.8230449439761014,
            "pr_auc": 0.06420112509062927
        },
        "saxophone": {
            "roc_auc": 0.5286148585458635,
            "pr_auc": 0.05079699406354375
        },
        "brass": {
            "roc_auc": 0.4074399581818286,
            "pr_auc": 0.01587327669978398
        },
        "drummachine": {
            "roc_auc": 0.4488257644355283,
            "pr_auc": 0.047775257989730036
        },
        "acousticbassguitar": {
            "roc_auc": 0.42244447572415317,
            "pr_auc": 0.0150224080711449
        },
        "rhodes": {
            "roc_auc": 0.3384584980237154,
            "pr_auc": 0.012140439870182103
        },
        "doublebass": {
            "roc_auc": 0.6027456274127517,
            "pr_auc": 0.0349059202568843
        },
        "percussion": {
            "roc_auc": 0.3587733493479614,
            "pr_auc": 0.028351683018925454
        },
        "synthesizer": {
            "roc_auc": 0.3353623827291684,
            "pr_auc": 0.20302558000194215
        },
        "piano": {
            "roc_auc": 0.7717402681526758,
            "pr_auc": 0.6417029916067428
        },
        "violin": {
            "roc_auc": 0.5828570964704354,
            "pr_auc": 0.08444205659338608
        },
        "computer": {
            "roc_auc": 0.7311789681896854,
            "pr_auc": 0.22451207642670967
        },
        "bass": {
            "roc_auc": 0.52795979273252,
            "pr_auc": 0.28405994893038145
        },
        "oboe": {
            "roc_auc": 0.4442930334577359,
            "pr_auc": 0.004232554082042367
        },
        "drums": {
            "roc_auc": 0.6217072642074191,
            "pr_auc": 0.37692038657521176
        },
        "electricguitar": {
            "roc_auc": 0.7542131652564247,
            "pr_auc": 0.40856416009132857
        },
        "pad": {
            "roc_auc": 0.4448209258168009,
            "pr_auc": 0.00406926485868339
        }
    }
}