{
    "macro_roc": 0.6686328266577634,
    "macro_pr": 0.08667497789718179,
    "macro_fl": 0.1428369924770819,
    "avg_macro_f1": 0.4997983034672816,
    "avg_fscore_weighted": 0.9516955271448039,
    "tag_wise": {
        "movie": {
            "roc_auc": 0.5009640520328246,
            "pr_auc": 0.021440985289612375
        },
        "hopeful": {
            "roc_auc": 0.6553941493969481,
            "pr_auc": 0.026141694367647638
        },
        "calm": {
            "roc_auc": 0.6632086851628469,
            "pr_auc": 0.03275355163781949
        },
        "soundscape": {
            "roc_auc": 0.7014065551707727,
            "pr_auc": 0.01384509638722811
        },
        "dream": {
            "roc_auc": 0.6515525701053748,
            "pr_auc": 0.09580259342093111
        },
        "game": {
            "roc_auc": 0.5876787078467751,
            "pr_auc": 0.02047809935777576
        },
        "action": {
            "roc_auc": 0.7194824636441403,
            "pr_auc": 0.05577397475833426
        },
        "uplifting": {
            "roc_auc": 0.6149458717078689,
            "pr_auc": 0.03797253867019569
        },
        "deep": {
            "roc_auc": 0.9354619008055228,
            "pr_auc": 0.6041757988078951
        },
        "groovy": {
            "roc_auc": 0.641987518330321,
            "pr_auc": 0.0168067271154
        },
        "melodic": {
            "roc_auc": 0.5498319187681902,
            "pr_auc": 0.07457067727388851
        },
        "meditative": {
            "roc_auc": 0.7521165278858251,
            "pr_auc": 0.09447573752056444
        },
        "party": {
            "roc_auc": 0.8362156043190525,
            "pr_auc": 0.08569614268317081
        },
        "cool": {
            "roc_auc": 0.6426762540173304,
            "pr_auc": 0.021406999474629408
        },
        "fun": {
            "roc_auc": 0.840530220667207,
            "pr_auc": 0.06939437811943172
        },
        "commercial": {
            "roc_auc": 0.37731328681220233,
            "pr_auc": 0.028992650831054317
        },
        "documentary": {
            "roc_auc": 0.6084039859511557,
            "pr_auc": 0.05036333997960819
        },
        "slow": {
            "roc_auc": 0.7031912065495147,
            "pr_auc": 0.04070908377777073
        },
        "motivational": {
            "roc_auc": 0.5061453734060972,
            "pr_auc": 0.04944428406987772
        },
        "relaxing": {
            "roc_auc": 0.7182048324198902,
            "pr_auc": 0.13611828106177512
        },
        "powerful": {
            "roc_auc": 0.6561476689083737,
            "pr_auc": 0.06359872305722601
        },
        "love": {
            "roc_auc": 0.646243250217892,
            "pr_auc": 0.08575806755364535
        },
        "romantic": {
            "roc_auc": 0.7941667644741035,
            "pr_auc": 0.1054383670220236
        },
        "sad": {
            "roc_auc": 0.7126001751552412,
            "pr_auc": 0.11134529478211776
        },
        "dark": {
            "roc_auc": 0.779436881369871,
            "pr_auc": 0.21803343455951446
        },
        "heavy": {
            "roc_auc": 0.8848407037565382,
            "pr_auc": 0.27354984915913155
        },
        "sport": {
            "roc_auc": 0.7035643752530636,
            "pr_auc": 0.029379738631245267
        },
        "melancholic": {
            "roc_auc": 0.5307817968553369,
            "pr_auc": 0.02424594770521148
        },
        "energetic": {
            "roc_auc": 0.677408001602437,
            "pr_auc": 0.12956094821710734
        },
        "summer": {
            "roc_auc": 0.4055236611564685,
            "pr_auc": 0.03156253635380479
        },
        "trailer": {
            "roc_auc": 0.917131949415414,
            "pr_auc": 0.1777252020503457
        },
        "christmas": {
            "roc_auc": 0.7109337698656298,
            "pr_auc": 0.084825002319533
        },
        "soft": {
            "roc_auc": 0.7295193496082455,
            "pr_auc": 0.06393420964666081
        },
        "travel": {
            "roc_auc": 0.5060129643264469,
            "pr_auc": 0.008666880309595126
        },
        "film": {
            "roc_auc": 0.7647597181522288,
            "pr_auc": 0.3054398121693891
        },
        "dramatic": {
            "roc_auc": 0.6049442652447722,
            "pr_auc": 0.028768777926371496
        },
        "sexy": {
            "roc_auc": 0.7685813591877801,
            "pr_auc": 0.026585179798012157
        },
        "epic": {
            "roc_auc": 0.8337335017763292,
            "pr_auc": 0.33477950785788335
        },
        "upbeat": {
            "roc_auc": 0.7673216444981862,
            "pr_auc": 0.08511742762343266
        },
        "ballad": {
            "roc_auc": 0.6444795575745605,
            "pr_auc": 0.030322291403400245
        },
        "inspiring": {
            "roc_auc": 0.4954743684686908,
            "pr_auc": 0.03967810771313979
        },
        "funny": {
            "roc_auc": 0.8394163055254604,
            "pr_auc": 0.09672409982001559
        },
        "advertising": {
            "roc_auc": 0.3406129540148759,
            "pr_auc": 0.027045124248115487
        },
        "corporate": {
            "roc_auc": 0.34901091557906994,
            "pr_auc": 0.023366347398004885
        },
        "happy": {
            "roc_auc": 0.6725912995104247,
            "pr_auc": 0.21057466550741896
        },
        "background": {
            "roc_auc": 0.5173619435786782,
            "pr_auc": 0.014042197366475741
        },
        "positive": {
            "roc_auc": 0.5453873194676679,
            "pr_auc": 0.029538819306309444
        },
        "fast": {
            "roc_auc": 0.7554608294930876,
            "pr_auc": 0.06979875798343578
        },
        "adventure": {
            "roc_auc": 0.6584528301886793,
            "pr_auc": 0.052429032808799805
        },
        "retro": {
            "roc_auc": 0.8196110702065919,
            "pr_auc": 0.031061474028164844
        },
        "emotional": {
            "roc_auc": 0.6085218231416231,
            "pr_auc": 0.12941758882292356
        },
        "holiday": {
            "roc_auc": 0.7489727016281291,
            "pr_auc": 0.04158790425925751
        },
        "drama": {
            "roc_auc": 0.648933511825078,
            "pr_auc": 0.031132051581913924
        },
        "children": {
            "roc_auc": 0.8702742782327557,
            "pr_auc": 0.22023063878419122
        },
        "space": {
            "roc_auc": 0.6191678619810342,
            "pr_auc": 0.020578076222759804
        },
        "nature": {
            "roc_auc": 0.7093452365941206,
            "pr_auc": 0.0215940436409927
        }
    }
}