{
    "macro_roc": 0.7341211550252527,
    "macro_pr": 0.22457243067668362,
    "macro_fl": 0.29234710810058473,
    "avg_macro_f1": 0.5508989477893401,
    "avg_fscore_weighted": 0.889552976092144,
    "tag_wise": {
        "guitar": {
            "roc_auc": 0.7019088392082318,
            "pr_auc": 0.4584733570235727
        },
        "classical": {
            "roc_auc": 0.8642524198975612,
            "pr_auc": 0.43118880892776906
        },
        "slow": {
            "roc_auc": 0.7265101922760239,
            "pr_auc": 0.3562011964033471
        },
        "techno": {
            "roc_auc": 0.9487346681403643,
            "pr_auc": 0.784573475724524
        },
        "strings": {
            "roc_auc": 0.7968144565640525,
            "pr_auc": 0.25475100287553165
        },
        "drums": {
            "roc_auc": 0.5330115039897291,
            "pr_auc": 0.18591312420222456
        },
        "electronic": {
            "roc_auc": 0.8773535520871875,
            "pr_auc": 0.44611815810400035
        },
        "rock": {
            "roc_auc": 0.8252637928957551,
            "pr_auc": 0.5488720246290333
        },
        "fast": {
            "roc_auc": 0.7208767371394424,
            "pr_auc": 0.22850735610068798
        },
        "piano": {
            "roc_auc": 0.8811117174666405,
            "pr_auc": 0.6672144587468694
        },
        "ambient": {
            "roc_auc": 0.9261507305702896,
            "pr_auc": 0.6413288424811053
        },
        "beat": {
            "roc_auc": 0.7693924797648759,
            "pr_auc": 0.16654356309686447
        },
        "violin": {
            "roc_auc": 0.6754840705096741,
            "pr_auc": 0.0822273496312303
        },
        "vocal": {
            "roc_auc": 0.618816124398668,
            "pr_auc": 0.16368033829958928
        },
        "synth": {
            "roc_auc": 0.7368755016431178,
            "pr_auc": 0.1380351792673841
        },
        "female": {
            "roc_auc": 0.8944232198765587,
            "pr_auc": 0.52056461437726
        },
        "indian": {
            "roc_auc": 0.7165981102762712,
            "pr_auc": 0.07283623543205767
        },
        "opera": {
            "roc_auc": 0.9667219021782926,
            "pr_auc": 0.7152310336998899
        },
        "male": {
            "roc_auc": 0.5395082834242126,
            "pr_auc": 0.18696010514200362
        },
        "singing": {
            "roc_auc": 0.7187423115839502,
            "pr_auc": 0.19020295186964253
        },
        "vocals": {
            "roc_auc": 0.5670755625601961,
            "pr_auc": 0.09953050574897242
        },
        "no vocals": {
            "roc_auc": 0.4084149343613148,
            "pr_auc": 0.044097399254418246
        },
        "harpsichord": {
            "roc_auc": 0.9074386962390826,
            "pr_auc": 0.24369368334885771
        },
        "loud": {
            "roc_auc": 0.3902429999990975,
            "pr_auc": 0.05130384123862877
        },
        "quiet": {
            "roc_auc": 0.6780384111086537,
            "pr_auc": 0.10661258431708132
        },
        "flute": {
            "roc_auc": 0.6687583266719956,
            "pr_auc": 0.05723470231974036
        },
        "woman": {
            "roc_auc": 0.8988842473770685,
            "pr_auc": 0.4039008592599468
        },
        "male vocal": {
            "roc_auc": 0.4861558572263128,
            "pr_auc": 0.05514688000258677
        },
        "no vocal": {
            "roc_auc": 0.4326539855072464,
            "pr_auc": 0.0355647910228631
        },
        "pop": {
            "roc_auc": 0.8341466664035053,
            "pr_auc": 0.2502853717084991
        },
        "soft": {
            "roc_auc": 0.7149627164056669,
            "pr_auc": 0.10628634091350528
        },
        "sitar": {
            "roc_auc": 0.6608932461873639,
            "pr_auc": 0.033728138950166305
        },
        "solo": {
            "roc_auc": 0.7381888962738902,
            "pr_auc": 0.07705079174808406
        },
        "man": {
            "roc_auc": 0.6214862467900353,
            "pr_auc": 0.1109821411952031
        },
        "classic": {
            "roc_auc": 0.829671418112915,
            "pr_auc": 0.07881582764943358
        },
        "choir": {
            "roc_auc": 0.8890256612995975,
            "pr_auc": 0.1877364311105364
        },
        "voice": {
            "roc_auc": 0.6465612289488722,
            "pr_auc": 0.0748149170055041
        },
        "new age": {
            "roc_auc": 0.7218732236060152,
            "pr_auc": 0.0845260274529138
        },
        "dance": {
            "roc_auc": 0.9252487147846296,
            "pr_auc": 0.41123523267401
        },
        "male voice": {
            "roc_auc": 0.482734317199486,
            "pr_auc": 0.04872280409303811
        },
        "female vocal": {
            "roc_auc": 0.687395134228188,
            "pr_auc": 0.08013253259854074
        },
        "beats": {
            "roc_auc": 0.8454334599482336,
            "pr_auc": 0.12388550479502612
        },
        "harp": {
            "roc_auc": 0.8426499879004484,
            "pr_auc": 0.09899448635192816
        },
        "cello": {
            "roc_auc": 0.7735157699443413,
            "pr_auc": 0.010057247211418338
        },
        "no voice": {
            "roc_auc": 0.4285153438461035,
            "pr_auc": 0.02284319200607041
        },
        "weird": {
            "roc_auc": 0.6441432519701779,
            "pr_auc": 0.04077661566194979
        },
        "country": {
            "roc_auc": 0.853444384175255,
            "pr_auc": 0.244737837172932
        },
        "metal": {
            "roc_auc": 0.966033262793522,
            "pr_auc": 0.5168852929646263
        },
        "female voice": {
            "roc_auc": 0.8674111942427102,
            "pr_auc": 0.1852076867204009
        },
        "choral": {
            "roc_auc": 0.8565099912598053,
            "pr_auc": 0.10440869130271013
        }
    }
}