{
    "macro_roc": 0.7502025118975975,
    "macro_pr": 0.2352568516116285,
    "macro_fl": 0.3042599683116935,
    "avg_macro_f1": 0.5335284652530792,
    "avg_fscore_weighted": 0.888610927071937,
    "tag_wise": {
        "guitar": {
            "roc_auc": 0.6853860076862681,
            "pr_auc": 0.43853650444181363
        },
        "classical": {
            "roc_auc": 0.8578997088759177,
            "pr_auc": 0.4088760271020316
        },
        "slow": {
            "roc_auc": 0.6968696911563725,
            "pr_auc": 0.2770677678745986
        },
        "techno": {
            "roc_auc": 0.9278697246490265,
            "pr_auc": 0.7053646987875263
        },
        "strings": {
            "roc_auc": 0.7651001693766064,
            "pr_auc": 0.2104196736101785
        },
        "drums": {
            "roc_auc": 0.7167713868980872,
            "pr_auc": 0.30131469517750076
        },
        "electronic": {
            "roc_auc": 0.8794973973224796,
            "pr_auc": 0.4478598807370826
        },
        "rock": {
            "roc_auc": 0.8056355498336119,
            "pr_auc": 0.5275473894008038
        },
        "fast": {
            "roc_auc": 0.6148440358760922,
            "pr_auc": 0.13654391726253723
        },
        "piano": {
            "roc_auc": 0.8775371131136234,
            "pr_auc": 0.7026084123911276
        },
        "ambient": {
            "roc_auc": 0.9301423047145257,
            "pr_auc": 0.629967372540884
        },
        "beat": {
            "roc_auc": 0.8578912609922792,
            "pr_auc": 0.2940608864421006
        },
        "violin": {
            "roc_auc": 0.7151228029062704,
            "pr_auc": 0.1067000192648891
        },
        "vocal": {
            "roc_auc": 0.6098230587041609,
            "pr_auc": 0.14327126480100222
        },
        "synth": {
            "roc_auc": 0.7994752623688156,
            "pr_auc": 0.17839983764406311
        },
        "female": {
            "roc_auc": 0.8482871873362071,
            "pr_auc": 0.49046562847270986
        },
        "indian": {
            "roc_auc": 0.7233818756807263,
            "pr_auc": 0.07600538873393159
        },
        "opera": {
            "roc_auc": 0.9644350571914402,
            "pr_auc": 0.7088409608164904
        },
        "male": {
            "roc_auc": 0.6760311447811449,
            "pr_auc": 0.18497308328717219
        },
        "singing": {
            "roc_auc": 0.6938656411246815,
            "pr_auc": 0.1558045214862043
        },
        "vocals": {
            "roc_auc": 0.5790806409246125,
            "pr_auc": 0.09893096036749466
        },
        "no vocals": {
            "roc_auc": 0.45644677249417015,
            "pr_auc": 0.04954674185299541
        },
        "harpsichord": {
            "roc_auc": 0.8956013011045596,
            "pr_auc": 0.3375670630921985
        },
        "loud": {
            "roc_auc": 0.8588087612477856,
            "pr_auc": 0.26660240996044865
        },
        "quiet": {
            "roc_auc": 0.7405393984392279,
            "pr_auc": 0.11267728503104063
        },
        "flute": {
            "roc_auc": 0.8296962430055954,
            "pr_auc": 0.14011100282109457
        },
        "woman": {
            "roc_auc": 0.8544982041937615,
            "pr_auc": 0.3747477098173559
        },
        "male vocal": {
            "roc_auc": 0.5476635297792225,
            "pr_auc": 0.06489155874356693
        },
        "no vocal": {
            "roc_auc": 0.479591888083736,
            "pr_auc": 0.03968689616190128
        },
        "pop": {
            "roc_auc": 0.8434305056645482,
            "pr_auc": 0.30028091954862735
        },
        "soft": {
            "roc_auc": 0.778382695612231,
            "pr_auc": 0.13735976531259372
        },
        "sitar": {
            "roc_auc": 0.49427988689565666,
            "pr_auc": 0.02209637935150279
        },
        "solo": {
            "roc_auc": 0.24293338276762716,
            "pr_auc": 0.02275187521604011
        },
        "man": {
            "roc_auc": 0.8200425347911647,
            "pr_auc": 0.17575771568477713
        },
        "classic": {
            "roc_auc": 0.8133392188105594,
            "pr_auc": 0.06970306112666168
        },
        "choir": {
            "roc_auc": 0.8452710404173172,
            "pr_auc": 0.13878843483301365
        },
        "voice": {
            "roc_auc": 0.6092103936266766,
            "pr_auc": 0.06183151181205787
        },
        "new age": {
            "roc_auc": 0.669870097152602,
            "pr_auc": 0.059769539283696105
        },
        "dance": {
            "roc_auc": 0.955315012660564,
            "pr_auc": 0.4542646360359331
        },
        "male voice": {
            "roc_auc": 0.5549277676102955,
            "pr_auc": 0.06040263109103612
        },
        "female vocal": {
            "roc_auc": 0.7072477229146692,
            "pr_auc": 0.1036648933047481
        },
        "beats": {
            "roc_auc": 0.8653769874617635,
            "pr_auc": 0.13142507162272557
        },
        "harp": {
            "roc_auc": 0.8345915174529683,
            "pr_auc": 0.09675910921034504
        },
        "cello": {
            "roc_auc": 0.8166859925788498,
            "pr_auc": 0.014911184726760444
        },
        "no voice": {
            "roc_auc": 0.48046031538310546,
            "pr_auc": 0.024426446045370774
        },
        "weird": {
            "roc_auc": 0.7205281912158319,
            "pr_auc": 0.05225848386894955
        },
        "country": {
            "roc_auc": 0.8626935661668212,
            "pr_auc": 0.3163317243381665
        },
        "metal": {
            "roc_auc": 0.9685770592898023,
            "pr_auc": 0.5930442628330963
        },
        "female voice": {
            "roc_auc": 0.8467129552984259,
            "pr_auc": 0.1838425050568642
        },
        "choral": {
            "roc_auc": 0.8924556312473766,
            "pr_auc": 0.13378287215571302
        }
    }
}