{
    "macro_roc": 0.8176392987725769,
    "macro_pr": 0.1684843688601951,
    "macro_fl": 0.21942487223374357,
    "avg_macro_f1": 0.5171164096394791,
    "avg_fscore_weighted": 0.9607849903098459,
    "tag_wise": {
        "dubstep": {
            "roc_auc": 0.8791539660692882,
            "pr_auc": 0.04553273900956128
        },
        "dub": {
            "roc_auc": 0.8517749293378809,
            "pr_auc": 0.1630058630151868
        },
        "acidjazz": {
            "roc_auc": 0.5283254758163087,
            "pr_auc": 0.0022469818136971994
        },
        "soul": {
            "roc_auc": 0.8230108896109598,
            "pr_auc": 0.042414587800618374
        },
        "reggae": {
            "roc_auc": 0.9192216455025648,
            "pr_auc": 0.4590216155506953
        },
        "deephouse": {
            "roc_auc": 0.9746980939909791,
            "pr_auc": 0.06097152336257695
        },
        "grunge": {
            "roc_auc": 0.9114862012709206,
            "pr_auc": 0.06238645851793395
        },
        "trance": {
            "roc_auc": 0.9484748419271529,
            "pr_auc": 0.3731238700829395
        },
        "orchestral": {
            "roc_auc": 0.8419984520286663,
            "pr_auc": 0.3137612341973904
        },
        "latin": {
            "roc_auc": 0.8589409001742264,
            "pr_auc": 0.21296176771175143
        },
        "folk": {
            "roc_auc": 0.9048500149776814,
            "pr_auc": 0.4107025809711944
        },
        "electronic": {
            "roc_auc": 0.8391705319773093,
            "pr_auc": 0.6445945097047664
        },
        "groove": {
            "roc_auc": 0.7565076869322152,
            "pr_auc": 0.021823128403245753
        },
        "industrial": {
            "roc_auc": 0.8799862769703392,
            "pr_auc": 0.21423126854786867
        },
        "80s": {
            "roc_auc": 0.8452612571256426,
            "pr_auc": 0.0696222854906269
        },
        "breakbeat": {
            "roc_auc": 0.8811377573368375,
            "pr_auc": 0.059278808605547226
        },
        "90s": {
            "roc_auc": 0.8009262051003736,
            "pr_auc": 0.02153936228770214
        },
        "easylistening": {
            "roc_auc": 0.7059938817051833,
            "pr_auc": 0.13482468960804134
        },
        "improvisation": {
            "roc_auc": 0.7584726250109851,
            "pr_auc": 0.019090781274881476
        },
        "choir": {
            "roc_auc": 0.6387387660918145,
            "pr_auc": 0.006564829013313057
        },
        "hard": {
            "roc_auc": 0.8153781120634366,
            "pr_auc": 0.039848354692303134
        },
        "rap": {
            "roc_auc": 0.9718924560188272,
            "pr_auc": 0.6356230772596215
        },
        "psychedelic": {
            "roc_auc": 0.8222033207413147,
            "pr_auc": 0.08435386896463141
        },
        "swing": {
            "roc_auc": 0.8686536562781975,
            "pr_auc": 0.02415300085598502
        },
        "chanson": {
            "roc_auc": 0.8993405822518415,
            "pr_auc": 0.1132837275166969
        },
        "ambient": {
            "roc_auc": 0.8567891060223511,
            "pr_auc": 0.5084005163133234
        },
        "country": {
            "roc_auc": 0.9131496356772891,
            "pr_auc": 0.20812101397294808
        },
        "darkwave": {
            "roc_auc": 0.8094559856648832,
            "pr_auc": 0.07856885396874524
        },
        "postrock": {
            "roc_auc": 0.7857822403434567,
            "pr_auc": 0.01852129683654397
        },
        "popfolk": {
            "roc_auc": 0.9218526735942829,
            "pr_auc": 0.40148125110632177
        },
        "rnb": {
            "roc_auc": 0.8353046549713511,
            "pr_auc": 0.11548010948774295
        },
        "indie": {
            "roc_auc": 0.8393007169776634,
            "pr_auc": 0.24256913076821304
        },
        "dance": {
            "roc_auc": 0.8909290397074411,
            "pr_auc": 0.31014466474142693
        },
        "symphonic": {
            "roc_auc": 0.9193270096884554,
            "pr_auc": 0.09425463364722275
        },
        "bossanova": {
            "roc_auc": 0.8531167205287216,
            "pr_auc": 0.030803697364632815
        },
        "electronica": {
            "roc_auc": 0.7788118321833056,
            "pr_auc": 0.00791011291184895
        },
        "techno": {
            "roc_auc": 0.8853994007705046,
            "pr_auc": 0.22959432804076016
        },
        "poprock": {
            "roc_auc": 0.6528778921118358,
            "pr_auc": 0.05682059389263158
        },
        "atmospheric": {
            "roc_auc": 0.7283650655021834,
            "pr_auc": 0.05499477506165894
        },
        "synthpop": {
            "roc_auc": 0.8461793644617148,
            "pr_auc": 0.10858206693375405
        },
        "alternativerock": {
            "roc_auc": 0.4570733250894132,
            "pr_auc": 0.0031283709575062315
        },
        "classical": {
            "roc_auc": 0.9134072940651864,
            "pr_auc": 0.5762466689775301
        },
        "celtic": {
            "roc_auc": 0.8344762572162712,
            "pr_auc": 0.07722821312012151
        },
        "chillout": {
            "roc_auc": 0.8099164464302068,
            "pr_auc": 0.18616750692860082
        },
        "progressive": {
            "roc_auc": 0.7649807972221735,
            "pr_auc": 0.07925315262645423
        },
        "contemporary": {
            "roc_auc": 0.73890664438376,
            "pr_auc": 0.016627022602734635
        },
        "fusion": {
            "roc_auc": 0.7539454385955842,
            "pr_auc": 0.04574084758777666
        },
        "soundtrack": {
            "roc_auc": 0.7630877700354073,
            "pr_auc": 0.38359054124180336
        },
        "60s": {
            "roc_auc": 0.8467368079870692,
            "pr_auc": 0.016310819287154263
        },
        "edm": {
            "roc_auc": 0.2011532080946208,
            "pr_auc": 0.0013495909997407363
        },
        "hardrock": {
            "roc_auc": 0.9401408450704225,
            "pr_auc": 0.13798429735214668
        },
        "darkambient": {
            "roc_auc": 0.7900068223646632,
            "pr_auc": 0.045241373917812855
        },
        "disco": {
            "roc_auc": 0.8432336237247191,
            "pr_auc": 0.03697539711146332
        },
        "experimental": {
            "roc_auc": 0.8658818837087972,
            "pr_auc": 0.4831378027288099
        },
        "lounge": {
            "roc_auc": 0.8252506939072547,
            "pr_auc": 0.1154922384497345
        },
        "singersongwriter": {
            "roc_auc": 0.9102754978685501,
            "pr_auc": 0.14506444184344972
        },
        "classicrock": {
            "roc_auc": 0.5554347258445536,
            "pr_auc": 0.0059484191921324765
        },
        "triphop": {
            "roc_auc": 0.8766992627219138,
            "pr_auc": 0.16175861042589684
        },
        "metal": {
            "roc_auc": 0.9410184789692417,
            "pr_auc": 0.6493925075653622
        },
        "bluesrock": {
            "roc_auc": 0.8963727755022983,
            "pr_auc": 0.12697908972616545
        },
        "blues": {
            "roc_auc": 0.8801704375377387,
            "pr_auc": 0.24410665452715838
        },
        "hiphop": {
            "roc_auc": 0.965926199408992,
            "pr_auc": 0.7368733451496161
        },
        "jazz": {
            "roc_auc": 0.8570520906044241,
            "pr_auc": 0.31786970135333975
        },
        "world": {
            "roc_auc": 0.7993143045594606,
            "pr_auc": 0.15068899096158272
        },
        "downtempo": {
            "roc_auc": 0.8271690239115921,
            "pr_auc": 0.06992759228051301
        },
        "eurodance": {
            "roc_auc": 0.9136774425185543,
            "pr_auc": 0.09540081612342464
        },