{
    "macro_roc": 0.5882986985194056,
    "macro_pr": 0.6131228158292591,
    "macro_fl": 0.7042969553134996,
    "avg_macro_f1": 0.2991249995711837,
    "avg_fscore_weighted": 0.31243398354161533,
    "tag_wise": {
        "low-range": {
            "roc_auc": 0.4881652892561983,
            "pr_auc": 0.19628094619872677
        },
        "mid-range": {
            "roc_auc": 0.5357558613303532,
            "pr_auc": 0.9094197983973299
        },
        "high-range": {
            "roc_auc": 0.6200042054039441,
            "pr_auc": 0.3890951685882462
        },
        "husky/throaty": {
            "roc_auc": 0.5138672768878718,
            "pr_auc": 0.41974015618953164
        },
        "thick": {
            "roc_auc": 0.5222004760645331,
            "pr_auc": 0.33656113355764294
        },
        "thin": {
            "roc_auc": 0.5100759240674636,
            "pr_auc": 0.5147317239802244
        },
        "warm": {
            "roc_auc": 0.6093760807913122,
            "pr_auc": 0.7574320637379508
        },
        "lonely": {
            "roc_auc": 0.7643009039033511,
            "pr_auc": 0.83271979287724
        },
        "passion": {
            "roc_auc": 0.45255238095238093,
            "pr_auc": 0.4982557136182407
        },
        "pretty": {
            "roc_auc": 0.48197579371076094,
            "pr_auc": 0.36099033299786565
        },
        "sad": {
            "roc_auc": 0.7572183571705831,
            "pr_auc": 0.7375510942707688
        },
        "bright": {
            "roc_auc": 0.540162584625036,
            "pr_auc": 0.4432335554165991
        },
        "clear": {
            "roc_auc": 0.42281756879897936,
            "pr_auc": 0.6740990583833388
        },
        "relaxed": {
            "roc_auc": 0.6718974500570121,
            "pr_auc": 0.812929608622242
        },
        "cute": {
            "roc_auc": 0.4909441580104632,
            "pr_auc": 0.12353069045541763
        },
        "dark": {
            "roc_auc": 0.5237929439781419,
            "pr_auc": 0.28217330801792606
        },
        "delicate": {
            "roc_auc": 0.7060402331049211,
            "pr_auc": 0.808386775381663
        },
        "emotional": {
            "roc_auc": 0.8563572774763151,
            "pr_auc": 0.9545153075366528
        },
        "energetic": {
            "roc_auc": 0.6428626607784315,
            "pr_auc": 0.6895534027251905
        },
        "male": {
            "roc_auc": 0.9635354867062185,
            "pr_auc": 0.9553560120123928
        },
        "female": {
            "roc_auc": 0.955397628756919,
            "pr_auc": 0.9509223921007357
        },
        "mild/soft": {
            "roc_auc": 0.6468460534898892,
            "pr_auc": 0.8611468782025608
        },
        "charismatic": {
            "roc_auc": 0.5574140607673541,
            "pr_auc": 0.45139440104272516
        },
        "whisper/quiet": {
            "roc_auc": 0.6111168,
            "pr_auc": 0.5475664555141784
        },
        "sharp": {
            "roc_auc": 0.5784695496744305,
            "pr_auc": 0.4605169716807222
        },
        "pure": {
            "roc_auc": 0.5154958044956207,
            "pr_auc": 0.42693255078369263
        },
        "rich": {
            "roc_auc": 0.5609450651769088,
            "pr_auc": 0.6841267368029502
        },
        "robotic/artificial": {
            "roc_auc": 0.6958798854995123,
            "pr_auc": 0.29761889876820014
        },
        "rounded": {
            "roc_auc": 0.5012395523445247,
            "pr_auc": 0.609158213433203
        },
        "embellishing": {
            "roc_auc": 0.5030546091034999,
            "pr_auc": 0.5289465438206441
        },
        "stable": {
            "roc_auc": 0.5003181029496819,
            "pr_auc": 0.886932720545095
        },
        "sweet": {
            "roc_auc": 0.5690265061083856,
            "pr_auc": 0.4576655049329149
        },
        "young": {
            "roc_auc": 0.40939302054850146,
            "pr_auc": 0.5611699301904416
        },
        "soulful/r&b": {
            "roc_auc": 0.5102797795676134,
            "pr_auc": 0.753882998815372
        },
        "ballad": {
            "roc_auc": 0.8920322102140286,
            "pr_auc": 0.9427856623397662
        },
        "shouty": {
            "roc_auc": 0.5736738534144588,
            "pr_auc": 0.5260682147387675
        },
        "vibrato": {
            "roc_auc": 0.4398897733494582,
            "pr_auc": 0.73881426234402
        },
        "falsetto": {
            "roc_auc": 0.4407939676203149,
            "pr_auc": 0.5874963700258302
        },
        "breathy": {
            "roc_auc": 0.5562258953168043,
            "pr_auc": 0.9675979185341586
        },
        "compressed": {
            "roc_auc": 0.5483797887234313,
            "pr_auc": 0.7418585913719566
        },
        "dynamic": {
            "roc_auc": 0.5541291385935669,
            "pr_auc": 0.692447097263683
        },
        "speech-like": {
            "roc_auc": 0.5146413790258636,
            "pr_auc": 0.37955330861206915
        }
    }
}