{
    "macro_roc": 0.6095456407759026,
    "macro_pr": 0.11397840205512755,
    "macro_fl": 0.16562469798001253,
    "avg_macro_f1": 0.4978394779427234,
    "avg_fscore_weighted": 0.91651108958749,
    "tag_wise": {
        "electricpiano": {
            "roc_auc": 0.5351318861457454,
            "pr_auc": 0.049547495104502765
        },
        "bongo": {
            "roc_auc": 0.74236730420476,
            "pr_auc": 0.010697697057961078
        },
        "accordion": {
            "roc_auc": 0.5785159974489957,
            "pr_auc": 0.04040570232969348
        },
        "cello": {
            "roc_auc": 0.6621476775720713,
            "pr_auc": 0.12773714391070445
        },
        "acousticguitar": {
            "roc_auc": 0.786579880065442,
            "pr_auc": 0.3277814617315125
        },
        "voice": {
            "roc_auc": 0.3751301871492313,
            "pr_auc": 0.05251267919651923
        },
        "organ": {
            "roc_auc": 0.5991366759841602,
            "pr_auc": 0.007250998769468159
        },
        "classicalguitar": {
            "roc_auc": 0.46942596093681666,
            "pr_auc": 0.019940301276782143
        },
        "orchestra": {
            "roc_auc": 0.6853567003075453,
            "pr_auc": 0.09324200749029156
        },
        "harp": {
            "roc_auc": 0.5098169279973013,
            "pr_auc": 0.013484157793133465
        },
        "guitar": {
            "roc_auc": 0.6724516808549478,
            "pr_auc": 0.30584084859135663
        },
        "strings": {
            "roc_auc": 0.7485351332641053,
            "pr_auc": 0.16457909456126377
        },
        "horn": {
            "roc_auc": 0.7393639956881062,
            "pr_auc": 0.024913047127795546
        },
        "trombone": {
            "roc_auc": 0.6929220563847431,
            "pr_auc": 0.0434513716205623
        },
        "trumpet": {
            "roc_auc": 0.6307258646362618,
            "pr_auc": 0.030080196067518362
        },
        "harmonica": {
            "roc_auc": 0.8359482102056359,
            "pr_auc": 0.06155313130372306
        },
        "flute": {
            "roc_auc": 0.7381499998167338,
            "pr_auc": 0.05861750873194706
        },
        "keyboard": {
            "roc_auc": 0.35271909870188894,
            "pr_auc": 0.049221503929364585
        },
        "viola": {
            "roc_auc": 0.627074154541284,
            "pr_auc": 0.022996259569260186
        },
        "pipeorgan": {
            "roc_auc": 0.5870844511664477,
            "pr_auc": 0.014994004175180212
        },
        "bell": {
            "roc_auc": 0.43615547211641387,
            "pr_auc": 0.012454324098117742
        },
        "clarinet": {
            "roc_auc": 0.5779246399684357,
            "pr_auc": 0.02000736017140974
        },
        "sampler": {
            "roc_auc": 0.37919145961879286,
            "pr_auc": 0.022692010368057507
        },
        "beat": {
            "roc_auc": 0.8093661414956046,
            "pr_auc": 0.07380763437610585
        },
        "saxophone": {
            "roc_auc": 0.5714831411538147,
            "pr_auc": 0.06359541324365006
        },
        "brass": {
            "roc_auc": 0.44400500898975803,
            "pr_auc": 0.01420853556918406
        },
        "drummachine": {
            "roc_auc": 0.7357921628545254,
            "pr_auc": 0.12876366350882354
        },
        "acousticbassguitar": {
            "roc_auc": 0.7162807532600718,
            "pr_auc": 0.04475329355714773
        },
        "rhodes": {
            "roc_auc": 0.37910528206970895,
            "pr_auc": 0.007932442011835308
        },
        "doublebass": {
            "roc_auc": 0.6469704153736734,
            "pr_auc": 0.04515423124107984
        },
        "percussion": {
            "roc_auc": 0.5733450151447059,
            "pr_auc": 0.09023551900919013
        },
        "synthesizer": {
            "roc_auc": 0.36229500108016993,
            "pr_auc": 0.2311879692203115
        },
        "piano": {
            "roc_auc": 0.8315514462087594,
            "pr_auc": 0.7837593126866623
        },
        "violin": {
            "roc_auc": 0.6618916083407139,
            "pr_auc": 0.18544845605695837
        },
        "computer": {
            "roc_auc": 0.8271731167654912,
            "pr_auc": 0.4566598606425044
        },
        "bass": {
            "roc_auc": 0.5543849752940663,
            "pr_auc": 0.2760640235109925
        },
        "oboe": {
            "roc_auc": 0.4848220716296733,
            "pr_auc": 0.004595792578166264
        },
        "drums": {
            "roc_auc": 0.5276510538158248,
            "pr_auc": 0.28032042401636437
        },
        "electricguitar": {
            "roc_auc": 0.7071313570991347,
            "pr_auc": 0.29264997628721334
        },
        "pad": {
            "roc_auc": 0.5867216656845413,
            "pr_auc": 0.005999229712786825
        }
    }
}