{
    "macro_roc": 0.5585082042225278,
    "macro_pr": 0.0903738544657962,
    "macro_fl": 0.13388623999439037,
    "avg_macro_f1": 0.4952938196904846,
    "avg_fscore_weighted": 0.9000732287831736,
    "tag_wise": {
        "electricpiano": {
            "roc_auc": 0.42515324623714673,
            "pr_auc": 0.03393739460021323
        },
        "bongo": {
            "roc_auc": 0.5763363060182848,
            "pr_auc": 0.009549867495244755
        },
        "accordion": {
            "roc_auc": 0.5598444139951632,
            "pr_auc": 0.028144099040844705
        },
        "cello": {
            "roc_auc": 0.6116840541769216,
            "pr_auc": 0.056399019663242525
        },
        "acousticguitar": {
            "roc_auc": 0.7499707847613315,
            "pr_auc": 0.313107029526119
        },
        "voice": {
            "roc_auc": 0.5021473673692396,
            "pr_auc": 0.06223582028346829
        },
        "organ": {
            "roc_auc": 0.39159678546470994,
            "pr_auc": 0.004113720583493165
        },
        "classicalguitar": {
            "roc_auc": 0.46599800849082623,
            "pr_auc": 0.0227208314226
        },
        "orchestra": {
            "roc_auc": 0.5412470887701173,
            "pr_auc": 0.024727905336071773
        },
        "harp": {
            "roc_auc": 0.6008177259369303,
            "pr_auc": 0.01640581784173545
        },
        "guitar": {
            "roc_auc": 0.6172011722247912,
            "pr_auc": 0.23889680305935035
        },
        "strings": {
            "roc_auc": 0.5238926964347526,
            "pr_auc": 0.05763764208504302
        },
        "horn": {
            "roc_auc": 0.586306144448437,
            "pr_auc": 0.01855147304733626
        },
        "trombone": {
            "roc_auc": 0.5749850746268657,
            "pr_auc": 0.019769248443510072
        },
        "trumpet": {
            "roc_auc": 0.5069078795879833,
            "pr_auc": 0.022330825977574083
        },
        "harmonica": {
            "roc_auc": 0.7136633663366337,
            "pr_auc": 0.03366695137012055
        },
        "flute": {
            "roc_auc": 0.6859905727805533,
            "pr_auc": 0.036278147052154056
        },
        "keyboard": {
            "roc_auc": 0.23655268466045526,
            "pr_auc": 0.04354698874242736
        },
        "viola": {
            "roc_auc": 0.6598473110647542,
            "pr_auc": 0.02526737527950482
        },
        "pipeorgan": {
            "roc_auc": 0.38049088628411265,
            "pr_auc": 0.009558857447461506
        },
        "bell": {
            "roc_auc": 0.5722723641955518,
            "pr_auc": 0.018272258785632316
        },
        "clarinet": {
            "roc_auc": 0.5757331434894114,
            "pr_auc": 0.0119552040801968
        },
        "sampler": {
            "roc_auc": 0.6520509323371649,
            "pr_auc": 0.04674814793098108
        },
        "beat": {
            "roc_auc": 0.8497320194037374,
            "pr_auc": 0.08406758817078255
        },
        "saxophone": {
            "roc_auc": 0.534492206126035,
            "pr_auc": 0.041550159944814716
        },
        "brass": {
            "roc_auc": 0.3813955091419807,
            "pr_auc": 0.013363331327787048
        },
        "drummachine": {
            "roc_auc": 0.666834284830146,
            "pr_auc": 0.07295480392887413
        },
        "acousticbassguitar": {
            "roc_auc": 0.462626054433396,
            "pr_auc": 0.01815400806410134
        },
        "rhodes": {
            "roc_auc": 0.42950772547610494,
            "pr_auc": 0.009113473204607382
        },
        "doublebass": {
            "roc_auc": 0.5826757792458238,
            "pr_auc": 0.027519091676735948
        },
        "percussion": {
            "roc_auc": 0.5902616416740392,
            "pr_auc": 0.05507745312735997
        },
        "synthesizer": {
            "roc_auc": 0.3873461805609797,
            "pr_auc": 0.21871534432395548
        },
        "piano": {
            "roc_auc": 0.789773824594148,
            "pr_auc": 0.7234526286179326
        },
        "violin": {
            "roc_auc": 0.5825900529944139,
            "pr_auc": 0.09001288567630426
        },
        "computer": {
            "roc_auc": 0.6617916822155923,
            "pr_auc": 0.1861401652325868
        },
        "bass": {
            "roc_auc": 0.4954553106825834,
            "pr_auc": 0.2789985133485622
        },
        "oboe": {
            "roc_auc": 0.4246914489622209,
            "pr_auc": 0.004124206356043851
        },
        "drums": {
            "roc_auc": 0.503580806308445,
            "pr_auc": 0.30339159312136643
        },
        "electricguitar": {
            "roc_auc": 0.6896286728264637,
            "pr_auc": 0.31663783383698
        },
        "pad": {
            "roc_auc": 0.5972549597328619,
            "pr_auc": 0.017859669578728025
        }
    }
}