{
    "macro_roc": 0.6063647553855429,
    "macro_pr": 0.11262446537030457,
    "macro_fl": 0.1638802244844012,
    "avg_macro_f1": 0.4904116200065146,
    "avg_fscore_weighted": 0.9154195175776287,
    "tag_wise": {
        "electricpiano": {
            "roc_auc": 0.38772937260940843,
            "pr_auc": 0.03756325780922668
        },
        "bongo": {
            "roc_auc": 0.717707106399686,
            "pr_auc": 0.019645574779003368
        },
        "accordion": {
            "roc_auc": 0.6504161167905333,
            "pr_auc": 0.09486452263069821
        },
        "cello": {
            "roc_auc": 0.6480430233104985,
            "pr_auc": 0.07666044861497888
        },
        "acousticguitar": {
            "roc_auc": 0.8011973045140345,
            "pr_auc": 0.3974748538919387
        },
        "voice": {
            "roc_auc": 0.64146523154417,
            "pr_auc": 0.12838528474107366
        },
        "organ": {
            "roc_auc": 0.6672417307244352,
            "pr_auc": 0.008636052296689322
        },
        "classicalguitar": {
            "roc_auc": 0.41905288937031976,
            "pr_auc": 0.0184017059754183
        },
        "orchestra": {
            "roc_auc": 0.6866219656026993,
            "pr_auc": 0.11108002745122782
        },
        "harp": {
            "roc_auc": 0.6607086093144855,
            "pr_auc": 0.017803312792152342
        },
        "guitar": {
            "roc_auc": 0.6447946101615466,
            "pr_auc": 0.29417088801644375
        },
        "strings": {
            "roc_auc": 0.7537265489788854,
            "pr_auc": 0.1517241208034093
        },
        "horn": {
            "roc_auc": 0.8134459216672655,
            "pr_auc": 0.05698028778994649
        },
        "trombone": {
            "roc_auc": 0.6828833609729132,
            "pr_auc": 0.037967922022872296
        },
        "trumpet": {
            "roc_auc": 0.5654943739158467,
            "pr_auc": 0.026764489126753097
        },
        "harmonica": {
            "roc_auc": 0.7883686214775324,
            "pr_auc": 0.04454035024776327
        },
        "flute": {
            "roc_auc": 0.7090399777148158,
            "pr_auc": 0.04419247158784039
        },
        "keyboard": {
            "roc_auc": 0.25043926334950606,
            "pr_auc": 0.04303398750534954
        },
        "viola": {
            "roc_auc": 0.6869032883518424,
            "pr_auc": 0.03306577459458666
        },
        "pipeorgan": {
            "roc_auc": 0.41180521795495056,
            "pr_auc": 0.013099930104123001
        },
        "bell": {
            "roc_auc": 0.4296104502996745,
            "pr_auc": 0.012524579194215957
        },
        "clarinet": {
            "roc_auc": 0.6041754226457495,
            "pr_auc": 0.018094927796801025
        },
        "sampler": {
            "roc_auc": 0.6566255755935256,
            "pr_auc": 0.05656574430984071
        },
        "beat": {
            "roc_auc": 0.6502379223758017,
            "pr_auc": 0.023592442627032
        },
        "saxophone": {
            "roc_auc": 0.6339342400939953,
            "pr_auc": 0.10722273010827871
        },
        "brass": {
            "roc_auc": 0.47996978522233136,
            "pr_auc": 0.023863523069037253
        },
        "drummachine": {
            "roc_auc": 0.697473244097174,
            "pr_auc": 0.09569378805226596
        },
        "acousticbassguitar": {
            "roc_auc": 0.3568660077819447,
            "pr_auc": 0.012385447071145911
        },
        "rhodes": {
            "roc_auc": 0.3793208767517068,
            "pr_auc": 0.0079372734380037
        },
        "doublebass": {
            "roc_auc": 0.6464998071567832,
            "pr_auc": 0.04910940227655165
        },
        "percussion": {
            "roc_auc": 0.5573559136902901,
            "pr_auc": 0.06968034988547019
        },
        "synthesizer": {
            "roc_auc": 0.45361251122557567,
            "pr_auc": 0.2617920026086426
        },
        "piano": {
            "roc_auc": 0.8250768813824058,
            "pr_auc": 0.7760057192635235
        },
        "violin": {
            "roc_auc": 0.6060338949270697,
            "pr_auc": 0.10876981211653713
        },
        "computer": {
            "roc_auc": 0.7693366877476214,
            "pr_auc": 0.2876753725565824
        },
        "bass": {
            "roc_auc": 0.5170238095238096,
            "pr_auc": 0.26974224543968256
        },
        "oboe": {
            "roc_auc": 0.5814222811497414,
            "pr_auc": 0.008581506607346585
        },
        "drums": {
            "roc_auc": 0.4746967570133972,
            "pr_auc": 0.23461338628257236
        },
        "electricguitar": {
            "roc_auc": 0.7692707363548079,
            "pr_auc": 0.4188180464376479
        },
        "pad": {
            "roc_auc": 0.5789628756629346,
            "pr_auc": 0.006255052889509689
        }
    }
}