{
    "macro_roc": 0.7208217434780164,
    "macro_pr": 0.18236471361624246,
    "macro_fl": 0.252820471130642,
    "avg_macro_f1": 0.5353478422054464,
    "avg_fscore_weighted": 0.9142369899348405,
    "tag_wise": {
        "choir": {
            "roc_auc": 0.8210620087986855,
            "pr_auc": 0.10056624430929617
        },
        "male": {
            "roc_auc": 0.4203173143079362,
            "pr_auc": 0.05199209688653062
        },
        "electronic": {
            "roc_auc": 0.8690400505930331,
            "pr_auc": 0.3909349933204254
        },
        "vocal": {
            "roc_auc": 0.660462964267764,
            "pr_auc": 0.1624161653208528
        },
        "soft": {
            "roc_auc": 0.6549378616829522,
            "pr_auc": 0.06625377445144531
        },
        "metal": {
            "roc_auc": 0.9510597845222167,
            "pr_auc": 0.519895790995488
        },
        "vocals": {
            "roc_auc": 0.47770601733773455,
            "pr_auc": 0.055374871353148426
        },
        "strings": {
            "roc_auc": 0.6964009277974069,
            "pr_auc": 0.14611668844138836
        },
        "solo": {
            "roc_auc": 0.7657129301850296,
            "pr_auc": 0.11630529461847561
        },
        "harpsichord": {
            "roc_auc": 0.6649877503963106,
            "pr_auc": 0.04681246983938214
        },
        "beats": {
            "roc_auc": 0.8024014532539365,
            "pr_auc": 0.11399605862313746
        },
        "harp": {
            "roc_auc": 0.8320483166281161,
            "pr_auc": 0.10649893887634207
        },
        "piano": {
            "roc_auc": 0.8951815283847027,
            "pr_auc": 0.6701750049080711
        },
        "sitar": {
            "roc_auc": 0.576006182078724,
            "pr_auc": 0.021256057047975042
        },
        "synth": {
            "roc_auc": 0.6275812738305236,
            "pr_auc": 0.09074844372354618
        },
        "violin": {
            "roc_auc": 0.7577294550617422,
            "pr_auc": 0.08707020943117605
        },
        "rock": {
            "roc_auc": 0.8460587320369419,
            "pr_auc": 0.555941624985451
        },
        "female": {
            "roc_auc": 0.8916696902377906,
            "pr_auc": 0.46148516334428014
        },
        "male voice": {
            "roc_auc": 0.3582708648823935,
            "pr_auc": 0.023391735524877832
        },
        "indian": {
            "roc_auc": 0.6272695853818968,
            "pr_auc": 0.05871767637512994
        },
        "choral": {
            "roc_auc": 0.8047414008323812,
            "pr_auc": 0.06314033388599595
        },
        "male vocal": {
            "roc_auc": 0.37358498491350645,
            "pr_auc": 0.03214095042308095
        },
        "slow": {
            "roc_auc": 0.44947138117885477,
            "pr_auc": 0.12767774623522088
        },
        "cello": {
            "roc_auc": 0.8212375211904313,
            "pr_auc": 0.010492486001234045
        },
        "flute": {
            "roc_auc": 0.7103771082869205,
            "pr_auc": 0.050772092341946115
        },
        "female voice": {
            "roc_auc": 0.8620429361763899,
            "pr_auc": 0.129058072120999
        },
        "new age": {
            "roc_auc": 0.7759093778202059,
            "pr_auc": 0.08247935303470443
        },
        "ambient": {
            "roc_auc": 0.9149582616734202,
            "pr_auc": 0.5194554076445699
        },
        "classic": {
            "roc_auc": 0.83178073124423,
            "pr_auc": 0.07656241404931645
        },
        "fast": {
            "roc_auc": 0.6333721994458446,
            "pr_auc": 0.14039353914911917
        },
        "loud": {
            "roc_auc": 0.697721055315992,
            "pr_auc": 0.13198605616640338
        },
        "man": {
            "roc_auc": 0.5524394244070794,
            "pr_auc": 0.04643733663487
        },
        "singing": {
            "roc_auc": 0.623401547443486,
            "pr_auc": 0.1287801318764252
        },
        "beat": {
            "roc_auc": 0.8439554127498775,
            "pr_auc": 0.2817436387524428
        },
        "dance": {
            "roc_auc": 0.9404188259538746,
            "pr_auc": 0.3700313242292923
        },
        "opera": {
            "roc_auc": 0.8852886635637578,
            "pr_auc": 0.2973028789779879
        },
        "no voice": {
            "roc_auc": 0.5204925352401489,
            "pr_auc": 0.021336936328564936
        },
        "guitar": {
            "roc_auc": 0.7825682211816024,
            "pr_auc": 0.4924150741807626
        },
        "classical": {
            "roc_auc": 0.860418308166248,
            "pr_auc": 0.403594595385963
        },
        "voice": {
            "roc_auc": 0.5765714394328182,
            "pr_auc": 0.05600795845225004
        },
        "drums": {
            "roc_auc": 0.6369852643921421,
            "pr_auc": 0.18605591781600578
        },
        "weird": {
            "roc_auc": 0.6893226696116239,
            "pr_auc": 0.053274800371330706
        },
        "no vocals": {
            "roc_auc": 0.5580075145715249,
            "pr_auc": 0.05006826782823604
        },
        "female vocal": {
            "roc_auc": 0.8502962371832076,
            "pr_auc": 0.16608110987748623
        },
        "techno": {
            "roc_auc": 0.9127684828382355,
            "pr_auc": 0.5954558859961139
        },
        "country": {
            "roc_auc": 0.8798028103496203,
            "pr_auc": 0.21714403532716228
        },
        "no vocal": {
            "roc_auc": 0.5335809243397573,
            "pr_auc": 0.03569610619558869
        },
        "pop": {
            "roc_auc": 0.819772619743397,
            "pr_auc": 0.23107925590309314
        },
        "quiet": {
            "roc_auc": 0.7279848708979055,
            "pr_auc": 0.1178587561918075
        },
        "woman": {
            "roc_auc": 0.775909752090496,
            "pr_auc": 0.15776391705773007
        }
    }
}