{
    "macro_roc": 0.5983853343656518,
    "macro_pr": 0.10383293920458762,
    "macro_fl": 0.1505837747031225,
    "avg_macro_f1": 0.5084507847774657,
    "avg_fscore_weighted": 0.886233344120275,
    "tag_wise": {
        "electricpiano": {
            "roc_auc": 0.5530664149818688,
            "pr_auc": 0.04461180118694774
        },
        "bongo": {
            "roc_auc": 0.653644810888627,
            "pr_auc": 0.0064889998217115
        },
        "accordion": {
            "roc_auc": 0.6128614185857081,
            "pr_auc": 0.039245814171913945
        },
        "cello": {
            "roc_auc": 0.6445335156997068,
            "pr_auc": 0.07159254851667174
        },
        "acousticguitar": {
            "roc_auc": 0.762183554942258,
            "pr_auc": 0.33990633844040785
        },
        "voice": {
            "roc_auc": 0.47277215039065745,
            "pr_auc": 0.05743487009865425
        },
        "organ": {
            "roc_auc": 0.5782960633589564,
            "pr_auc": 0.007939903048841476
        },
        "classicalguitar": {
            "roc_auc": 0.47666704792405357,
            "pr_auc": 0.020494881292942333
        },
        "orchestra": {
            "roc_auc": 0.661021804365352,
            "pr_auc": 0.065626714570365
        },
        "harp": {
            "roc_auc": 0.6378765074896041,
            "pr_auc": 0.02023052869880674
        },
        "guitar": {
            "roc_auc": 0.6057687268899361,
            "pr_auc": 0.2616754654952775
        },
        "strings": {
            "roc_auc": 0.6493707165109034,
            "pr_auc": 0.07962619674506259
        },
        "horn": {
            "roc_auc": 0.7415379087315848,
            "pr_auc": 0.02245953353411056
        },
        "trombone": {
            "roc_auc": 0.5367517965726921,
            "pr_auc": 0.020922701375694828
        },
        "trumpet": {
            "roc_auc": 0.47996714919484823,
            "pr_auc": 0.019378146327570983
        },
        "harmonica": {
            "roc_auc": 0.684862147753237,
            "pr_auc": 0.037104700673900176
        },
        "flute": {
            "roc_auc": 0.6440152550883893,
            "pr_auc": 0.031462318637550155
        },
        "keyboard": {
            "roc_auc": 0.2768366479169546,
            "pr_auc": 0.04437955237271555
        },
        "viola": {
            "roc_auc": 0.7077573596239904,
            "pr_auc": 0.03200005769904809
        },
        "pipeorgan": {
            "roc_auc": 0.3872008858639875,
            "pr_auc": 0.010602393118027296
        },
        "bell": {
            "roc_auc": 0.4599528345459781,
            "pr_auc": 0.0123963714202133
        },
        "clarinet": {
            "roc_auc": 0.5286781545112234,
            "pr_auc": 0.010803210332736646
        },
        "sampler": {
            "roc_auc": 0.7495647871580144,
            "pr_auc": 0.10025699984053449
        },
        "beat": {
            "roc_auc": 0.8630038798226103,
            "pr_auc": 0.08559284589645595
        },
        "saxophone": {
            "roc_auc": 0.5456805051726454,
            "pr_auc": 0.05659639725948807
        },
        "brass": {
            "roc_auc": 0.5659382952202061,
            "pr_auc": 0.01746764368701998
        },
        "drummachine": {
            "roc_auc": 0.7635581702426186,
            "pr_auc": 0.1572624683805503
        },
        "acousticbassguitar": {
            "roc_auc": 0.3566548697479414,
            "pr_auc": 0.011496052925648429
        },
        "rhodes": {
            "roc_auc": 0.5661336687028387,
            "pr_auc": 0.01188090737511343
        },
        "doublebass": {
            "roc_auc": 0.5972734799885356,
            "pr_auc": 0.029239850809136537
        },
        "percussion": {
            "roc_auc": 0.569693861305528,
            "pr_auc": 0.05517721952077621
        },
        "synthesizer": {
            "roc_auc": 0.4700056618431776,
            "pr_auc": 0.2738676517596018
        },
        "piano": {
            "roc_auc": 0.7870661479449429,
            "pr_auc": 0.7137475472255179
        },
        "violin": {
            "roc_auc": 0.6157779026842068,
            "pr_auc": 0.09772759972737315
        },
        "computer": {
            "roc_auc": 0.7834527075461859,
            "pr_auc": 0.2894451181891135
        },
        "bass": {
            "roc_auc": 0.5697961213870304,
            "pr_auc": 0.2994222048620322
        },
        "oboe": {
            "roc_auc": 0.6134886728213187,
            "pr_auc": 0.014955795031938673
        },
        "drums": {
            "roc_auc": 0.49760532997543505,
            "pr_auc": 0.2468583272464962
        },
        "electricguitar": {
            "roc_auc": 0.7839205098501378,
            "pr_auc": 0.43152075150060915
        },
        "pad": {
            "roc_auc": 0.4811759313821777,
            "pr_auc": 0.00441913936692908
        }
    }
}