{
    "macro_roc": 0.7759120988691126,
    "macro_pr": 0.26010100806369907,
    "macro_fl": 0.3186137811445821,
    "avg_macro_f1": 0.5131004950219547,
    "avg_fscore_weighted": 0.9094692060571407,
    "tag_wise": {
        "guitar": {
            "roc_auc": 0.7864751436009754,
            "pr_auc": 0.6211328629488693
        },
        "classical": {
            "roc_auc": 0.8651949405131077,
            "pr_auc": 0.47728516049701275
        },
        "slow": {
            "roc_auc": 0.7472013993179346,
            "pr_auc": 0.33644613427684117
        },
        "techno": {
            "roc_auc": 0.9270936150317163,
            "pr_auc": 0.708657916494759
        },
        "strings": {
            "roc_auc": 0.7499613295419097,
            "pr_auc": 0.22142907254882627
        },
        "drums": {
            "roc_auc": 0.5884154640599353,
            "pr_auc": 0.15427302284089586
        },
        "electronic": {
            "roc_auc": 0.8805348943792258,
            "pr_auc": 0.3885322422256929
        },
        "rock": {
            "roc_auc": 0.8907271103431661,
            "pr_auc": 0.6720914869400049
        },
        "fast": {
            "roc_auc": 0.7759802876300139,
            "pr_auc": 0.2564412602354814
        },
        "piano": {
            "roc_auc": 0.9361086564484988,
            "pr_auc": 0.8125670285530183
        },
        "ambient": {
            "roc_auc": 0.9453364370902381,
            "pr_auc": 0.6879539134992898
        },
        "beat": {
            "roc_auc": 0.7506042837815772,
            "pr_auc": 0.1649057597662355
        },
        "violin": {
            "roc_auc": 0.838977084039264,
            "pr_auc": 0.42040450628612785
        },
        "vocal": {
            "roc_auc": 0.678521350051174,
            "pr_auc": 0.1848796272782331
        },
        "synth": {
            "roc_auc": 0.8296086805082308,
            "pr_auc": 0.22969270994049873
        },
        "female": {
            "roc_auc": 0.9182591735638209,
            "pr_auc": 0.5810986522696494
        },
        "indian": {
            "roc_auc": 0.7263729246487867,
            "pr_auc": 0.0896756402576193
        },
        "opera": {
            "roc_auc": 0.9522728611701576,
            "pr_auc": 0.7218056365485437
        },
        "male": {
            "roc_auc": 0.6964845728673162,
            "pr_auc": 0.20284290694278606
        },
        "singing": {
            "roc_auc": 0.6935633525482506,
            "pr_auc": 0.14521635759798476
        },
        "vocals": {
            "roc_auc": 0.622405218457228,
            "pr_auc": 0.09422088437343493
        },
        "no vocals": {
            "roc_auc": 0.49380864163624827,
            "pr_auc": 0.05775330236892548
        },
        "harpsichord": {
            "roc_auc": 0.7771149653843354,
            "pr_auc": 0.08901750669475779
        },
        "loud": {
            "roc_auc": 0.8388133997890095,
            "pr_auc": 0.31352971072506597
        },
        "quiet": {
            "roc_auc": 0.8065898391835963,
            "pr_auc": 0.15668741778225947
        },
        "flute": {
            "roc_auc": 0.8894706457056577,
            "pr_auc": 0.22211083542363272
        },
        "woman": {
            "roc_auc": 0.9194069104615599,
            "pr_auc": 0.4453908239458514
        },
        "male vocal": {
            "roc_auc": 0.667442694445569,
            "pr_auc": 0.07843008232578066
        },
        "no vocal": {
            "roc_auc": 0.5105701489533011,
            "pr_auc": 0.049744256110368645
        },
        "pop": {
            "roc_auc": 0.912741039355781,
            "pr_auc": 0.32615599775464926
        },
        "soft": {
            "roc_auc": 0.7602912261340242,
            "pr_auc": 0.13637542243045725
        },
        "sitar": {
            "roc_auc": 0.46733880313354653,
            "pr_auc": 0.02079546657333852
        },
        "solo": {
            "roc_auc": 0.6557202862969042,
            "pr_auc": 0.04961309800928179
        },
        "man": {
            "roc_auc": 0.472337383845604,
            "pr_auc": 0.02737371003274144
        },
        "classic": {
            "roc_auc": 0.8229555144050644,
            "pr_auc": 0.11323711305891514
        },
        "choir": {
            "roc_auc": 0.8843945103918508,
            "pr_auc": 0.27929471862064903
        },
        "voice": {
            "roc_auc": 0.6067027463108005,
            "pr_auc": 0.04559015326005325
        },
        "new age": {
            "roc_auc": 0.739961759082218,
            "pr_auc": 0.0678754615895054
        },
        "dance": {
            "roc_auc": 0.9455228210770629,
            "pr_auc": 0.4388852131291118
        },
        "male voice": {
            "roc_auc": 0.638448658541334,
            "pr_auc": 0.06915518902592437
        },
        "female vocal": {
            "roc_auc": 0.9246419582933845,
            "pr_auc": 0.3274454047723864
        },
        "beats": {
            "roc_auc": 0.7637332347305792,
            "pr_auc": 0.08253603259831736
        },
        "harp": {
            "roc_auc": 0.6038420729323728,
            "pr_auc": 0.043641072876346616
        },
        "cello": {
            "roc_auc": 0.8728200371057515,
            "pr_auc": 0.01935772378332814
        },
        "no voice": {
            "roc_auc": 0.5290109926061637,
            "pr_auc": 0.03324498828295963
        },
        "weird": {
            "roc_auc": 0.7993007844370026,
            "pr_auc": 0.11718546550718366
        },
        "country": {
            "roc_auc": 0.9274903326276005,
            "pr_auc": 0.238394130222491
        },
        "metal": {
            "roc_auc": 0.9735642966744479,
            "pr_auc": 0.6451867853341255
        },
        "female voice": {
            "roc_auc": 0.9116799342571112,
            "pr_auc": 0.21575794918024988
        },
        "choral": {
            "roc_auc": 0.8797905260652226,
            "pr_auc": 0.12373258944449032
        }
    }
}