{
    "macro_roc": 0.7665067466762207,
    "macro_pr": 0.18981677080325104,
    "macro_fl": 0.25296615565371516,
    "avg_macro_f1": 0.5352880113512856,
    "avg_fscore_weighted": 0.9315280625223823,
    "tag_wise": {
        "electricpiano": {
            "roc_auc": 0.6563856738363718,
            "pr_auc": 0.08335829480881538
        },
        "bongo": {
            "roc_auc": 0.7639332922018435,
            "pr_auc": 0.011618796284531543
        },
        "accordion": {
            "roc_auc": 0.8003507630912616,
            "pr_auc": 0.18636475741117867
        },
        "cello": {
            "roc_auc": 0.7118931353952752,
            "pr_auc": 0.1274266168563771
        },
        "acousticguitar": {
            "roc_auc": 0.8262153539286092,
            "pr_auc": 0.3979519623540373
        },
        "voice": {
            "roc_auc": 0.8194113683325924,
            "pr_auc": 0.22629389117248075
        },
        "organ": {
            "roc_auc": 0.7501747030048918,
            "pr_auc": 0.018115848158131415
        },
        "classicalguitar": {
            "roc_auc": 0.733842536213845,
            "pr_auc": 0.09692320000854932
        },
        "orchestra": {
            "roc_auc": 0.7117873085306501,
            "pr_auc": 0.10593421845286125
        },
        "harp": {
            "roc_auc": 0.7105246939609594,
            "pr_auc": 0.05319895204868723
        },
        "guitar": {
            "roc_auc": 0.781394415405001,
            "pr_auc": 0.34580350027506346
        },
        "strings": {
            "roc_auc": 0.8129120803046037,
            "pr_auc": 0.1941270484050334
        },
        "horn": {
            "roc_auc": 0.8701365432985986,
            "pr_auc": 0.13143860731043117
        },
        "trombone": {
            "roc_auc": 0.8190867882808182,
            "pr_auc": 0.0684310781267558
        },
        "trumpet": {
            "roc_auc": 0.8197100993199576,
            "pr_auc": 0.12687551390321136
        },
        "harmonica": {
            "roc_auc": 0.8208834729626809,
            "pr_auc": 0.06146355092105652
        },
        "flute": {
            "roc_auc": 0.8031765551063494,
            "pr_auc": 0.09898876081148412
        },
        "keyboard": {
            "roc_auc": 0.7928949446059633,
            "pr_auc": 0.3351649913676545
        },
        "viola": {
            "roc_auc": 0.7752252681144993,
            "pr_auc": 0.05278554662207977
        },
        "pipeorgan": {
            "roc_auc": 0.6128411266557434,
            "pr_auc": 0.024282200220653555
        },
        "bell": {
            "roc_auc": 0.7854297870490619,
            "pr_auc": 0.0657205044531192
        },
        "clarinet": {
            "roc_auc": 0.642846114918473,
            "pr_auc": 0.017207310053449304
        },
        "sampler": {
            "roc_auc": 0.7647625504912342,
            "pr_auc": 0.07852408539955044
        },
        "beat": {
            "roc_auc": 0.9254440524030391,
            "pr_auc": 0.2026955067735625
        },
        "saxophone": {
            "roc_auc": 0.8463749331520866,
            "pr_auc": 0.2935389868938285
        },
        "brass": {
            "roc_auc": 0.6058407577820285,
            "pr_auc": 0.02427835885968472
        },
        "drummachine": {
            "roc_auc": 0.8118146189998119,
            "pr_auc": 0.1420794399122492
        },
        "acousticbassguitar": {
            "roc_auc": 0.7832014558470155,
            "pr_auc": 0.046012720299965774
        },
        "rhodes": {
            "roc_auc": 0.7719080129356809,
            "pr_auc": 0.03609261806260836
        },
        "doublebass": {
            "roc_auc": 0.67367477787646,
            "pr_auc": 0.059587254775803004
        },
        "percussion": {
            "roc_auc": 0.8693887503954955,
            "pr_auc": 0.5172557170681914
        },
        "synthesizer": {
            "roc_auc": 0.7818732051938075,
            "pr_auc": 0.49212618412957504
        },
        "piano": {
            "roc_auc": 0.852627482477459,
            "pr_auc": 0.7938900042778534
        },
        "violin": {
            "roc_auc": 0.6832951149518594,
            "pr_auc": 0.19302587626775403
        },
        "computer": {
            "roc_auc": 0.7500441053885963,
            "pr_auc": 0.24584861257147164
        },
        "bass": {
            "roc_auc": 0.8293027679391315,
            "pr_auc": 0.5492808821930297
        },
        "oboe": {
            "roc_auc": 0.5528997250049106,
            "pr_auc": 0.012230891382363369
        },
        "drums": {
            "roc_auc": 0.8218074850855644,
            "pr_auc": 0.5742549794270425
        },
        "electricguitar": {
            "roc_auc": 0.8114494960926133,
            "pr_auc": 0.49218362491820233
        },
        "pad": {
            "roc_auc": 0.7035045505139789,
            "pr_auc": 0.010289938891663618
        }
    }
}