{
    "macro_roc": 0.5632503576887705,
    "macro_pr": 0.6031078420576631,
    "macro_fl": 0.6996418126327475,
    "avg_macro_f1": 0.31276322025812525,
    "avg_fscore_weighted": 0.32862013109390703,
    "tag_wise": {
        "low-range": {
            "roc_auc": 0.45690909090909093,
            "pr_auc": 0.19569048654736992
        },
        "mid-range": {
            "roc_auc": 0.3900665875066937,
            "pr_auc": 0.8728650472703574
        },
        "high-range": {
            "roc_auc": 0.44974041643511914,
            "pr_auc": 0.28228352699181936
        },
        "husky/throaty": {
            "roc_auc": 0.36144491663942463,
            "pr_auc": 0.3370763250634886
        },
        "thick": {
            "roc_auc": 0.49164242263951335,
            "pr_auc": 0.2916849990358257
        },
        "thin": {
            "roc_auc": 0.4700368822435922,
            "pr_auc": 0.4880782186963881
        },
        "warm": {
            "roc_auc": 0.6551374025435034,
            "pr_auc": 0.7966098756898045
        },
        "lonely": {
            "roc_auc": 0.7641810131855571,
            "pr_auc": 0.8472507178044079
        },
        "passion": {
            "roc_auc": 0.4469037037037037,
            "pr_auc": 0.4780017118508675
        },
        "pretty": {
            "roc_auc": 0.611382817472856,
            "pr_auc": 0.4187597858641373
        },
        "sad": {
            "roc_auc": 0.7515601206294229,
            "pr_auc": 0.7148227093929047
        },
        "bright": {
            "roc_auc": 0.7421648325796586,
            "pr_auc": 0.6818017542166683
        },
        "clear": {
            "roc_auc": 0.5943459942752389,
            "pr_auc": 0.7762636887555957
        },
        "relaxed": {
            "roc_auc": 0.6011131393392748,
            "pr_auc": 0.7681482783920124
        },
        "cute": {
            "roc_auc": 0.6185789294108727,
            "pr_auc": 0.18041121160345736
        },
        "dark": {
            "roc_auc": 0.4380511686502979,
            "pr_auc": 0.26752699935424973
        },
        "delicate": {
            "roc_auc": 0.5613456685485532,
            "pr_auc": 0.7079768676560371
        },
        "emotional": {
            "roc_auc": 0.8212252874435548,
            "pr_auc": 0.9368925136842172
        },
        "energetic": {
            "roc_auc": 0.6456887561317901,
            "pr_auc": 0.7057856976153036
        },
        "male": {
            "roc_auc": 0.9408327840035159,
            "pr_auc": 0.9182283287139247
        },
        "female": {
            "roc_auc": 0.9488418132415621,
            "pr_auc": 0.9519029177704008
        },
        "mild/soft": {
            "roc_auc": 0.5919536855838226,
            "pr_auc": 0.8298404316043179
        },
        "charismatic": {
            "roc_auc": 0.5531847416278554,
            "pr_auc": 0.48764823110168215
        },
        "whisper/quiet": {
            "roc_auc": 0.5974613333333333,
            "pr_auc": 0.5375822801359315
        },
        "sharp": {
            "roc_auc": 0.5772703230160323,
            "pr_auc": 0.4317880932401436
        },
        "pure": {
            "roc_auc": 0.504145193325692,
            "pr_auc": 0.4061346271366841
        },
        "rich": {
            "roc_auc": 0.5452630353817505,
            "pr_auc": 0.6783144894690373
        },
        "robotic/artificial": {
            "roc_auc": 0.5086509717475597,
            "pr_auc": 0.17343464185514557
        },
        "rounded": {
            "roc_auc": 0.5949408556452755,
            "pr_auc": 0.6648648614473681
        },
        "embellishing": {
            "roc_auc": 0.450879846377378,
            "pr_auc": 0.5347935783048295
        },
        "stable": {
            "roc_auc": 0.36441295546558705,
            "pr_auc": 0.8555045481898218
        },
        "sweet": {
            "roc_auc": 0.5293416760675465,
            "pr_auc": 0.45564535824458247
        },
        "young": {
            "roc_auc": 0.43742724097788127,
            "pr_auc": 0.5924650251751151
        },
        "soulful/r&b": {
            "roc_auc": 0.5087009923805176,
            "pr_auc": 0.7580894826640926
        },
        "ballad": {
            "roc_auc": 0.5718052208538467,
            "pr_auc": 0.7377125389133512
        },
        "shouty": {
            "roc_auc": 0.4989105768775325,
            "pr_auc": 0.4244110838853344
        },
        "vibrato": {
            "roc_auc": 0.48916084547210337,
            "pr_auc": 0.768437312196478
        },
        "falsetto": {
            "roc_auc": 0.5326369483255711,
            "pr_auc": 0.629549150533244
        },
        "breathy": {
            "roc_auc": 0.5295867768595042,
            "pr_auc": 0.9659313272978327
        },
        "compressed": {
            "roc_auc": 0.48769250350006366,
            "pr_auc": 0.7179393038132156
        },
        "dynamic": {
            "roc_auc": 0.528862181507473,
            "pr_auc": 0.702288748733906
        },
        "speech-like": {
            "roc_auc": 0.49303337106924006,
            "pr_auc": 0.3600925905104972
        }
    }
}