{
    "macro_roc": 0.6369398080875757,
    "macro_pr": 0.06875902000106701,
    "macro_fl": 0.11721467106251626,
    "avg_macro_f1": 0.49821832469308064,
    "avg_fscore_weighted": 0.8940214210507726,
    "tag_wise": {
        "movie": {
            "roc_auc": 0.541906380413373,
            "pr_auc": 0.025727127801996583
        },
        "hopeful": {
            "roc_auc": 0.5878034694920148,
            "pr_auc": 0.013784689704012965
        },
        "calm": {
            "roc_auc": 0.7060790529357308,
            "pr_auc": 0.04712640860950309
        },
        "soundscape": {
            "roc_auc": 0.6022091286579461,
            "pr_auc": 0.008772856344783489
        },
        "dream": {
            "roc_auc": 0.6179193316399914,
            "pr_auc": 0.0866179395249434
        },
        "game": {
            "roc_auc": 0.545523664011059,
            "pr_auc": 0.019940676141430337
        },
        "action": {
            "roc_auc": 0.5479213002566296,
            "pr_auc": 0.019254901390604935
        },
        "uplifting": {
            "roc_auc": 0.5110264755441682,
            "pr_auc": 0.02585495280802764
        },
        "deep": {
            "roc_auc": 0.863353527861674,
            "pr_auc": 0.2100386116344202
        },
        "groovy": {
            "roc_auc": 0.5860871443349361,
            "pr_auc": 0.019325239199361233
        },
        "melodic": {
            "roc_auc": 0.5063675755654196,
            "pr_auc": 0.06988343993476161
        },
        "meditative": {
            "roc_auc": 0.7139265854150461,
            "pr_auc": 0.08138028628770061
        },
        "party": {
            "roc_auc": 0.8615726227795194,
            "pr_auc": 0.09595468930567898
        },
        "cool": {
            "roc_auc": 0.8104277694154021,
            "pr_auc": 0.09129687982123104
        },
        "fun": {
            "roc_auc": 0.7500856576199042,
            "pr_auc": 0.0653355071930179
        },
        "commercial": {
            "roc_auc": 0.6438245556131831,
            "pr_auc": 0.08093087607791039
        },
        "documentary": {
            "roc_auc": 0.5776533529363718,
            "pr_auc": 0.04015410483235538
        },
        "slow": {
            "roc_auc": 0.7827923328577087,
            "pr_auc": 0.06462654104513857
        },
        "motivational": {
            "roc_auc": 0.5153614600491524,
            "pr_auc": 0.048160491269975556
        },
        "relaxing": {
            "roc_auc": 0.734367083698463,
            "pr_auc": 0.16675204139157573
        },
        "powerful": {
            "roc_auc": 0.6850288016798616,
            "pr_auc": 0.1114100959314771
        },
        "love": {
            "roc_auc": 0.667978887606694,
            "pr_auc": 0.1109716288688622
        },
        "romantic": {
            "roc_auc": 0.7679683439244815,
            "pr_auc": 0.08845459400964434
        },
        "sad": {
            "roc_auc": 0.6162086811866547,
            "pr_auc": 0.06813085449170768
        },
        "dark": {
            "roc_auc": 0.7854987223543923,
            "pr_auc": 0.26438807377462903
        },
        "heavy": {
            "roc_auc": 0.8746837850689491,
            "pr_auc": 0.24375332291405305
        },
        "sport": {
            "roc_auc": 0.29334514985497906,
            "pr_auc": 0.009129162659377648
        },
        "melancholic": {
            "roc_auc": 0.5969113729289246,
            "pr_auc": 0.02916056395890263
        },
        "energetic": {
            "roc_auc": 0.6168361697222569,
            "pr_auc": 0.11890060751586581
        },
        "summer": {
            "roc_auc": 0.4272935919504306,
            "pr_auc": 0.030823819364385892
        },
        "trailer": {
            "roc_auc": 0.44753042233357193,
            "pr_auc": 0.007967454357879647
        },
        "christmas": {
            "roc_auc": 0.6284523565923197,
            "pr_auc": 0.0685040484166053
        },
        "soft": {
            "roc_auc": 0.6997172867083177,
            "pr_auc": 0.05411009395488718
        },
        "travel": {
            "roc_auc": 0.5437654294252674,
            "pr_auc": 0.008982024702118306
        },
        "film": {
            "roc_auc": 0.7536135621722742,
            "pr_auc": 0.2948010429925483
        },
        "dramatic": {
            "roc_auc": 0.5454518026024181,
            "pr_auc": 0.022991133068157275
        },
        "sexy": {
            "roc_auc": 0.7497301747004481,
            "pr_auc": 0.016551835585530198
        },
        "epic": {
            "roc_auc": 0.770645318145545,
            "pr_auc": 0.13433553244458943
        },
        "upbeat": {
            "roc_auc": 0.7159613059250302,
            "pr_auc": 0.05695408969566639
        },
        "ballad": {
            "roc_auc": 0.7635963332597507,
            "pr_auc": 0.06269970511280354
        },
        "inspiring": {
            "roc_auc": 0.5293151210949285,
            "pr_auc": 0.048104892202154234
        },
        "funny": {
            "roc_auc": 0.5626151137594799,
            "pr_auc": 0.021317915806482835
        },
        "advertising": {
            "roc_auc": 0.4849099058339516,
            "pr_auc": 0.03558407810382501
        },
        "corporate": {
            "roc_auc": 0.43869329943958196,
            "pr_auc": 0.027257282920003758
        },
        "happy": {
            "roc_auc": 0.6504281695107437,
            "pr_auc": 0.19216644291157295
        },
        "background": {
            "roc_auc": 0.4479421401742188,
            "pr_auc": 0.012690012368268623
        },
        "positive": {
            "roc_auc": 0.651685049918351,
            "pr_auc": 0.03807479217357256
        },
        "fast": {
            "roc_auc": 0.8098771121351767,
            "pr_auc": 0.023484140377735576
        },
        "adventure": {
            "roc_auc": 0.5034362492853058,
            "pr_auc": 0.023068398516831144
        },
        "retro": {
            "roc_auc": 0.7246163396711277,
            "pr_auc": 0.024152770043539464
        },
        "emotional": {
            "roc_auc": 0.5926883635169609,
            "pr_auc": 0.11910272844905363
        },
        "holiday": {
            "roc_auc": 0.7139057328802114,
            "pr_auc": 0.019743611737420314
        },
        "drama": {
            "roc_auc": 0.6120481927710844,
            "pr_auc": 0.02352312986628357
        },
        "children": {
            "roc_auc": 0.8137553272501369,
            "pr_auc": 0.12270157996485867
        },
        "space": {
            "roc_auc": 0.49229520280500444,
            "pr_auc": 0.013575143067954126
        },
        "nature": {
            "roc_auc": 0.683991963617717,
            "pr_auc": 0.022020257412075382
        }
    }
}