{
    "macro_roc": 0.8286987050668186,
    "macro_pr": 0.2974212856542099,
    "macro_fl": 0.34941243699627783,
    "avg_macro_f1": 0.5769194842140618,
    "avg_fscore_weighted": 0.9283500434941285,
    "tag_wise": {
        "downtempo": {
            "roc_auc": 0.8548943425760286,
            "pr_auc": 0.07373049288793126
        },
        "electricpiano": {
            "roc_auc": 0.6385239429472583,
            "pr_auc": 0.03243623341826693
        },
        "classical": {
            "roc_auc": 0.9420219611159558,
            "pr_auc": 0.688353458350251
        },
        "acousticguitar": {
            "roc_auc": 0.8200886491266081,
            "pr_auc": 0.20044767128269542
        },
        "chillout": {
            "roc_auc": 0.8351547200021172,
            "pr_auc": 0.2693551534335141
        },
        "easylistening": {
            "roc_auc": 0.7659167373681177,
            "pr_auc": 0.22525398987117348
        },
        "voice": {
            "roc_auc": 0.8128367141482516,
            "pr_auc": 0.13186736784650144
        },
        "soundtrack": {
            "roc_auc": 0.7832933113490581,
            "pr_auc": 0.43012055435434043
        },
        "guitar": {
            "roc_auc": 0.771556630955041,
            "pr_auc": 0.18087882972568484
        },
        "strings": {
            "roc_auc": 0.8266971177038109,
            "pr_auc": 0.08766097078142908
        },
        "instrumentalpop": {
            "roc_auc": 0.811250056608125,
            "pr_auc": 0.10682796351072965
        },
        "rock": {
            "roc_auc": 0.9330015080973028,
            "pr_auc": 0.666553562730094
        },
        "relaxing": {
            "roc_auc": 0.7912397250582464,
            "pr_auc": 0.09677255750848007
        },
        "keyboard": {
            "roc_auc": 0.744577211865581,
            "pr_auc": 0.30630912441619457
        },
        "pop": {
            "roc_auc": 0.8278537227708815,
            "pr_auc": 0.4409781498181866
        },
        "ambient": {
            "roc_auc": 0.870979426472636,
            "pr_auc": 0.5651694256934772
        },
        "happy": {
            "roc_auc": 0.7759348339081504,
            "pr_auc": 0.1811808431065218
        },
        "energetic": {
            "roc_auc": 0.7127551242703316,
            "pr_auc": 0.05192927598852698
        },
        "reggae": {
            "roc_auc": 0.9380019383664489,
            "pr_auc": 0.44976111016379977
        },
        "funk": {
            "roc_auc": 0.894335767748502,
            "pr_auc": 0.24360508177541143
        },
        "popfolk": {
            "roc_auc": 0.9236253006991652,
            "pr_auc": 0.31385352477408457
        },
        "film": {
            "roc_auc": 0.8157788707131851,
            "pr_auc": 0.21475137889305623
        },
        "trance": {
            "roc_auc": 0.9491150729335495,
            "pr_auc": 0.3718282390446628
        },
        "drummachine": {
            "roc_auc": 0.7364383200104645,
            "pr_auc": 0.04951267731492748
        },
        "orchestral": {
            "roc_auc": 0.8704351327489205,
            "pr_auc": 0.32189144613288023
        },
        "experimental": {
            "roc_auc": 0.8592451622387113,
            "pr_auc": 0.4867130490835994
        },
        "lounge": {
            "roc_auc": 0.8457706965841034,
            "pr_auc": 0.13080099903751247
        },
        "hiphop": {
            "roc_auc": 0.974564902387347,
            "pr_auc": 0.7988690000387689
        },
        "folk": {
            "roc_auc": 0.925648817725021,
            "pr_auc": 0.4263228747163929
        },
        "synthesizer": {
            "roc_auc": 0.7005789921612223,
            "pr_auc": 0.23460190248270427
        },
        "electronic": {
            "roc_auc": 0.8569602353258688,
            "pr_auc": 0.6985969713192959
        },
        "piano": {
            "roc_auc": 0.8349164319878796,
            "pr_auc": 0.5976137162314316
        },
        "violin": {
            "roc_auc": 0.7249782137734373,
            "pr_auc": 0.09884354666279006
        },
        "dance": {
            "roc_auc": 0.9055018705454752,
            "pr_auc": 0.3919435050912214
        },
        "newage": {
            "roc_auc": 0.8096411564175376,
            "pr_auc": 0.08972696767610325
        },
        "alternative": {
            "roc_auc": 0.7786795828517034,
            "pr_auc": 0.203438929873907
        },
        "triphop": {
            "roc_auc": 0.9221134445629028,
            "pr_auc": 0.224383573222604
        },
        "bass": {
            "roc_auc": 0.7870862758128713,
            "pr_auc": 0.2999044458595288
        },
        "computer": {
            "roc_auc": 0.6299212619852365,
            "pr_auc": 0.08034571399601706
        },
        "indie": {
            "roc_auc": 0.8846140913598612,
            "pr_auc": 0.3105018718114477
        },
        "techno": {
            "roc_auc": 0.924673506041006,
            "pr_auc": 0.3247841442008267
        },
        "emotional": {
            "roc_auc": 0.7017190781221955,
            "pr_auc": 0.0787138910066427
        },
        "metal": {
            "roc_auc": 0.9493574214013011,
            "pr_auc": 0.666879790955702
        },
        "drums": {
            "roc_auc": 0.7872930809185789,
            "pr_auc": 0.3326305270982124
        },
        "poprock": {
            "roc_auc": 0.8733531087429358,
            "pr_auc": 0.24619513863041861
        },
        "house": {
            "roc_auc": 0.9611248081376381,
            "pr_auc": 0.534075974940088
        },
        "electricguitar": {
            "roc_auc": 0.7956747591702089,
            "pr_auc": 0.22946803357463633
        },
        "jazz": {
            "roc_auc": 0.8943210301577237,
            "pr_auc": 0.4860184104602584
        },
        "atmospheric": {
            "roc_auc": 0.7154023240216272,
            "pr_auc": 0.05918742456350379
        },
        "world": {
            "roc_auc": 0.7454888613448065,
            "pr_auc": 0.13947479735405785
        }
    }
}