{
    "macro_roc": 0.6358107855313168,
    "macro_pr": 0.0641948367911151,
    "macro_fl": 0.11701693663891811,
    "avg_macro_f1": 0.5059334172747577,
    "avg_fscore_weighted": 0.9146246083550531,
    "tag_wise": {
        "movie": {
            "roc_auc": 0.46479521040240734,
            "pr_auc": 0.019361225957069787
        },
        "hopeful": {
            "roc_auc": 0.6047899868950045,
            "pr_auc": 0.014885916643746333
        },
        "calm": {
            "roc_auc": 0.6375543523999214,
            "pr_auc": 0.026376543309887687
        },
        "soundscape": {
            "roc_auc": 0.7775197360862643,
            "pr_auc": 0.02015070440841512
        },
        "dream": {
            "roc_auc": 0.6305000459038468,
            "pr_auc": 0.08986359778586317
        },
        "game": {
            "roc_auc": 0.6550074575284659,
            "pr_auc": 0.02772611553913274
        },
        "action": {
            "roc_auc": 0.41462360992301117,
            "pr_auc": 0.010557399427875789
        },
        "uplifting": {
            "roc_auc": 0.4905523624864391,
            "pr_auc": 0.025255455208544768
        },
        "deep": {
            "roc_auc": 0.6380549780879264,
            "pr_auc": 0.04686183812661661
        },
        "groovy": {
            "roc_auc": 0.5272311837124442,
            "pr_auc": 0.019171268027246516
        },
        "melodic": {
            "roc_auc": 0.4777978310001138,
            "pr_auc": 0.054933353704000806
        },
        "meditative": {
            "roc_auc": 0.7318444406027602,
            "pr_auc": 0.10050278882058057
        },
        "party": {
            "roc_auc": 0.8357932776036225,
            "pr_auc": 0.0789369880161569
        },
        "cool": {
            "roc_auc": 0.6495819942231804,
            "pr_auc": 0.04505708035754443
        },
        "fun": {
            "roc_auc": 0.7473808535452371,
            "pr_auc": 0.0400076138414223
        },
        "commercial": {
            "roc_auc": 0.7077154745626856,
            "pr_auc": 0.08213571258682292
        },
        "documentary": {
            "roc_auc": 0.5932361349342482,
            "pr_auc": 0.043004110697850095
        },
        "slow": {
            "roc_auc": 0.734075163168203,
            "pr_auc": 0.0503688736433612
        },
        "motivational": {
            "roc_auc": 0.4587663995032128,
            "pr_auc": 0.04451537846131319
        },
        "relaxing": {
            "roc_auc": 0.74242221705127,
            "pr_auc": 0.17389327628175635
        },
        "powerful": {
            "roc_auc": 0.6846655883771744,
            "pr_auc": 0.1331325083218778
        },
        "love": {
            "roc_auc": 0.6628858148672929,
            "pr_auc": 0.09539647834403708
        },
        "romantic": {
            "roc_auc": 0.7600710920340035,
            "pr_auc": 0.0804390421708717
        },
        "sad": {
            "roc_auc": 0.661499293657884,
            "pr_auc": 0.09432047006668937
        },
        "dark": {
            "roc_auc": 0.7809939201691779,
            "pr_auc": 0.2440013937363522
        },
        "heavy": {
            "roc_auc": 0.8720684736091298,
            "pr_auc": 0.1362190444716944
        },
        "sport": {
            "roc_auc": 0.45743366634439786,
            "pr_auc": 0.013069164702070257
        },
        "melancholic": {
            "roc_auc": 0.70831730609415,
            "pr_auc": 0.04807426689700323
        },
        "energetic": {
            "roc_auc": 0.6517770420677482,
            "pr_auc": 0.12350148590366594
        },
        "summer": {
            "roc_auc": 0.37721938538371047,
            "pr_auc": 0.029782213957267017
        },
        "trailer": {
            "roc_auc": 0.7007814364113576,
            "pr_auc": 0.015685039658699565
        },
        "christmas": {
            "roc_auc": 0.6542459586658482,
            "pr_auc": 0.06143004788426218
        },
        "soft": {
            "roc_auc": 0.7321990785360893,
            "pr_auc": 0.06490890241656537
        },
        "travel": {
            "roc_auc": 0.586534713499935,
            "pr_auc": 0.022942847749677194
        },
        "film": {
            "roc_auc": 0.6980114009938195,
            "pr_auc": 0.21087251789161246
        },
        "dramatic": {
            "roc_auc": 0.55628058280122,
            "pr_auc": 0.023594149412359967
        },
        "sexy": {
            "roc_auc": 0.7035214488246593,
            "pr_auc": 0.014488642058815162
        },
        "epic": {
            "roc_auc": 0.7688585195163544,
            "pr_auc": 0.22670768477830167
        },
        "upbeat": {
            "roc_auc": 0.7168883514711808,
            "pr_auc": 0.059047913102203
        },
        "ballad": {
            "roc_auc": 0.6878420141511077,
            "pr_auc": 0.04545920172926651
        },
        "inspiring": {
            "roc_auc": 0.47539427850462157,
            "pr_auc": 0.040011792536022245
        },
        "funny": {
            "roc_auc": 0.6823097237269772,
            "pr_auc": 0.025727444105506616
        },
        "advertising": {
            "roc_auc": 0.6064857544443841,
            "pr_auc": 0.08104658195826808
        },
        "corporate": {
            "roc_auc": 0.5060123519301183,
            "pr_auc": 0.03401011876018516
        },
        "happy": {
            "roc_auc": 0.6791817964880068,
            "pr_auc": 0.20667769374736503
        },
        "background": {
            "roc_auc": 0.5203068808439223,
            "pr_auc": 0.016008801465587835
        },
        "positive": {
            "roc_auc": 0.6055900241524638,
            "pr_auc": 0.041121655093081785
        },
        "fast": {
            "roc_auc": 0.633694316436252,
            "pr_auc": 0.035224862825673275
        },
        "adventure": {
            "roc_auc": 0.5242389937106918,
            "pr_auc": 0.025702070333339128
        },
        "retro": {
            "roc_auc": 0.6734447861174874,
            "pr_auc": 0.06772679083608654
        },
        "emotional": {
            "roc_auc": 0.5425955393902655,
            "pr_auc": 0.10615182835423359
        },
        "holiday": {
            "roc_auc": 0.7156771284511673,
            "pr_auc": 0.022870678420954922
        },
        "drama": {
            "roc_auc": 0.6351807228915662,
            "pr_auc": 0.02828634310494909
        },
        "children": {
            "roc_auc": 0.7065610345887163,
            "pr_auc": 0.07408869016130287
        },
        "space": {
            "roc_auc": 0.6005707626105665,
            "pr_auc": 0.01870839425045112
        },
        "nature": {
            "roc_auc": 0.5568220983700267,
            "pr_auc": 0.014908858250938748
        }
    }
}