{
    "macro_roc": 0.5549507525887869,
    "macro_pr": 0.0916022878354519,
    "macro_fl": 0.13658934657915492,
    "avg_macro_f1": 0.49660610871886446,
    "avg_fscore_weighted": 0.9074477324004295,
    "tag_wise": {
        "electricpiano": {
            "roc_auc": 0.43435398142168796,
            "pr_auc": 0.033312840418308384
        },
        "bongo": {
            "roc_auc": 0.47544263091966277,
            "pr_auc": 0.004545904135515835
        },
        "accordion": {
            "roc_auc": 0.4980820109996274,
            "pr_auc": 0.02332490332506548
        },
        "cello": {
            "roc_auc": 0.6242122713235408,
            "pr_auc": 0.06370641490456655
        },
        "acousticguitar": {
            "roc_auc": 0.7680398095646689,
            "pr_auc": 0.32997974517997336
        },
        "voice": {
            "roc_auc": 0.3828856902384939,
            "pr_auc": 0.050400733899642225
        },
        "organ": {
            "roc_auc": 0.46363265781504776,
            "pr_auc": 0.004731062575301091
        },
        "classicalguitar": {
            "roc_auc": 0.4668592016470319,
            "pr_auc": 0.029366548440610644
        },
        "orchestra": {
            "roc_auc": 0.6102208429130214,
            "pr_auc": 0.04610834928001519
        },
        "harp": {
            "roc_auc": 0.5584912453696795,
            "pr_auc": 0.014448631945723833
        },
        "guitar": {
            "roc_auc": 0.6371222560893094,
            "pr_auc": 0.2768665483521766
        },
        "strings": {
            "roc_auc": 0.5561308411214954,
            "pr_auc": 0.0613319467032944
        },
        "horn": {
            "roc_auc": 0.7393424362199066,
            "pr_auc": 0.023684831884923273
        },
        "trombone": {
            "roc_auc": 0.5211077943615257,
            "pr_auc": 0.01712837570005151
        },
        "trumpet": {
            "roc_auc": 0.49027524062447236,
            "pr_auc": 0.018142563570795217
        },
        "harmonica": {
            "roc_auc": 0.6952566641279512,
            "pr_auc": 0.03882520706808683
        },
        "flute": {
            "roc_auc": 0.6610278674764595,
            "pr_auc": 0.03313461705300057
        },
        "keyboard": {
            "roc_auc": 0.27528458408203327,
            "pr_auc": 0.044247748147638655
        },
        "viola": {
            "roc_auc": 0.7487167724121216,
            "pr_auc": 0.037909236538572165
        },
        "pipeorgan": {
            "roc_auc": 0.3531197296794445,
            "pr_auc": 0.009177922122093469
        },
        "bell": {
            "roc_auc": 0.508813636684725,
            "pr_auc": 0.013846372468503036
        },
        "clarinet": {
            "roc_auc": 0.5187542350347808,
            "pr_auc": 0.009450222973365487
        },
        "sampler": {
            "roc_auc": 0.6075806878064487,
            "pr_auc": 0.041409307902752074
        },
        "beat": {
            "roc_auc": 0.8180737767460358,
            "pr_auc": 0.061303299713494325
        },
        "saxophone": {
            "roc_auc": 0.4400910975702924,
            "pr_auc": 0.029183933648615136
        },
        "brass": {
            "roc_auc": 0.6058292692734093,
            "pr_auc": 0.016585218260469946
        },
        "drummachine": {
            "roc_auc": 0.5303761035106628,
            "pr_auc": 0.054187645901344984
        },
        "acousticbassguitar": {
            "roc_auc": 0.5957686932566534,
            "pr_auc": 0.019209217744553433
        },
        "rhodes": {
            "roc_auc": 0.3794789795185052,
            "pr_auc": 0.00796818484698527
        },
        "doublebass": {
            "roc_auc": 0.4764669353497539,
            "pr_auc": 0.024203264301692496
        },
        "percussion": {
            "roc_auc": 0.5293593678521118,
            "pr_auc": 0.03956518426039779
        },
        "synthesizer": {
            "roc_auc": 0.4731318679853249,
            "pr_auc": 0.24873496991662591
        },
        "piano": {
            "roc_auc": 0.793253134462595,
            "pr_auc": 0.7400871226664674
        },
        "violin": {
            "roc_auc": 0.6091051748211034,
            "pr_auc": 0.09480688626144576
        },
        "computer": {
            "roc_auc": 0.7070484018109116,
            "pr_auc": 0.2662389368091147
        },
        "bass": {
            "roc_auc": 0.6041231579867943,
            "pr_auc": 0.3023446223765752
        },
        "oboe": {
            "roc_auc": 0.45851748183068164,
            "pr_auc": 0.004551670843986779
        },
        "drums": {
            "roc_auc": 0.4403008690626097,
            "pr_auc": 0.22376617696681914
        },
        "electricguitar": {
            "roc_auc": 0.6961322501842475,
            "pr_auc": 0.3020051735588376
        },
        "pad": {
            "roc_auc": 0.4462204543966477,
            "pr_auc": 0.0042699707506748084
        }
    }
}