{
    "macro_roc": 0.5447887506733086,
    "macro_pr": 0.5810605253675656,
    "macro_fl": 0.6903034898274504,
    "avg_macro_f1": 0.32247434982189943,
    "avg_fscore_weighted": 0.33887816706100204,
    "tag_wise": {
        "low-range": {
            "roc_auc": 0.38158677685950415,
            "pr_auc": 0.1577363545670103
        },
        "mid-range": {
            "roc_auc": 0.40146329538311093,
            "pr_auc": 0.8657456003440491
        },
        "high-range": {
            "roc_auc": 0.6755831243147445,
            "pr_auc": 0.4993799659041309
        },
        "husky/throaty": {
            "roc_auc": 0.4609393047836984,
            "pr_auc": 0.3905045821048963
        },
        "thick": {
            "roc_auc": 0.576738957947633,
            "pr_auc": 0.3638786022894921
        },
        "thin": {
            "roc_auc": 0.4599736615895358,
            "pr_auc": 0.4701837287974028
        },
        "warm": {
            "roc_auc": 0.5461886975167739,
            "pr_auc": 0.7155271719650986
        },
        "lonely": {
            "roc_auc": 0.5037614198936243,
            "pr_auc": 0.6727166247909303
        },
        "passion": {
            "roc_auc": 0.4671936507936507,
            "pr_auc": 0.4779679696909519
        },
        "pretty": {
            "roc_auc": 0.38134293158952803,
            "pr_auc": 0.29185232005906847
        },
        "sad": {
            "roc_auc": 0.7532897964058575,
            "pr_auc": 0.7275176985799647
        },
        "bright": {
            "roc_auc": 0.5745549834017304,
            "pr_auc": 0.4705984227207599
        },
        "clear": {
            "roc_auc": 0.5273266222836865,
            "pr_auc": 0.7366532690558341
        },
        "relaxed": {
            "roc_auc": 0.5978407039826561,
            "pr_auc": 0.7747959545197873
        },
        "cute": {
            "roc_auc": 0.48986371218439606,
            "pr_auc": 0.1187017851174859
        },
        "dark": {
            "roc_auc": 0.433875708977637,
            "pr_auc": 0.23581201903777882
        },
        "delicate": {
            "roc_auc": 0.6817504896256819,
            "pr_auc": 0.8009477813810599
        },
        "emotional": {
            "roc_auc": 0.6980735906095448,
            "pr_auc": 0.8881822147505901
        },
        "energetic": {
            "roc_auc": 0.66956357534323,
            "pr_auc": 0.7200117046886798
        },
        "male": {
            "roc_auc": 0.40592177543397057,
            "pr_auc": 0.3409438186821063
        },
        "female": {
            "roc_auc": 0.7780526133275977,
            "pr_auc": 0.837961402908761
        },
        "mild/soft": {
            "roc_auc": 0.6292009132420091,
            "pr_auc": 0.8597538933377389
        },
        "charismatic": {
            "roc_auc": 0.4850388112663562,
            "pr_auc": 0.3983458224239047
        },
        "whisper/quiet": {
            "roc_auc": 0.4863104,
            "pr_auc": 0.4476831033191225
        },
        "sharp": {
            "roc_auc": 0.5214150874569099,
            "pr_auc": 0.40325985948047605
        },
        "pure": {
            "roc_auc": 0.5548499855629151,
            "pr_auc": 0.4498923259730399
        },
        "rich": {
            "roc_auc": 0.5648114525139665,
            "pr_auc": 0.6769802183167095
        },
        "robotic/artificial": {
            "roc_auc": 0.6991824792051572,
            "pr_auc": 0.2804995633693307
        },
        "rounded": {
            "roc_auc": 0.5229604936959908,
            "pr_auc": 0.6172643370254719
        },
        "embellishing": {
            "roc_auc": 0.48865036408901275,
            "pr_auc": 0.5280286383603155
        },
        "stable": {
            "roc_auc": 0.5633776749566224,
            "pr_auc": 0.9179495331034768
        },
        "sweet": {
            "roc_auc": 0.5024114349677747,
            "pr_auc": 0.403269372811736
        },
        "young": {
            "roc_auc": 0.4756612610661396,
            "pr_auc": 0.6105753351596293
        },
        "soulful/r&b": {
            "roc_auc": 0.48776915468310134,
            "pr_auc": 0.7465744828915579
        },
        "ballad": {
            "roc_auc": 0.8508158508158508,
            "pr_auc": 0.9207784178704806
        },
        "shouty": {
            "roc_auc": 0.5409179573962357,
            "pr_auc": 0.4525319269626337
        },
        "vibrato": {
            "roc_auc": 0.5473216488270368,
            "pr_auc": 0.8141515210866966
        },
        "falsetto": {
            "roc_auc": 0.5511953870037702,
            "pr_auc": 0.6340577941587782
        },
        "breathy": {
            "roc_auc": 0.4829752066115703,
            "pr_auc": 0.9587755877504514
        },
        "compressed": {
            "roc_auc": 0.5404734631538755,
            "pr_auc": 0.7489810944857391
        },
        "dynamic": {
            "roc_auc": 0.4608237266135321,
            "pr_auc": 0.6361758345515764
        },
        "speech-like": {
            "roc_auc": 0.4600793829033426,
            "pr_auc": 0.34139441104304924
        }
    }
}